task,crop,dr,model,seed,score,fit_seconds,n_train,n_test,best_params,epochs_run
classification,Carrot,BOTCAST,Decision tree,0,0.7435897435897436,0.0991545538417995,319,80,"{""max_depth"": 5, ""min_samples_split"": 5}",
classification,Carrot,BOTCAST,Decision tree,1,0.7560975609756098,0.0839763260446488,319,80,"{""max_depth"": 5, ""min_samples_split"": 5}",
classification,Carrot,BOTCAST,Decision tree,2,0.7469879518072289,0.0850873868912458,319,80,"{""max_depth"": 5, ""min_samples_split"": 5}",
classification,Carrot,BOTCAST,Decision tree,3,0.7073170731707317,0.0927595170214772,319,80,"{""max_depth"": 5, ""min_samples_split"": 5}",
classification,Carrot,BOTCAST,Decision tree,4,0.6987951807228916,0.0908400770276784,319,80,"{""max_depth"": 5, ""min_samples_split"": 5}",
classification,Carrot,BOTCAST,Decision tree,5,0.6842105263157895,0.0831901272758841,319,80,"{""max_depth"": 5, ""min_samples_split"": 5}",
classification,Carrot,BOTCAST,Decision tree,6,0.725,0.0830080960877239,319,80,"{""max_depth"": 5, ""min_samples_split"": 5}",
classification,Carrot,BOTCAST,Decision tree,7,0.7045454545454546,0.0833338387310504,319,80,"{""max_depth"": 4, ""min_samples_split"": 5}",
classification,Carrot,BOTCAST,Decision tree,8,0.6904761904761905,0.0955228270031511,319,80,"{""max_depth"": 5, ""min_samples_split"": 5}",
classification,Carrot,BOTCAST,Decision tree,9,0.7435897435897436,0.0823078979738056,319,80,"{""max_depth"": 5, ""min_samples_split"": 5}",
classification,Carrot,BOTCAST,LSTM,0,0.7123287671232876,290.6486879830481,280,80,"{""K"": 2, ""units"": 32, ""dropout"": 0.4, ""lr"": 0.001}",70.0
classification,Carrot,BOTCAST,LSTM,1,0.759493670886076,285.6684730279958,280,80,"{""K"": 4, ""units"": 64, ""dropout"": 0.0, ""lr"": 0.0003}",53.0
classification,Carrot,BOTCAST,LSTM,2,0.7209302325581395,374.02464369800873,279,80,"{""K"": 6, ""units"": 64, ""dropout"": 0.2, ""lr"": 0.001}",116.0
classification,Carrot,BOTCAST,LSTM,3,0.65,266.45366890903097,280,80,"{""K"": 2, ""units"": 32, ""dropout"": 0.0, ""lr"": 0.0003}",44.0
classification,Carrot,BOTCAST,LSTM,4,0.64,278.8962538870983,280,80,"{""K"": 6, ""units"": 64, ""dropout"": 0.1, ""lr"": 0.0003}",46.0
classification,Carrot,BOTCAST,LSTM,5,0.6666666666666666,296.88921174698044,280,80,"{""K"": 6, ""units"": 64, ""dropout"": 0.0, ""lr"": 0.001}",104.0
classification,Carrot,BOTCAST,LSTM,6,0.6923076923076923,314.36606486700475,279,80,"{""K"": 2, ""units"": 64, ""dropout"": 0.4, ""lr"": 0.001}",49.0
classification,Carrot,BOTCAST,LSTM,7,0.6976744186046512,266.2269351739669,279,80,"{""K"": 2, ""units"": 64, ""dropout"": 0.4, ""lr"": 0.0003}",50.0
classification,Carrot,BOTCAST,LSTM,8,0.6976744186046512,259.2089029540075,279,80,"{""K"": 2, ""units"": 64, ""dropout"": 0.1, ""lr"": 0.001}",54.0
classification,Carrot,BOTCAST,LSTM,9,0.7272727272727273,290.592945107026,279,80,"{""K"": 4, ""units"": 32, ""dropout"": 0.4, ""lr"": 0.001}",43.0
classification,Carrot,BOTCAST,MLP,0,0.7435897435897436,105.2506926371716,280,80,"{""hidden"": [32, 16], ""dropout"": 0.1, ""lr"": 0.0003}",400.0
classification,Carrot,BOTCAST,MLP,1,0.7560975609756098,121.70514507312328,280,80,"{""hidden"": [128, 64], ""dropout"": 0.0, ""lr"": 0.001}",34.0
classification,Carrot,BOTCAST,MLP,2,0.7469879518072289,111.20396304223686,279,80,"{""hidden"": [64, 32], ""dropout"": 0.1, ""lr"": 0.0003}",216.0
classification,Carrot,BOTCAST,MLP,3,0.5428571428571428,111.6970200771466,280,80,"{""hidden"": [128, 64], ""dropout"": 0.0, ""lr"": 0.0003}",30.0
classification,Carrot,BOTCAST,MLP,4,0.5079365079365079,99.30753980763257,280,80,"{""hidden"": [128, 64], ""dropout"": 0.0, ""lr"": 0.001}",21.0
classification,Carrot,BOTCAST,MLP,5,0.7654320987654321,112.30120465392248,280,80,"{""hidden"": [64, 32], ""dropout"": 0.4, ""lr"": 0.001}",133.0
classification,Carrot,BOTCAST,MLP,6,0.725,100.00432981271295,279,80,"{""hidden"": [32, 16], ""dropout"": 0.0, ""lr"": 0.001}",85.0
classification,Carrot,BOTCAST,MLP,7,0.7380952380952381,131.83774003013968,279,80,"{""hidden"": [32, 16], ""dropout"": 0.1, ""lr"": 0.001}",82.0
classification,Carrot,BOTCAST,MLP,8,0.6976744186046512,97.91567013505846,279,80,"{""hidden"": [128, 64], ""dropout"": 0.4, ""lr"": 0.001}",84.0
classification,Carrot,BOTCAST,MLP,9,0.7710843373493976,126.78748333919792,279,80,"{""hidden"": [128, 64], ""dropout"": 0.0, ""lr"": 0.0003}",102.0
classification,Carrot,BOTCAST,Mamba SSM,0,0.6233766233766234,862.6771124377847,280,80,"{""K"": 4, ""units"": 64, ""dropout"": 0.4, ""lr"": 0.0003}",109.0
classification,Carrot,BOTCAST,Mamba SSM,1,0.6410256410256411,1176.7254526498728,280,80,"{""K"": 6, ""units"": 64, ""dropout"": 0.2, ""lr"": 0.0003}",26.0
classification,Carrot,BOTCAST,Mamba SSM,2,0.7469879518072289,1059.4600692368113,279,80,"{""K"": 4, ""units"": 64, ""dropout"": 0.2, ""lr"": 0.001}",40.0
classification,Carrot,BOTCAST,Mamba SSM,3,0.0,953.6698588151484,280,80,"{""K"": 4, ""units"": 64, ""dropout"": 0.2, ""lr"": 0.001}",21.0
classification,Carrot,BOTCAST,Mamba SSM,4,0.7045454545454546,853.0788518749177,280,80,"{""K"": 2, ""units"": 64, ""dropout"": 0.0, ""lr"": 0.0003}",24.0
classification,Carrot,BOTCAST,Mamba SSM,5,0.6933333333333334,1017.1372933941892,280,80,"{""K"": 2, ""units"": 32, ""dropout"": 0.4, ""lr"": 0.001}",54.0
classification,Carrot,BOTCAST,Mamba SSM,6,0.725,1007.39065268985,279,80,"{""K"": 4, ""units"": 64, ""dropout"": 0.1, ""lr"": 0.0003}",37.0
classification,Carrot,BOTCAST,Mamba SSM,7,0.7380952380952381,971.8686931240372,279,80,"{""K"": 2, ""units"": 32, ""dropout"": 0.3, ""lr"": 0.001}",26.0
classification,Carrot,BOTCAST,Mamba SSM,8,0.6976744186046512,974.2565975061152,279,80,"{""K"": 2, ""units"": 32, ""dropout"": 0.0, ""lr"": 0.0003}",35.0
classification,Carrot,BOTCAST,Mamba SSM,9,0.7435897435897436,977.7374476841652,279,80,"{""K"": 2, ""units"": 32, ""dropout"": 0.0, ""lr"": 0.001}",31.0
classification,Carrot,BOTCAST,RNN GRU,0,0.6857142857142857,333.08944812591653,280,80,"{""K"": 2, ""units"": 64, ""dropout"": 0.3, ""lr"": 0.0003}",123.0
classification,Carrot,BOTCAST,RNN GRU,1,0.7586206896551724,337.3093700100435,280,80,"{""K"": 6, ""units"": 64, ""dropout"": 0.4, ""lr"": 0.001}",34.0
classification,Carrot,BOTCAST,RNN GRU,2,0.7469879518072289,420.1405826379778,279,80,"{""K"": 2, ""units"": 64, ""dropout"": 0.1, ""lr"": 0.0003}",105.0
classification,Carrot,BOTCAST,RNN GRU,3,0.6585365853658537,310.64810721599497,280,80,"{""K"": 2, ""units"": 32, ""dropout"": 0.1, ""lr"": 0.001}",28.0
classification,Carrot,BOTCAST,RNN GRU,4,0.0,287.56512014602777,280,80,"{""K"": 4, ""units"": 32, ""dropout"": 0.3, ""lr"": 0.001}",24.0
classification,Carrot,BOTCAST,RNN GRU,5,0.6493506493506493,305.8782214149833,280,80,"{""K"": 6, ""units"": 64, ""dropout"": 0.3, ""lr"": 0.001}",43.0
classification,Carrot,BOTCAST,RNN GRU,6,0.725,383.9943991149776,279,80,"{""K"": 2, ""units"": 64, ""dropout"": 0.4, ""lr"": 0.001}",50.0
classification,Carrot,BOTCAST,RNN GRU,7,0.7380952380952381,341.9965186830377,279,80,"{""K"": 4, ""units"": 64, ""dropout"": 0.3, ""lr"": 0.0003}",80.0
classification,Carrot,BOTCAST,RNN GRU,8,0.6976744186046512,317.37335359910503,279,80,"{""K"": 2, ""units"": 32, ""dropout"": 0.3, ""lr"": 0.001}",55.0
classification,Carrot,BOTCAST,RNN GRU,9,0.717948717948718,325.9760704799555,279,80,"{""K"": 6, ""units"": 64, ""dropout"": 0.4, ""lr"": 0.0003}",76.0
classification,Carrot,BOTCAST,Random forest,0,0.7435897435897436,6.082498082891107,319,80,"{""n_estimators"": 100, ""max_depth"": 5, ""max_features"": ""sqrt"", ""min_samples_split"": 2}",
classification,Carrot,BOTCAST,Random forest,1,0.7560975609756098,6.972044568974525,319,80,"{""n_estimators"": 100, ""max_depth"": 5, ""max_features"": ""sqrt"", ""min_samples_split"": 2}",
classification,Carrot,BOTCAST,Random forest,2,0.7469879518072289,6.149872615933418,319,80,"{""n_estimators"": 100, ""max_depth"": 10, ""max_features"": ""sqrt"", ""min_samples_split"": 2}",
classification,Carrot,BOTCAST,Random forest,3,0.7073170731707317,6.96427941787988,319,80,"{""n_estimators"": 100, ""max_depth"": null, ""max_features"": ""sqrt"", ""min_samples_split"": 2}",
classification,Carrot,BOTCAST,Random forest,4,0.6987951807228916,7.379730730317533,319,80,"{""n_estimators"": 100, ""max_depth"": null, ""max_features"": ""sqrt"", ""min_samples_split"": 2}",
classification,Carrot,BOTCAST,Random forest,5,0.7654320987654321,6.946516673080623,319,80,"{""n_estimators"": 100, ""max_depth"": null, ""max_features"": ""sqrt"", ""min_samples_split"": 2}",
classification,Carrot,BOTCAST,Random forest,6,0.725,6.932781760115176,319,80,"{""n_estimators"": 100, ""max_depth"": null, ""max_features"": ""sqrt"", ""min_samples_split"": 2}",
classification,Carrot,BOTCAST,Random forest,7,0.7380952380952381,6.943397739902139,319,80,"{""n_estimators"": 100, ""max_depth"": 5, ""max_features"": ""sqrt"", ""min_samples_split"": 10}",
classification,Carrot,BOTCAST,Random forest,8,0.6976744186046512,6.887378945946693,319,80,"{""n_estimators"": 100, ""max_depth"": null, ""max_features"": ""sqrt"", ""min_samples_split"": 2}",
classification,Carrot,BOTCAST,Random forest,9,0.7710843373493976,7.072121153119952,319,80,"{""n_estimators"": 100, ""max_depth"": 5, ""max_features"": ""sqrt"", ""min_samples_split"": 10}",
classification,Carrot,BOTCAST,TabPFN,0,0.7435897435897436,11.570543637964876,319,80,"{""model"": ""tabpfn-v3-default""}",
classification,Carrot,BOTCAST,TabPFN,1,0.7560975609756098,14.423415376921184,319,80,"{""model"": ""tabpfn-v3-default""}",
classification,Carrot,BOTCAST,TabPFN,2,0.7469879518072289,14.698403091053478,319,80,"{""model"": ""tabpfn-v3-default""}",
classification,Carrot,BOTCAST,TabPFN,3,0.7073170731707317,15.55455472995527,319,80,"{""model"": ""tabpfn-v3-default""}",
classification,Carrot,BOTCAST,TabPFN,4,0.6987951807228916,14.82387026201468,319,80,"{""model"": ""tabpfn-v3-default""}",
classification,Carrot,BOTCAST,TabPFN,5,0.7654320987654321,15.849184492020868,319,80,"{""model"": ""tabpfn-v3-default""}",
classification,Carrot,BOTCAST,TabPFN,6,0.725,15.738803521962836,319,80,"{""model"": ""tabpfn-v3-default""}",
classification,Carrot,BOTCAST,TabPFN,7,0.7380952380952381,14.97165782097727,319,80,"{""model"": ""tabpfn-v3-default""}",
classification,Carrot,BOTCAST,TabPFN,8,0.6976744186046512,15.063127617002465,319,80,"{""model"": ""tabpfn-v3-default""}",
classification,Carrot,BOTCAST,TabPFN,9,0.7710843373493976,12.714145563077182,319,80,"{""model"": ""tabpfn-v3-default""}",
classification,Carrot,BOTCAST,k-NN,0,0.7368421052631579,0.0490618110634386,319,80,"{""n_neighbors"": 7, ""weights"": ""uniform"", ""metric"": ""euclidean""}",
classification,Carrot,BOTCAST,k-NN,1,0.6578947368421053,0.0546928597614169,319,80,"{""n_neighbors"": 5, ""weights"": ""uniform"", ""metric"": ""euclidean""}",
classification,Carrot,BOTCAST,k-NN,2,0.6575342465753424,0.0567541420459747,319,80,"{""n_neighbors"": 7, ""weights"": ""uniform"", ""metric"": ""euclidean""}",
classification,Carrot,BOTCAST,k-NN,3,0.6388888888888888,0.0522407451644539,319,80,"{""n_neighbors"": 7, ""weights"": ""uniform"", ""metric"": ""euclidean""}",
classification,Carrot,BOTCAST,k-NN,4,0.6987951807228916,0.0502949152141809,319,80,"{""n_neighbors"": 7, ""weights"": ""uniform"", ""metric"": ""euclidean""}",
classification,Carrot,BOTCAST,k-NN,5,0.7209302325581395,0.0487786778248846,319,80,"{""n_neighbors"": 5, ""weights"": ""uniform"", ""metric"": ""euclidean""}",
classification,Carrot,BOTCAST,k-NN,6,0.6923076923076923,0.0570873250253498,319,80,"{""n_neighbors"": 7, ""weights"": ""uniform"", ""metric"": ""euclidean""}",
classification,Carrot,BOTCAST,k-NN,7,0.6923076923076923,0.0598092931322753,319,80,"{""n_neighbors"": 7, ""weights"": ""uniform"", ""metric"": ""euclidean""}",
classification,Carrot,BOTCAST,k-NN,8,0.7446808510638298,0.0495454766787588,319,80,"{""n_neighbors"": 7, ""weights"": ""uniform"", ""metric"": ""euclidean""}",
classification,Carrot,BOTCAST,k-NN,9,0.6987951807228916,0.0509044309146702,319,80,"{""n_neighbors"": 5, ""weights"": ""uniform"", ""metric"": ""euclidean""}",
classification,Carrot,Isomap,Decision tree,0,0.7397260273972602,0.7046249969862401,319,80,"{""max_depth"": 4, ""min_samples_split"": 20}",
classification,Carrot,Isomap,Decision tree,1,0.5230769230769231,0.8122004088945687,319,80,"{""max_depth"": 4, ""min_samples_split"": 20}",
classification,Carrot,Isomap,Decision tree,2,0.7126436781609196,0.7858127136714756,319,80,"{""max_depth"": 3, ""min_samples_split"": 20}",
classification,Carrot,Isomap,Decision tree,3,0.6197183098591549,0.8001990439370275,319,80,"{""max_depth"": 4, ""min_samples_split"": 5}",
classification,Carrot,Isomap,Decision tree,4,0.6753246753246753,0.7836415907368064,319,80,"{""max_depth"": 5, ""min_samples_split"": 10}",
classification,Carrot,Isomap,Decision tree,5,0.6976744186046512,0.9537545549683272,319,80,"{""max_depth"": 5, ""min_samples_split"": 5}",
classification,Carrot,Isomap,Decision tree,6,0.6666666666666666,0.7674940428696573,319,80,"{""max_depth"": 2, ""min_samples_split"": 5}",
classification,Carrot,Isomap,Decision tree,7,0.723404255319149,0.7046387870796025,319,80,"{""max_depth"": 2, ""min_samples_split"": 5}",
classification,Carrot,Isomap,Decision tree,8,0.5945945945945946,0.7443964621052146,319,80,"{""max_depth"": 3, ""min_samples_split"": 10}",
classification,Carrot,Isomap,Decision tree,9,0.75,0.7053576051257551,319,80,"{""max_depth"": 4, ""min_samples_split"": 10}",
classification,Carrot,Isomap,LSTM,0,0.6567164179104478,212.88772031792905,280,80,"{""K"": 2, ""units"": 64, ""dropout"": 0.4, ""lr"": 0.0003}",211.0
classification,Carrot,Isomap,LSTM,1,0.7407407407407407,209.16010205098428,280,80,"{""K"": 6, ""units"": 64, ""dropout"": 0.3, ""lr"": 0.001}",32.0
classification,Carrot,Isomap,LSTM,2,0.5588235294117647,183.65000908391085,279,80,"{""K"": 6, ""units"": 64, ""dropout"": 0.1, ""lr"": 0.001}",28.0
classification,Carrot,Isomap,LSTM,3,0.6666666666666666,188.72916277998596,280,80,"{""K"": 2, ""units"": 64, ""dropout"": 0.1, ""lr"": 0.001}",29.0
classification,Carrot,Isomap,LSTM,4,0.6956521739130435,194.97706290194765,280,80,"{""K"": 2, ""units"": 64, ""dropout"": 0.1, ""lr"": 0.001}",27.0
classification,Carrot,Isomap,LSTM,5,0.5866666666666667,215.6302667889977,280,80,"{""K"": 6, ""units"": 64, ""dropout"": 0.0, ""lr"": 0.001}",58.0
classification,Carrot,Isomap,LSTM,6,0.6756756756756757,192.7042743730126,279,80,"{""K"": 2, ""units"": 64, ""dropout"": 0.1, ""lr"": 0.001}",36.0
classification,Carrot,Isomap,LSTM,7,0.7160493827160493,217.2019633540185,279,80,"{""K"": 2, ""units"": 64, ""dropout"": 0.2, ""lr"": 0.001}",32.0
classification,Carrot,Isomap,LSTM,8,0.6966292134831461,204.05696582689416,279,80,"{""K"": 6, ""units"": 32, ""dropout"": 0.3, ""lr"": 0.001}",39.0
classification,Carrot,Isomap,LSTM,9,0.7380952380952381,190.80680049501825,279,80,"{""K"": 2, ""units"": 64, ""dropout"": 0.4, ""lr"": 0.001}",34.0
classification,Carrot,Isomap,MLP,0,0.6216216216216216,47.76722848415375,280,80,"{""hidden"": [32, 16], ""dropout"": 0.0, ""lr"": 0.0003}",216.0
classification,Carrot,Isomap,MLP,1,0.6666666666666666,46.500447258818895,280,80,"{""hidden"": [64, 32], ""dropout"": 0.3, ""lr"": 0.0003}",79.0
classification,Carrot,Isomap,MLP,2,0.5151515151515151,64.28748801304027,279,80,"{""hidden"": [128, 64], ""dropout"": 0.4, ""lr"": 0.001}",27.0
classification,Carrot,Isomap,MLP,3,0.64,53.48320141807199,280,80,"{""hidden"": [128, 64], ""dropout"": 0.3, ""lr"": 0.0003}",43.0
classification,Carrot,Isomap,MLP,4,0.7654320987654321,44.58856786880642,280,80,"{""hidden"": [64, 32], ""dropout"": 0.1, ""lr"": 0.001}",25.0
classification,Carrot,Isomap,MLP,5,0.6216216216216216,53.32291770167649,280,80,"{""hidden"": [32, 16], ""dropout"": 0.0, ""lr"": 0.001}",40.0
classification,Carrot,Isomap,MLP,6,0.7088607594936709,52.95468381186947,279,80,"{""hidden"": [32, 16], ""dropout"": 0.1, ""lr"": 0.001}",56.0
classification,Carrot,Isomap,MLP,7,0.7142857142857143,57.02377849584445,279,80,"{""hidden"": [128, 64], ""dropout"": 0.0, ""lr"": 0.001}",27.0
classification,Carrot,Isomap,MLP,8,0.6818181818181818,47.39101197104901,279,80,"{""hidden"": [64, 32], ""dropout"": 0.1, ""lr"": 0.001}",35.0
classification,Carrot,Isomap,MLP,9,0.7341772151898734,52.10110430698842,279,80,"{""hidden"": [64, 32], ""dropout"": 0.0, ""lr"": 0.001}",31.0
classification,Carrot,Isomap,Mamba SSM,0,0.6923076923076923,817.1955591938458,280,80,"{""K"": 2, ""units"": 32, ""dropout"": 0.1, ""lr"": 0.0003}",37.0
classification,Carrot,Isomap,Mamba SSM,1,0.7105263157894737,786.9643176239915,280,80,"{""K"": 4, ""units"": 64, ""dropout"": 0.4, ""lr"": 0.0003}",26.0
classification,Carrot,Isomap,Mamba SSM,2,0.64,814.2583102779463,279,80,"{""K"": 2, ""units"": 32, ""dropout"": 0.3, ""lr"": 0.001}",27.0
classification,Carrot,Isomap,Mamba SSM,3,0.6301369863013698,789.8062510439195,280,80,"{""K"": 6, ""units"": 32, ""dropout"": 0.0, ""lr"": 0.001}",23.0
classification,Carrot,Isomap,Mamba SSM,4,0.6829268292682927,823.0927463262342,280,80,"{""K"": 4, ""units"": 32, ""dropout"": 0.1, ""lr"": 0.001}",23.0
classification,Carrot,Isomap,Mamba SSM,5,0.6097560975609756,806.6592031440232,280,80,"{""K"": 6, ""units"": 32, ""dropout"": 0.3, ""lr"": 0.0003}",36.0
classification,Carrot,Isomap,Mamba SSM,6,0.7294117647058823,766.4655262830202,279,80,"{""K"": 4, ""units"": 64, ""dropout"": 0.4, ""lr"": 0.001}",25.0
classification,Carrot,Isomap,Mamba SSM,7,0.6582278481012658,828.41145839612,279,80,"{""K"": 2, ""units"": 64, ""dropout"": 0.1, ""lr"": 0.001}",23.0
classification,Carrot,Isomap,Mamba SSM,8,0.6823529411764706,754.5656506430823,279,80,"{""K"": 4, ""units"": 32, ""dropout"": 0.1, ""lr"": 0.001}",24.0
classification,Carrot,Isomap,Mamba SSM,9,0.7441860465116279,853.0788773640525,279,80,"{""K"": 2, ""units"": 64, ""dropout"": 0.3, ""lr"": 0.0003}",29.0
classification,Carrot,Isomap,RNN GRU,0,0.5483870967741935,221.7095798930386,280,80,"{""K"": 2, ""units"": 64, ""dropout"": 0.3, ""lr"": 0.001}",111.0
classification,Carrot,Isomap,RNN GRU,1,0.6857142857142857,247.50411927106325,280,80,"{""K"": 6, ""units"": 64, ""dropout"": 0.4, ""lr"": 0.001}",32.0
classification,Carrot,Isomap,RNN GRU,2,0.6388888888888888,253.2647330230102,279,80,"{""K"": 2, ""units"": 64, ""dropout"": 0.3, ""lr"": 0.001}",28.0
classification,Carrot,Isomap,RNN GRU,3,0.7073170731707317,257.7638581509236,280,80,"{""K"": 2, ""units"": 64, ""dropout"": 0.0, ""lr"": 0.0003}",43.0
classification,Carrot,Isomap,RNN GRU,4,0.6923076923076923,227.95866070198824,280,80,"{""K"": 2, ""units"": 64, ""dropout"": 0.0, ""lr"": 0.001}",26.0
classification,Carrot,Isomap,RNN GRU,5,0.6410256410256411,242.16603289102204,280,80,"{""K"": 2, ""units"": 64, ""dropout"": 0.0, ""lr"": 0.0003}",76.0
classification,Carrot,Isomap,RNN GRU,6,0.684931506849315,221.63439509901215,279,80,"{""K"": 2, ""units"": 64, ""dropout"": 0.3, ""lr"": 0.0003}",57.0
classification,Carrot,Isomap,RNN GRU,7,0.7073170731707317,223.90037023101468,279,80,"{""K"": 2, ""units"": 32, ""dropout"": 0.2, ""lr"": 0.001}",32.0
classification,Carrot,Isomap,RNN GRU,8,0.6666666666666666,226.43148298899175,279,80,"{""K"": 2, ""units"": 32, ""dropout"": 0.1, ""lr"": 0.0003}",62.0
classification,Carrot,Isomap,RNN GRU,9,0.7228915662650602,240.44906377699223,279,80,"{""K"": 4, ""units"": 32, ""dropout"": 0.1, ""lr"": 0.0003}",54.0
classification,Carrot,Isomap,Random forest,0,0.6944444444444444,9.192463531624526,319,80,"{""n_estimators"": 100, ""max_depth"": 5, ""max_features"": ""sqrt"", ""min_samples_split"": 10}",
classification,Carrot,Isomap,Random forest,1,0.5714285714285714,9.373058384750038,319,80,"{""n_estimators"": 100, ""max_depth"": null, ""max_features"": ""sqrt"", ""min_samples_split"": 5}",
classification,Carrot,Isomap,Random forest,2,0.7012987012987013,9.145968736615032,319,80,"{""n_estimators"": 100, ""max_depth"": 5, ""max_features"": ""sqrt"", ""min_samples_split"": 2}",
classification,Carrot,Isomap,Random forest,3,0.6666666666666666,9.046941634267569,319,80,"{""n_estimators"": 100, ""max_depth"": 5, ""max_features"": ""sqrt"", ""min_samples_split"": 5}",
classification,Carrot,Isomap,Random forest,4,0.7,10.384449621196836,319,80,"{""n_estimators"": 100, ""max_depth"": 5, ""max_features"": ""sqrt"", ""min_samples_split"": 10}",
classification,Carrot,Isomap,Random forest,5,0.6923076923076923,8.957187719177455,319,80,"{""n_estimators"": 100, ""max_depth"": 5, ""max_features"": ""sqrt"", ""min_samples_split"": 2}",
classification,Carrot,Isomap,Random forest,6,0.7088607594936709,10.184964140877128,319,80,"{""n_estimators"": 100, ""max_depth"": 5, ""max_features"": ""sqrt"", ""min_samples_split"": 10}",
classification,Carrot,Isomap,Random forest,7,0.725,11.12885746313259,319,80,"{""n_estimators"": 100, ""max_depth"": 5, ""max_features"": ""sqrt"", ""min_samples_split"": 10}",
classification,Carrot,Isomap,Random forest,8,0.6511627906976745,10.361998766195027,319,80,"{""n_estimators"": 100, ""max_depth"": 5, ""max_features"": ""sqrt"", ""min_samples_split"": 10}",
classification,Carrot,Isomap,Random forest,9,0.6829268292682927,10.177878137212248,319,80,"{""n_estimators"": 100, ""max_depth"": 5, ""max_features"": ""sqrt"", ""min_samples_split"": 5}",
classification,Carrot,Isomap,TabPFN,0,0.7435897435897436,17.697794263018295,319,80,"{""model"": ""tabpfn-v3-default""}",
classification,Carrot,Isomap,TabPFN,1,0.7073170731707317,19.021555263083428,319,80,"{""model"": ""tabpfn-v3-default""}",
classification,Carrot,Isomap,TabPFN,2,0.5671641791044776,19.237213618005622,319,80,"{""model"": ""tabpfn-v3-default""}",
classification,Carrot,Isomap,TabPFN,3,0.6666666666666666,16.50227690290194,319,80,"{""model"": ""tabpfn-v3-default""}",
classification,Carrot,Isomap,TabPFN,4,0.6829268292682927,19.525293015991338,319,80,"{""model"": ""tabpfn-v3-default""}",
classification,Carrot,Isomap,TabPFN,5,0.7380952380952381,17.874318348011002,319,80,"{""model"": ""tabpfn-v3-default""}",
classification,Carrot,Isomap,TabPFN,6,0.7228915662650602,17.305420496035367,319,80,"{""model"": ""tabpfn-v3-default""}",
classification,Carrot,Isomap,TabPFN,7,0.7380952380952381,17.97667679900769,319,80,"{""model"": ""tabpfn-v3-default""}",
classification,Carrot,Isomap,TabPFN,8,0.7126436781609196,15.9079484581016,319,80,"{""model"": ""tabpfn-v3-default""}",
classification,Carrot,Isomap,TabPFN,9,0.7272727272727273,18.37921044207178,319,80,"{""model"": ""tabpfn-v3-default""}",
classification,Carrot,Isomap,k-NN,0,0.7272727272727273,0.6327231181785464,319,80,"{""n_neighbors"": 7, ""weights"": ""uniform"", ""metric"": ""euclidean""}",
classification,Carrot,Isomap,k-NN,1,0.7,0.5760550168342888,319,80,"{""n_neighbors"": 7, ""weights"": ""uniform"", ""metric"": ""euclidean""}",
classification,Carrot,Isomap,k-NN,2,0.6666666666666666,0.5767604438588023,319,80,"{""n_neighbors"": 5, ""weights"": ""uniform"", ""metric"": ""euclidean""}",
classification,Carrot,Isomap,k-NN,3,0.6756756756756757,0.6266065030358732,319,80,"{""n_neighbors"": 3, ""weights"": ""uniform"", ""metric"": ""euclidean""}",
classification,Carrot,Isomap,k-NN,4,0.7,0.6232437579892576,319,80,"{""n_neighbors"": 7, ""weights"": ""uniform"", ""metric"": ""euclidean""}",
classification,Carrot,Isomap,k-NN,5,0.7,0.6445096610113978,319,80,"{""n_neighbors"": 7, ""weights"": ""uniform"", ""metric"": ""euclidean""}",
classification,Carrot,Isomap,k-NN,6,0.72,0.6185703999362886,319,80,"{""n_neighbors"": 7, ""weights"": ""uniform"", ""metric"": ""euclidean""}",
classification,Carrot,Isomap,k-NN,7,0.6486486486486487,0.6764803337864578,319,80,"{""n_neighbors"": 7, ""weights"": ""uniform"", ""metric"": ""euclidean""}",
classification,Carrot,Isomap,k-NN,8,0.6666666666666666,0.6388366310857236,319,80,"{""n_neighbors"": 7, ""weights"": ""uniform"", ""metric"": ""euclidean""}",
classification,Carrot,Isomap,k-NN,9,0.6666666666666666,0.6195038198493421,319,80,"{""n_neighbors"": 7, ""weights"": ""uniform"", ""metric"": ""euclidean""}",
classification,Carrot,KernelPCA,Decision tree,0,0.75,0.2540915990248322,319,80,"{""max_depth"": 3, ""min_samples_split"": 5}",
classification,Carrot,KernelPCA,Decision tree,1,0.725,0.2287795948795974,319,80,"{""max_depth"": 2, ""min_samples_split"": 5}",
classification,Carrot,KernelPCA,Decision tree,2,0.7619047619047619,0.2182102752849459,319,80,"{""max_depth"": 3, ""min_samples_split"": 5}",
classification,Carrot,KernelPCA,Decision tree,3,0.5555555555555556,0.2457310017198324,319,80,"{""max_depth"": 5, ""min_samples_split"": 10}",
classification,Carrot,KernelPCA,Decision tree,4,0.675,0.224375810008496,319,80,"{""max_depth"": 4, ""min_samples_split"": 20}",
classification,Carrot,KernelPCA,Decision tree,5,0.5714285714285714,0.2282513505779206,319,80,"{""max_depth"": 5, ""min_samples_split"": 20}",
classification,Carrot,KernelPCA,Decision tree,6,0.6842105263157895,0.2298406073823571,319,80,"{""max_depth"": 3, ""min_samples_split"": 5}",
classification,Carrot,KernelPCA,Decision tree,7,0.6666666666666666,0.2422048361040651,319,80,"{""max_depth"": 3, ""min_samples_split"": 5}",
classification,Carrot,KernelPCA,Decision tree,8,0.675,0.2443555369973182,319,80,"{""max_depth"": 4, ""min_samples_split"": 5}",
classification,Carrot,KernelPCA,Decision tree,9,0.7191011235955056,0.2257355637848377,319,80,"{""max_depth"": 3, ""min_samples_split"": 10}",
classification,Carrot,KernelPCA,LSTM,0,0.7160493827160493,206.06416851188987,280,80,"{""K"": 6, ""units"": 64, ""dropout"": 0.0, ""lr"": 0.001}",63.0
classification,Carrot,KernelPCA,LSTM,1,0.6666666666666666,221.02121825201905,280,80,"{""K"": 6, ""units"": 64, ""dropout"": 0.1, ""lr"": 0.001}",31.0
classification,Carrot,KernelPCA,LSTM,2,0.7228915662650602,223.9451360600069,279,80,"{""K"": 6, ""units"": 64, ""dropout"": 0.4, ""lr"": 0.001}",42.0
classification,Carrot,KernelPCA,LSTM,3,0.6987951807228916,227.6642777340021,280,80,"{""K"": 4, ""units"": 64, ""dropout"": 0.1, ""lr"": 0.001}",31.0
classification,Carrot,KernelPCA,LSTM,4,0.5714285714285714,199.7705029710196,280,80,"{""K"": 4, ""units"": 64, ""dropout"": 0.4, ""lr"": 0.001}",29.0
classification,Carrot,KernelPCA,LSTM,5,0.6410256410256411,221.28157426905815,280,80,"{""K"": 4, ""units"": 32, ""dropout"": 0.2, ""lr"": 0.001}",93.0
classification,Carrot,KernelPCA,LSTM,6,0.7228915662650602,228.1066346099833,279,80,"{""K"": 6, ""units"": 64, ""dropout"": 0.1, ""lr"": 0.001}",36.0
classification,Carrot,KernelPCA,LSTM,7,0.6829268292682927,265.01038369804155,279,80,"{""K"": 4, ""units"": 32, ""dropout"": 0.4, ""lr"": 0.001}",40.0
classification,Carrot,KernelPCA,LSTM,8,0.7021276595744681,224.44890437996943,279,80,"{""K"": 2, ""units"": 32, ""dropout"": 0.4, ""lr"": 0.001}",37.0
classification,Carrot,KernelPCA,LSTM,9,0.7160493827160493,220.6024066460086,279,80,"{""K"": 2, ""units"": 64, ""dropout"": 0.4, ""lr"": 0.001}",42.0
classification,Carrot,KernelPCA,MLP,0,0.7160493827160493,51.31803540978581,280,80,"{""hidden"": [64, 32], ""dropout"": 0.4, ""lr"": 0.001}",103.0
classification,Carrot,KernelPCA,MLP,1,0.631578947368421,47.56592830922455,280,80,"{""hidden"": [128, 64], ""dropout"": 0.2, ""lr"": 0.001}",28.0
classification,Carrot,KernelPCA,MLP,2,0.6575342465753424,55.7514215731062,279,80,"{""hidden"": [128, 64], ""dropout"": 0.4, ""lr"": 0.0003}",49.0
classification,Carrot,KernelPCA,MLP,3,0.64,67.11037932662293,280,80,"{""hidden"": [64, 32], ""dropout"": 0.3, ""lr"": 0.001}",31.0
classification,Carrot,KernelPCA,MLP,4,0.6666666666666666,43.626716802828014,280,80,"{""hidden"": [64, 32], ""dropout"": 0.4, ""lr"": 0.001}",29.0
classification,Carrot,KernelPCA,MLP,5,0.6493506493506493,55.893353197257966,280,80,"{""hidden"": [32, 16], ""dropout"": 0.0, ""lr"": 0.001}",64.0
classification,Carrot,KernelPCA,MLP,6,0.7297297297297297,54.70493344170973,279,80,"{""hidden"": [128, 64], ""dropout"": 0.4, ""lr"": 0.001}",37.0
classification,Carrot,KernelPCA,MLP,7,0.7073170731707317,66.28381226584315,279,80,"{""hidden"": [128, 64], ""dropout"": 0.4, ""lr"": 0.001}",29.0
classification,Carrot,KernelPCA,MLP,8,0.6818181818181818,54.11534248711541,279,80,"{""hidden"": [64, 32], ""dropout"": 0.0, ""lr"": 0.001}",35.0
classification,Carrot,KernelPCA,MLP,9,0.691358024691358,64.19635641993955,279,80,"{""hidden"": [128, 64], ""dropout"": 0.2, ""lr"": 0.0003}",41.0
classification,Carrot,KernelPCA,Mamba SSM,0,0.676056338028169,811.2833002649713,280,80,"{""K"": 4, ""units"": 64, ""dropout"": 0.2, ""lr"": 0.0003}",57.0
classification,Carrot,KernelPCA,Mamba SSM,1,0.5245901639344263,820.8093342919601,280,80,"{""K"": 2, ""units"": 64, ""dropout"": 0.4, ""lr"": 0.0003}",27.0
classification,Carrot,KernelPCA,Mamba SSM,2,0.6133333333333333,842.0918459839886,279,80,"{""K"": 2, ""units"": 32, ""dropout"": 0.3, ""lr"": 0.001}",26.0
classification,Carrot,KernelPCA,Mamba SSM,3,0.6301369863013698,831.839448935003,280,80,"{""K"": 4, ""units"": 64, ""dropout"": 0.1, ""lr"": 0.001}",22.0
classification,Carrot,KernelPCA,Mamba SSM,4,0.7058823529411765,846.0873705439735,280,80,"{""K"": 2, ""units"": 32, ""dropout"": 0.1, ""lr"": 0.0003}",28.0
classification,Carrot,KernelPCA,Mamba SSM,5,0.6753246753246753,790.9565978399478,280,80,"{""K"": 2, ""units"": 64, ""dropout"": 0.1, ""lr"": 0.001}",24.0
classification,Carrot,KernelPCA,Mamba SSM,6,0.7368421052631579,705.9011127790436,279,80,"{""K"": 4, ""units"": 64, ""dropout"": 0.0, ""lr"": 0.0003}",39.0
classification,Carrot,KernelPCA,Mamba SSM,7,0.6027397260273972,921.5011500478722,279,80,"{""K"": 6, ""units"": 64, ""dropout"": 0.0, ""lr"": 0.001}",22.0
classification,Carrot,KernelPCA,Mamba SSM,8,0.6739130434782609,806.4522296679206,279,80,"{""K"": 2, ""units"": 32, ""dropout"": 0.1, ""lr"": 0.001}",24.0
classification,Carrot,KernelPCA,Mamba SSM,9,0.6976744186046512,841.6267149818595,279,80,"{""K"": 2, ""units"": 64, ""dropout"": 0.4, ""lr"": 0.001}",24.0
classification,Carrot,KernelPCA,RNN GRU,0,0.7160493827160493,236.2651957559865,280,80,"{""K"": 6, ""units"": 64, ""dropout"": 0.0, ""lr"": 0.001}",44.0
classification,Carrot,KernelPCA,RNN GRU,1,0.6571428571428571,189.81375413096976,280,80,"{""K"": 2, ""units"": 64, ""dropout"": 0.4, ""lr"": 0.0003}",49.0
classification,Carrot,KernelPCA,RNN GRU,2,0.5714285714285714,264.4150169499917,279,80,"{""K"": 2, ""units"": 32, ""dropout"": 0.3, ""lr"": 0.001}",33.0
classification,Carrot,KernelPCA,RNN GRU,3,0.7073170731707317,258.83681578503456,280,80,"{""K"": 4, ""units"": 64, ""dropout"": 0.3, ""lr"": 0.001}",30.0
classification,Carrot,KernelPCA,RNN GRU,4,0.5625,231.08548778202385,280,80,"{""K"": 4, ""units"": 32, ""dropout"": 0.4, ""lr"": 0.001}",29.0
classification,Carrot,KernelPCA,RNN GRU,5,0.691358024691358,212.21318823797628,280,80,"{""K"": 4, ""units"": 64, ""dropout"": 0.2, ""lr"": 0.001}",54.0
classification,Carrot,KernelPCA,RNN GRU,6,0.72,220.56616463407408,279,80,"{""K"": 4, ""units"": 64, ""dropout"": 0.1, ""lr"": 0.001}",36.0
classification,Carrot,KernelPCA,RNN GRU,7,0.7142857142857143,285.55133766902145,279,80,"{""K"": 2, ""units"": 32, ""dropout"": 0.4, ""lr"": 0.001}",40.0
classification,Carrot,KernelPCA,RNN GRU,8,0.651685393258427,216.86771074600983,279,80,"{""K"": 6, ""units"": 64, ""dropout"": 0.4, ""lr"": 0.001}",33.0
classification,Carrot,KernelPCA,RNN GRU,9,0.7272727272727273,249.84428622794803,279,80,"{""K"": 6, ""units"": 32, ""dropout"": 0.3, ""lr"": 0.001}",38.0
classification,Carrot,KernelPCA,Random forest,0,0.7222222222222222,9.612145757302642,319,80,"{""n_estimators"": 100, ""max_depth"": 5, ""max_features"": ""sqrt"", ""min_samples_split"": 10}",
classification,Carrot,KernelPCA,Random forest,1,0.5753424657534246,9.52913770172745,319,80,"{""n_estimators"": 100, ""max_depth"": null, ""max_features"": ""sqrt"", ""min_samples_split"": 10}",
classification,Carrot,KernelPCA,Random forest,2,0.6575342465753424,9.538243788294494,319,80,"{""n_estimators"": 100, ""max_depth"": 5, ""max_features"": ""sqrt"", ""min_samples_split"": 5}",
classification,Carrot,KernelPCA,Random forest,3,0.631578947368421,8.457242604810745,319,80,"{""n_estimators"": 100, ""max_depth"": 5, ""max_features"": ""sqrt"", ""min_samples_split"": 5}",
classification,Carrot,KernelPCA,Random forest,4,0.7073170731707317,9.57443832512945,319,80,"{""n_estimators"": 100, ""max_depth"": 5, ""max_features"": ""sqrt"", ""min_samples_split"": 10}",
classification,Carrot,KernelPCA,Random forest,5,0.6666666666666666,9.628479757811874,319,80,"{""n_estimators"": 100, ""max_depth"": null, ""max_features"": ""sqrt"", ""min_samples_split"": 5}",
classification,Carrot,KernelPCA,Random forest,6,0.717948717948718,8.381640047300607,319,80,"{""n_estimators"": 100, ""max_depth"": 5, ""max_features"": ""sqrt"", ""min_samples_split"": 5}",
classification,Carrot,KernelPCA,Random forest,7,0.6578947368421053,8.528386666905135,319,80,"{""n_estimators"": 100, ""max_depth"": 5, ""max_features"": ""sqrt"", ""min_samples_split"": 2}",
classification,Carrot,KernelPCA,Random forest,8,0.6506024096385542,8.707064911257476,319,80,"{""n_estimators"": 100, ""max_depth"": 5, ""max_features"": ""sqrt"", ""min_samples_split"": 10}",
classification,Carrot,KernelPCA,Random forest,9,0.7,8.440614112187177,319,80,"{""n_estimators"": 100, ""max_depth"": 5, ""max_features"": ""sqrt"", ""min_samples_split"": 5}",
classification,Carrot,KernelPCA,TabPFN,0,0.7435897435897436,18.10764401603956,319,80,"{""model"": ""tabpfn-v3-default""}",
classification,Carrot,KernelPCA,TabPFN,1,0.7560975609756098,19.3112213810673,319,80,"{""model"": ""tabpfn-v3-default""}",
classification,Carrot,KernelPCA,TabPFN,2,0.7,15.408625551033763,319,80,"{""model"": ""tabpfn-v3-default""}",
classification,Carrot,KernelPCA,TabPFN,3,0.7073170731707317,19.07935786305461,319,80,"{""model"": ""tabpfn-v3-default""}",
classification,Carrot,KernelPCA,TabPFN,4,0.6987951807228916,18.535179549013264,319,80,"{""model"": ""tabpfn-v3-default""}",
classification,Carrot,KernelPCA,TabPFN,5,0.717948717948718,15.523115073912775,319,80,"{""model"": ""tabpfn-v3-default""}",
classification,Carrot,KernelPCA,TabPFN,6,0.725,16.73203281906899,319,80,"{""model"": ""tabpfn-v3-default""}",
classification,Carrot,KernelPCA,TabPFN,7,0.7380952380952381,18.370955060003325,319,80,"{""model"": ""tabpfn-v3-default""}",
classification,Carrot,KernelPCA,TabPFN,8,0.6823529411764706,18.61854800197761,319,80,"{""model"": ""tabpfn-v3-default""}",
classification,Carrot,KernelPCA,TabPFN,9,0.7272727272727273,18.807218945003115,319,80,"{""model"": ""tabpfn-v3-default""}",
classification,Carrot,KernelPCA,k-NN,0,0.6666666666666666,0.1589759872294962,319,80,"{""n_neighbors"": 5, ""weights"": ""uniform"", ""metric"": ""euclidean""}",
classification,Carrot,KernelPCA,k-NN,1,0.6835443037974683,0.1468045013025403,319,80,"{""n_neighbors"": 7, ""weights"": ""uniform"", ""metric"": ""euclidean""}",
classification,Carrot,KernelPCA,k-NN,2,0.717948717948718,0.1614858442917466,319,80,"{""n_neighbors"": 7, ""weights"": ""uniform"", ""metric"": ""euclidean""}",
classification,Carrot,KernelPCA,k-NN,3,0.6842105263157895,0.1667116289027035,319,80,"{""n_neighbors"": 7, ""weights"": ""uniform"", ""metric"": ""euclidean""}",
classification,Carrot,KernelPCA,k-NN,4,0.6923076923076923,0.1649214499630034,319,80,"{""n_neighbors"": 7, ""weights"": ""uniform"", ""metric"": ""euclidean""}",
classification,Carrot,KernelPCA,k-NN,5,0.6835443037974683,0.1398029779084026,319,80,"{""n_neighbors"": 7, ""weights"": ""uniform"", ""metric"": ""euclidean""}",
classification,Carrot,KernelPCA,k-NN,6,0.7105263157894737,0.1615878050215542,319,80,"{""n_neighbors"": 5, ""weights"": ""uniform"", ""metric"": ""euclidean""}",
classification,Carrot,KernelPCA,k-NN,7,0.6842105263157895,0.1303699500858783,319,80,"{""n_neighbors"": 7, ""weights"": ""uniform"", ""metric"": ""euclidean""}",
classification,Carrot,KernelPCA,k-NN,8,0.6823529411764706,0.1388235883787274,319,80,"{""n_neighbors"": 7, ""weights"": ""uniform"", ""metric"": ""euclidean""}",
classification,Carrot,KernelPCA,k-NN,9,0.65,0.1510232449509203,319,80,"{""n_neighbors"": 7, ""weights"": ""uniform"", ""metric"": ""euclidean""}",
classification,Carrot,MDS,Decision tree,0,0.5333333333333333,0.8418968878686428,319,80,"{""max_depth"": 3, ""min_samples_split"": 5}",
classification,Carrot,MDS,Decision tree,1,0.7083333333333334,0.8393972828052938,319,80,"{""max_depth"": 2, ""min_samples_split"": 5}",
classification,Carrot,MDS,Decision tree,2,0.7654320987654321,0.8102549989707768,319,80,"{""max_depth"": 5, ""min_samples_split"": 20}",
classification,Carrot,MDS,Decision tree,3,0.675,0.831124747171998,319,80,"{""max_depth"": 4, ""min_samples_split"": 5}",
classification,Carrot,MDS,Decision tree,4,0.7142857142857143,0.86858453694731,319,80,"{""max_depth"": 4, ""min_samples_split"": 20}",
classification,Carrot,MDS,Decision tree,5,0.675,0.8324151486158371,319,80,"{""max_depth"": 4, ""min_samples_split"": 20}",
classification,Carrot,MDS,Decision tree,6,0.7012987012987013,0.9177610296756028,319,80,"{""max_depth"": 3, ""min_samples_split"": 5}",
classification,Carrot,MDS,Decision tree,7,0.6666666666666666,0.705408985260874,319,80,"{""max_depth"": 5, ""min_samples_split"": 20}",
classification,Carrot,MDS,Decision tree,8,0.7111111111111111,0.6870154836215079,319,80,"{""max_depth"": 2, ""min_samples_split"": 5}",
classification,Carrot,MDS,Decision tree,9,0.6746987951807228,0.7725988258607686,319,80,"{""max_depth"": 4, ""min_samples_split"": 20}",
classification,Carrot,MDS,LSTM,0,0.7435897435897436,263.1814576879842,280,80,"{""K"": 6, ""units"": 64, ""dropout"": 0.4, ""lr"": 0.001}",61.0
classification,Carrot,MDS,LSTM,1,0.7560975609756098,264.8090270468965,280,80,"{""K"": 6, ""units"": 32, ""dropout"": 0.3, ""lr"": 0.001}",43.0
classification,Carrot,MDS,LSTM,2,0.7317073170731707,320.73621620901395,279,80,"{""K"": 4, ""units"": 64, ""dropout"": 0.1, ""lr"": 0.001}",56.0
classification,Carrot,MDS,LSTM,3,0.7045454545454546,272.6936287820572,280,80,"{""K"": 6, ""units"": 64, ""dropout"": 0.4, ""lr"": 0.0003}",57.0
classification,Carrot,MDS,LSTM,4,0.5294117647058824,244.58860311598983,280,80,"{""K"": 2, ""units"": 32, ""dropout"": 0.4, ""lr"": 0.001}",29.0
classification,Carrot,MDS,LSTM,5,0.6753246753246753,297.6316019189544,280,80,"{""K"": 4, ""units"": 64, ""dropout"": 0.0, ""lr"": 0.001}",104.0
classification,Carrot,MDS,LSTM,6,0.725,330.9959114869125,279,80,"{""K"": 2, ""units"": 32, ""dropout"": 0.3, ""lr"": 0.001}",57.0
classification,Carrot,MDS,LSTM,7,0.7228915662650602,322.8761991269421,279,80,"{""K"": 2, ""units"": 32, ""dropout"": 0.2, ""lr"": 0.001}",65.0
classification,Carrot,MDS,LSTM,8,0.6823529411764706,259.4421841669828,279,80,"{""K"": 4, ""units"": 64, ""dropout"": 0.1, ""lr"": 0.001}",40.0
classification,Carrot,MDS,LSTM,9,0.7435897435897436,291.7680013179779,279,80,"{""K"": 2, ""units"": 32, ""dropout"": 0.4, ""lr"": 0.0003}",130.0
classification,Carrot,MDS,MLP,0,0.6363636363636364,59.22680374002084,280,80,"{""hidden"": [32, 16], ""dropout"": 0.1, ""lr"": 0.001}",86.0
classification,Carrot,MDS,MLP,1,0.7560975609756098,74.25247051287442,280,80,"{""hidden"": [32, 16], ""dropout"": 0.1, ""lr"": 0.001}",43.0
classification,Carrot,MDS,MLP,2,0.717948717948718,97.22730831801891,279,80,"{""hidden"": [128, 64], ""dropout"": 0.0, ""lr"": 0.001}",37.0
classification,Carrot,MDS,MLP,3,0.6578947368421053,73.8337582340464,280,80,"{""hidden"": [64, 32], ""dropout"": 0.0, ""lr"": 0.001}",27.0
classification,Carrot,MDS,MLP,4,0.7096774193548387,63.07418714696541,280,80,"{""hidden"": [64, 32], ""dropout"": 0.3, ""lr"": 0.0003}",29.0
classification,Carrot,MDS,MLP,5,0.6933333333333334,76.61354615911841,280,80,"{""hidden"": [64, 32], ""dropout"": 0.0, ""lr"": 0.001}",106.0
classification,Carrot,MDS,MLP,6,0.725,83.22789942612872,279,80,"{""hidden"": [64, 32], ""dropout"": 0.3, ""lr"": 0.001}",64.0
classification,Carrot,MDS,MLP,7,0.7294117647058823,86.72881680959836,279,80,"{""hidden"": [32, 16], ""dropout"": 0.0, ""lr"": 0.001}",133.0
classification,Carrot,MDS,MLP,8,0.6976744186046512,76.72983608487993,279,80,"{""hidden"": [64, 32], ""dropout"": 0.4, ""lr"": 0.001}",54.0
classification,Carrot,MDS,MLP,9,0.7710843373493976,73.33694885997102,279,80,"{""hidden"": [128, 64], ""dropout"": 0.3, ""lr"": 0.001}",32.0
classification,Carrot,MDS,Mamba SSM,0,0.6461538461538462,936.6347099863924,280,80,"{""K"": 4, ""units"": 64, ""dropout"": 0.1, ""lr"": 0.001}",25.0
classification,Carrot,MDS,Mamba SSM,1,0.6486486486486487,1076.8122129002586,280,80,"{""K"": 6, ""units"": 64, ""dropout"": 0.1, ""lr"": 0.0003}",25.0
classification,Carrot,MDS,Mamba SSM,2,0.7469879518072289,1094.963427959941,279,80,"{""K"": 4, ""units"": 32, ""dropout"": 0.2, ""lr"": 0.001}",42.0
classification,Carrot,MDS,Mamba SSM,3,0.6578947368421053,955.2056408887728,280,80,"{""K"": 4, ""units"": 32, ""dropout"": 0.1, ""lr"": 0.001}",23.0
classification,Carrot,MDS,Mamba SSM,4,0.7045454545454546,906.5245869667268,280,80,"{""K"": 2, ""units"": 32, ""dropout"": 0.2, ""lr"": 0.001}",23.0
classification,Carrot,MDS,Mamba SSM,5,0.725,1005.3804832380264,280,80,"{""K"": 2, ""units"": 64, ""dropout"": 0.3, ""lr"": 0.001}",40.0
classification,Carrot,MDS,Mamba SSM,6,0.7228915662650602,924.119269327959,279,80,"{""K"": 4, ""units"": 64, ""dropout"": 0.4, ""lr"": 0.001}",37.0
classification,Carrot,MDS,Mamba SSM,7,0.7228915662650602,1033.9350900410209,279,80,"{""K"": 4, ""units"": 64, ""dropout"": 0.1, ""lr"": 0.001}",29.0
classification,Carrot,MDS,Mamba SSM,8,0.6823529411764706,995.0924257969018,279,80,"{""K"": 2, ""units"": 32, ""dropout"": 0.4, ""lr"": 0.001}",26.0
classification,Carrot,MDS,Mamba SSM,9,0.7294117647058823,1080.4963315629866,279,80,"{""K"": 2, ""units"": 64, ""dropout"": 0.2, ""lr"": 0.001}",36.0
classification,Carrot,MDS,RNN GRU,0,0.7397260273972602,294.57710487698205,280,80,"{""K"": 2, ""units"": 64, ""dropout"": 0.0, ""lr"": 0.001}",43.0
classification,Carrot,MDS,RNN GRU,1,0.7560975609756098,279.77932201104704,280,80,"{""K"": 2, ""units"": 64, ""dropout"": 0.4, ""lr"": 0.001}",32.0
classification,Carrot,MDS,RNN GRU,2,0.7469879518072289,348.3962817429565,279,80,"{""K"": 2, ""units"": 32, ""dropout"": 0.2, ""lr"": 0.001}",52.0
classification,Carrot,MDS,RNN GRU,3,0.6666666666666666,294.21221569099,280,80,"{""K"": 4, ""units"": 32, ""dropout"": 0.3, ""lr"": 0.001}",30.0
classification,Carrot,MDS,RNN GRU,4,0.6746987951807228,277.8977818599669,280,80,"{""K"": 2, ""units"": 64, ""dropout"": 0.1, ""lr"": 0.001}",27.0
classification,Carrot,MDS,RNN GRU,5,0.65,414.1723634259543,280,80,"{""K"": 6, ""units"": 64, ""dropout"": 0.2, ""lr"": 0.001}",84.0
classification,Carrot,MDS,RNN GRU,6,0.725,343.7213388129603,279,80,"{""K"": 6, ""units"": 64, ""dropout"": 0.2, ""lr"": 0.001}",42.0
classification,Carrot,MDS,RNN GRU,7,0.7380952380952381,323.003695892985,279,80,"{""K"": 2, ""units"": 64, ""dropout"": 0.0, ""lr"": 0.001}",29.0
classification,Carrot,MDS,RNN GRU,8,0.6976744186046512,263.2099588820711,279,80,"{""K"": 2, ""units"": 64, ""dropout"": 0.0, ""lr"": 0.001}",30.0
classification,Carrot,MDS,RNN GRU,9,0.7160493827160493,330.4013139550807,279,80,"{""K"": 4, ""units"": 64, ""dropout"": 0.2, ""lr"": 0.001}",47.0
classification,Carrot,MDS,Random forest,0,0.7246376811594203,10.061811066698285,319,80,"{""n_estimators"": 100, ""max_depth"": 5, ""max_features"": ""sqrt"", ""min_samples_split"": 2}",
classification,Carrot,MDS,Random forest,1,0.7317073170731707,10.32531149405986,319,80,"{""n_estimators"": 100, ""max_depth"": 5, ""max_features"": ""sqrt"", ""min_samples_split"": 2}",
classification,Carrot,MDS,Random forest,2,0.6842105263157895,10.338168438058348,319,80,"{""n_estimators"": 100, ""max_depth"": 5, ""max_features"": ""sqrt"", ""min_samples_split"": 2}",
classification,Carrot,MDS,Random forest,3,0.7012987012987013,9.246678726747632,319,80,"{""n_estimators"": 100, ""max_depth"": 5, ""max_features"": ""sqrt"", ""min_samples_split"": 2}",
classification,Carrot,MDS,Random forest,4,0.7073170731707317,8.999532800167799,319,80,"{""n_estimators"": 100, ""max_depth"": 5, ""max_features"": ""sqrt"", ""min_samples_split"": 5}",
classification,Carrot,MDS,Random forest,5,0.6329113924050633,8.994362915866077,319,80,"{""n_estimators"": 100, ""max_depth"": null, ""max_features"": ""sqrt"", ""min_samples_split"": 5}",
classification,Carrot,MDS,Random forest,6,0.7105263157894737,8.953152535948902,319,80,"{""n_estimators"": 100, ""max_depth"": 5, ""max_features"": ""sqrt"", ""min_samples_split"": 2}",
classification,Carrot,MDS,Random forest,7,0.7160493827160493,10.093653148040175,319,80,"{""n_estimators"": 100, ""max_depth"": 5, ""max_features"": ""sqrt"", ""min_samples_split"": 10}",
classification,Carrot,MDS,Random forest,8,0.6823529411764706,8.877332645002753,319,80,"{""n_estimators"": 100, ""max_depth"": 5, ""max_features"": ""sqrt"", ""min_samples_split"": 10}",
classification,Carrot,MDS,Random forest,9,0.6666666666666666,11.82711429381743,319,80,"{""n_estimators"": 100, ""max_depth"": 5, ""max_features"": ""sqrt"", ""min_samples_split"": 2}",
classification,Carrot,MDS,TabPFN,0,0.7435897435897436,18.230198913952336,319,80,"{""model"": ""tabpfn-v3-default""}",
classification,Carrot,MDS,TabPFN,1,0.7529411764705882,19.407712597050704,319,80,"{""model"": ""tabpfn-v3-default""}",
classification,Carrot,MDS,TabPFN,2,0.7469879518072289,14.365167749929242,319,80,"{""model"": ""tabpfn-v3-default""}",
classification,Carrot,MDS,TabPFN,3,0.7,16.509494817000814,319,80,"{""model"": ""tabpfn-v3-default""}",
classification,Carrot,MDS,TabPFN,4,0.6987951807228916,17.665107610053383,319,80,"{""model"": ""tabpfn-v3-default""}",
classification,Carrot,MDS,TabPFN,5,0.7654320987654321,15.764899880974554,319,80,"{""model"": ""tabpfn-v3-default""}",
classification,Carrot,MDS,TabPFN,6,0.725,19.070344301057048,319,80,"{""model"": ""tabpfn-v3-default""}",
classification,Carrot,MDS,TabPFN,7,0.7380952380952381,18.35388894705102,319,80,"{""model"": ""tabpfn-v3-default""}",
classification,Carrot,MDS,TabPFN,8,0.6976744186046512,18.903313272050585,319,80,"{""model"": ""tabpfn-v3-default""}",
classification,Carrot,MDS,TabPFN,9,0.7272727272727273,18.853637019987215,319,80,"{""model"": ""tabpfn-v3-default""}",
classification,Carrot,MDS,k-NN,0,0.72,0.5717607820406556,319,80,"{""n_neighbors"": 7, ""weights"": ""uniform"", ""metric"": ""euclidean""}",
classification,Carrot,MDS,k-NN,1,0.6493506493506493,0.6151915551163256,319,80,"{""n_neighbors"": 5, ""weights"": ""uniform"", ""metric"": ""euclidean""}",
classification,Carrot,MDS,k-NN,2,0.6842105263157895,0.6789515200071037,319,80,"{""n_neighbors"": 5, ""weights"": ""uniform"", ""metric"": ""euclidean""}",
classification,Carrot,MDS,k-NN,3,0.7105263157894737,0.6392542361281812,319,80,"{""n_neighbors"": 7, ""weights"": ""uniform"", ""metric"": ""euclidean""}",
classification,Carrot,MDS,k-NN,4,0.7088607594936709,0.6665176297537982,319,80,"{""n_neighbors"": 7, ""weights"": ""uniform"", ""metric"": ""euclidean""}",
classification,Carrot,MDS,k-NN,5,0.7160493827160493,0.6631768047809601,319,80,"{""n_neighbors"": 7, ""weights"": ""uniform"", ""metric"": ""euclidean""}",
classification,Carrot,MDS,k-NN,6,0.72,0.6716168727725744,319,80,"{""n_neighbors"": 7, ""weights"": ""uniform"", ""metric"": ""euclidean""}",
classification,Carrot,MDS,k-NN,7,0.6578947368421053,0.6775714154355228,319,80,"{""n_neighbors"": 7, ""weights"": ""uniform"", ""metric"": ""euclidean""}",
classification,Carrot,MDS,k-NN,8,0.6190476190476191,0.6374589866027236,319,80,"{""n_neighbors"": 5, ""weights"": ""uniform"", ""metric"": ""euclidean""}",
classification,Carrot,MDS,k-NN,9,0.6829268292682927,0.5705215879715979,319,80,"{""n_neighbors"": 7, ""weights"": ""uniform"", ""metric"": ""euclidean""}",
classification,Carrot,No Reduction,Decision tree,0,0.7435897435897436,0.1588236959651112,319,80,"{""max_depth"": 3, ""min_samples_split"": 5}",
classification,Carrot,No Reduction,Decision tree,1,0.7560975609756098,0.1657556481659412,319,80,"{""max_depth"": 3, ""min_samples_split"": 5}",
classification,Carrot,No Reduction,Decision tree,2,0.7469879518072289,0.1625406253151595,319,80,"{""max_depth"": 3, ""min_samples_split"": 5}",
classification,Carrot,No Reduction,Decision tree,3,0.6216216216216216,0.161740006878972,319,80,"{""max_depth"": 3, ""min_samples_split"": 5}",
classification,Carrot,No Reduction,Decision tree,4,0.6987951807228916,0.1604810440912842,319,80,"{""max_depth"": 3, ""min_samples_split"": 5}",
classification,Carrot,No Reduction,Decision tree,5,0.6376811594202898,0.1583970421925187,319,80,"{""max_depth"": 3, ""min_samples_split"": 20}",
classification,Carrot,No Reduction,Decision tree,6,0.725,0.159886416979134,319,80,"{""max_depth"": 3, ""min_samples_split"": 5}",
classification,Carrot,No Reduction,Decision tree,7,0.7380952380952381,0.1712579857558012,319,80,"{""max_depth"": 3, ""min_samples_split"": 5}",
classification,Carrot,No Reduction,Decision tree,8,0.7045454545454546,0.1577001647092402,319,80,"{""max_depth"": 3, ""min_samples_split"": 5}",
classification,Carrot,No Reduction,Decision tree,9,0.7272727272727273,0.1605974538251757,319,80,"{""max_depth"": 3, ""min_samples_split"": 5}",
classification,Carrot,No Reduction,LSTM,0,0.717948717948718,249.80133693502285,280,80,"{""K"": 2, ""units"": 64, ""dropout"": 0.4, ""lr"": 0.001}",77.0
classification,Carrot,No Reduction,LSTM,1,0.7407407407407407,219.6708553669741,280,80,"{""K"": 6, ""units"": 64, ""dropout"": 0.1, ""lr"": 0.0003}",79.0
classification,Carrot,No Reduction,LSTM,2,0.7469879518072289,286.77961938397493,279,80,"{""K"": 2, ""units"": 64, ""dropout"": 0.1, ""lr"": 0.001}",37.0
classification,Carrot,No Reduction,LSTM,3,0.7045454545454546,223.1852760100737,280,80,"{""K"": 4, ""units"": 64, ""dropout"": 0.0, ""lr"": 0.001}",26.0
classification,Carrot,No Reduction,LSTM,4,0.3859649122807017,243.1904017740162,280,80,"{""K"": 2, ""units"": 32, ""dropout"": 0.2, ""lr"": 0.001}",22.0
classification,Carrot,No Reduction,LSTM,5,0.6666666666666666,267.965712758014,280,80,"{""K"": 4, ""units"": 64, ""dropout"": 0.1, ""lr"": 0.001}",93.0
classification,Carrot,No Reduction,LSTM,6,0.7435897435897436,323.10426808707416,279,80,"{""K"": 4, ""units"": 64, ""dropout"": 0.0, ""lr"": 0.0003}",78.0
classification,Carrot,No Reduction,LSTM,7,0.7228915662650602,240.09985671692996,279,80,"{""K"": 2, ""units"": 64, ""dropout"": 0.3, ""lr"": 0.0003}",74.0
classification,Carrot,No Reduction,LSTM,8,0.6976744186046512,248.2943578140112,279,80,"{""K"": 4, ""units"": 64, ""dropout"": 0.3, ""lr"": 0.001}",35.0
classification,Carrot,No Reduction,LSTM,9,0.7126436781609196,282.049907720997,279,80,"{""K"": 4, ""units"": 32, ""dropout"": 0.1, ""lr"": 0.001}",67.0
classification,Carrot,No Reduction,MLP,0,0.7272727272727273,46.66598858032376,280,80,"{""hidden"": [64, 32], ""dropout"": 0.4, ""lr"": 0.0003}",151.0
classification,Carrot,No Reduction,MLP,1,0.7441860465116279,63.16738831065595,280,80,"{""hidden"": [128, 64], ""dropout"": 0.4, ""lr"": 0.001}",29.0
classification,Carrot,No Reduction,MLP,2,0.691358024691358,64.58787904400378,279,80,"{""hidden"": [128, 64], ""dropout"": 0.0, ""lr"": 0.001}",37.0
classification,Carrot,No Reduction,MLP,3,0.6585365853658537,54.45253040222451,280,80,"{""hidden"": [128, 64], ""dropout"": 0.3, ""lr"": 0.001}",24.0
classification,Carrot,No Reduction,MLP,4,0.6111111111111112,49.70999127719551,280,80,"{""hidden"": [64, 32], ""dropout"": 0.0, ""lr"": 0.001}",21.0
classification,Carrot,No Reduction,MLP,5,0.7105263157894737,64.95741577679291,280,80,"{""hidden"": [32, 16], ""dropout"": 0.2, ""lr"": 0.001}",54.0
classification,Carrot,No Reduction,MLP,6,0.7435897435897436,61.43779903789982,279,80,"{""hidden"": [128, 64], ""dropout"": 0.0, ""lr"": 0.001}",73.0
classification,Carrot,No Reduction,MLP,7,0.7228915662650602,63.02942572906613,279,80,"{""hidden"": [64, 32], ""dropout"": 0.0, ""lr"": 0.001}",29.0
classification,Carrot,No Reduction,MLP,8,0.6823529411764706,62.91025172313675,279,80,"{""hidden"": [32, 16], ""dropout"": 0.3, ""lr"": 0.0003}",82.0
classification,Carrot,No Reduction,MLP,9,0.7272727272727273,55.26496782666072,279,80,"{""hidden"": [64, 32], ""dropout"": 0.3, ""lr"": 0.0003}",48.0
classification,Carrot,No Reduction,Mamba SSM,0,0.7105263157894737,1005.0885785669088,280,80,"{""K"": 2, ""units"": 32, ""dropout"": 0.4, ""lr"": 0.001}",35.0
classification,Carrot,No Reduction,Mamba SSM,1,0.7560975609756098,1029.615709339967,280,80,"{""K"": 4, ""units"": 64, ""dropout"": 0.1, ""lr"": 0.0003}",28.0
classification,Carrot,No Reduction,Mamba SSM,2,0.7469879518072289,1071.012959144893,279,80,"{""K"": 2, ""units"": 32, ""dropout"": 0.1, ""lr"": 0.001}",27.0
classification,Carrot,No Reduction,Mamba SSM,3,0.5084745762711864,1027.5374774270458,280,80,"{""K"": 2, ""units"": 32, ""dropout"": 0.3, ""lr"": 0.001}",23.0
classification,Carrot,No Reduction,Mamba SSM,4,0.6987951807228916,907.9742287490516,280,80,"{""K"": 2, ""units"": 32, ""dropout"": 0.0, ""lr"": 0.001}",22.0
classification,Carrot,No Reduction,Mamba SSM,5,0.631578947368421,1132.9545295748394,280,80,"{""K"": 4, ""units"": 64, ""dropout"": 0.2, ""lr"": 0.001}",51.0
classification,Carrot,No Reduction,Mamba SSM,6,0.717948717948718,1089.7269779231865,279,80,"{""K"": 6, ""units"": 64, ""dropout"": 0.2, ""lr"": 0.001}",44.0
classification,Carrot,No Reduction,Mamba SSM,7,0.7380952380952381,1030.918671212159,279,80,"{""K"": 2, ""units"": 64, ""dropout"": 0.0, ""lr"": 0.001}",25.0
classification,Carrot,No Reduction,Mamba SSM,8,0.6823529411764706,1022.1808969730046,279,80,"{""K"": 2, ""units"": 32, ""dropout"": 0.0, ""lr"": 0.001}",30.0
classification,Carrot,No Reduction,Mamba SSM,9,0.7272727272727273,959.571474259952,279,80,"{""K"": 6, ""units"": 64, ""dropout"": 0.1, ""lr"": 0.001}",33.0
classification,Carrot,No Reduction,RNN GRU,0,0.75,277.0170077449875,280,80,"{""K"": 4, ""units"": 64, ""dropout"": 0.2, ""lr"": 0.001}",63.0
classification,Carrot,No Reduction,RNN GRU,1,0.7560975609756098,306.7455910569988,280,80,"{""K"": 4, ""units"": 32, ""dropout"": 0.4, ""lr"": 0.001}",43.0
classification,Carrot,No Reduction,RNN GRU,2,0.7469879518072289,278.43229871604126,279,80,"{""K"": 6, ""units"": 32, ""dropout"": 0.0, ""lr"": 0.001}",37.0
classification,Carrot,No Reduction,RNN GRU,3,0.6829268292682927,260.31939487403724,280,80,"{""K"": 4, ""units"": 64, ""dropout"": 0.4, ""lr"": 0.001}",28.0
classification,Carrot,No Reduction,RNN GRU,4,0.5633802816901409,248.98700824193656,280,80,"{""K"": 2, ""units"": 32, ""dropout"": 0.4, ""lr"": 0.001}",24.0
classification,Carrot,No Reduction,RNN GRU,5,0.6052631578947368,314.32991555298213,280,80,"{""K"": 6, ""units"": 32, ""dropout"": 0.1, ""lr"": 0.001}",109.0
classification,Carrot,No Reduction,RNN GRU,6,0.7209302325581395,334.0066327379318,279,80,"{""K"": 6, ""units"": 64, ""dropout"": 0.3, ""lr"": 0.0003}",68.0
classification,Carrot,No Reduction,RNN GRU,7,0.7142857142857143,292.93396579497494,279,80,"{""K"": 2, ""units"": 32, ""dropout"": 0.3, ""lr"": 0.0003}",124.0
classification,Carrot,No Reduction,RNN GRU,8,0.6896551724137931,289.4650075909449,279,80,"{""K"": 2, ""units"": 32, ""dropout"": 0.3, ""lr"": 0.001}",53.0
classification,Carrot,No Reduction,RNN GRU,9,0.6987951807228916,258.1385051290272,279,80,"{""K"": 4, ""units"": 32, ""dropout"": 0.4, ""lr"": 0.001}",65.0
classification,Carrot,No Reduction,Random forest,0,0.6666666666666666,8.21280291583389,319,80,"{""n_estimators"": 100, ""max_depth"": 5, ""max_features"": ""log2"", ""min_samples_split"": 2}",
classification,Carrot,No Reduction,Random forest,1,0.7317073170731707,7.39466090593487,319,80,"{""n_estimators"": 100, ""max_depth"": 5, ""max_features"": ""log2"", ""min_samples_split"": 10}",
classification,Carrot,No Reduction,Random forest,2,0.6923076923076923,8.11340840999037,319,80,"{""n_estimators"": 100, ""max_depth"": 5, ""max_features"": ""log2"", ""min_samples_split"": 5}",
classification,Carrot,No Reduction,Random forest,3,0.6666666666666666,7.290095825213939,319,80,"{""n_estimators"": 100, ""max_depth"": 5, ""max_features"": ""log2"", ""min_samples_split"": 5}",
classification,Carrot,No Reduction,Random forest,4,0.6987951807228916,8.251487160101533,319,80,"{""n_estimators"": 100, ""max_depth"": 5, ""max_features"": ""sqrt"", ""min_samples_split"": 10}",
classification,Carrot,No Reduction,Random forest,5,0.6666666666666666,8.243040991947055,319,80,"{""n_estimators"": 100, ""max_depth"": 5, ""max_features"": ""sqrt"", ""min_samples_split"": 5}",
classification,Carrot,No Reduction,Random forest,6,0.725,8.744424249976873,319,80,"{""n_estimators"": 100, ""max_depth"": 5, ""max_features"": ""log2"", ""min_samples_split"": 10}",
classification,Carrot,No Reduction,Random forest,7,0.7317073170731707,7.298494062852114,319,80,"{""n_estimators"": 100, ""max_depth"": 5, ""max_features"": ""log2"", ""min_samples_split"": 10}",
classification,Carrot,No Reduction,Random forest,8,0.6904761904761905,8.26368403667584,319,80,"{""n_estimators"": 100, ""max_depth"": 5, ""max_features"": ""log2"", ""min_samples_split"": 10}",
classification,Carrot,No Reduction,Random forest,9,0.6835443037974683,8.277916644699872,319,80,"{""n_estimators"": 100, ""max_depth"": null, ""max_features"": ""log2"", ""min_samples_split"": 10}",
classification,Carrot,No Reduction,TabPFN,0,0.7435897435897436,39.69920199399348,319,80,"{""model"": ""tabpfn-v3-default""}",
classification,Carrot,No Reduction,TabPFN,1,0.7560975609756098,39.71845469600521,319,80,"{""model"": ""tabpfn-v3-default""}",
classification,Carrot,No Reduction,TabPFN,2,0.7469879518072289,37.4657191359438,319,80,"{""model"": ""tabpfn-v3-default""}",
classification,Carrot,No Reduction,TabPFN,3,0.7073170731707317,39.67093090701383,319,80,"{""model"": ""tabpfn-v3-default""}",
classification,Carrot,No Reduction,TabPFN,4,0.6987951807228916,38.89140391803812,319,80,"{""model"": ""tabpfn-v3-default""}",
classification,Carrot,No Reduction,TabPFN,5,0.7654320987654321,38.60272402106784,319,80,"{""model"": ""tabpfn-v3-default""}",
classification,Carrot,No Reduction,TabPFN,6,0.725,36.15103656903375,319,80,"{""model"": ""tabpfn-v3-default""}",
classification,Carrot,No Reduction,TabPFN,7,0.7380952380952381,38.57497018005233,319,80,"{""model"": ""tabpfn-v3-default""}",
classification,Carrot,No Reduction,TabPFN,8,0.6976744186046512,39.77171878796071,319,80,"{""model"": ""tabpfn-v3-default""}",
classification,Carrot,No Reduction,TabPFN,9,0.7272727272727273,40.0088176910067,319,80,"{""model"": ""tabpfn-v3-default""}",
classification,Carrot,No Reduction,k-NN,0,0.6666666666666666,0.1156668267212808,319,80,"{""n_neighbors"": 5, ""weights"": ""uniform"", ""metric"": ""euclidean""}",
classification,Carrot,No Reduction,k-NN,1,0.6666666666666666,0.0995954391546547,319,80,"{""n_neighbors"": 5, ""weights"": ""uniform"", ""metric"": ""euclidean""}",
classification,Carrot,No Reduction,k-NN,2,0.717948717948718,0.1212482242844998,319,80,"{""n_neighbors"": 7, ""weights"": ""uniform"", ""metric"": ""euclidean""}",
classification,Carrot,No Reduction,k-NN,3,0.7012987012987013,0.0745424171909689,319,80,"{""n_neighbors"": 7, ""weights"": ""uniform"", ""metric"": ""euclidean""}",
classification,Carrot,No Reduction,k-NN,4,0.717948717948718,0.1023597973398864,319,80,"{""n_neighbors"": 7, ""weights"": ""uniform"", ""metric"": ""euclidean""}",
classification,Carrot,No Reduction,k-NN,5,0.6666666666666666,0.0856019323691725,319,80,"{""n_neighbors"": 7, ""weights"": ""uniform"", ""metric"": ""euclidean""}",
classification,Carrot,No Reduction,k-NN,6,0.72,0.1062030270695686,319,80,"{""n_neighbors"": 7, ""weights"": ""uniform"", ""metric"": ""euclidean""}",
classification,Carrot,No Reduction,k-NN,7,0.6842105263157895,0.0751295839436352,319,80,"{""n_neighbors"": 7, ""weights"": ""uniform"", ""metric"": ""euclidean""}",
classification,Carrot,No Reduction,k-NN,8,0.6744186046511628,0.0747065092436969,319,80,"{""n_neighbors"": 7, ""weights"": ""uniform"", ""metric"": ""euclidean""}",
classification,Carrot,No Reduction,k-NN,9,0.65,0.0736326766200363,319,80,"{""n_neighbors"": 7, ""weights"": ""uniform"", ""metric"": ""euclidean""}",
classification,Carrot,PCA,Decision tree,0,0.6216216216216216,0.1369056180119514,319,80,"{""max_depth"": 5, ""min_samples_split"": 20}",
classification,Carrot,PCA,Decision tree,1,0.65,0.1502473461441695,319,80,"{""max_depth"": 4, ""min_samples_split"": 20}",
classification,Carrot,PCA,Decision tree,2,0.5454545454545454,0.1522862580604851,319,80,"{""max_depth"": 5, ""min_samples_split"": 5}",
classification,Carrot,PCA,Decision tree,3,0.6835443037974683,0.1493777269497513,319,80,"{""max_depth"": 4, ""min_samples_split"": 10}",
classification,Carrot,PCA,Decision tree,4,0.7608695652173914,0.1455081771127879,319,80,"{""max_depth"": 4, ""min_samples_split"": 5}",
classification,Carrot,PCA,Decision tree,5,0.7088607594936709,0.1428165691904723,319,80,"{""max_depth"": 3, ""min_samples_split"": 20}",
classification,Carrot,PCA,Decision tree,6,0.7032967032967034,0.1437581893987953,319,80,"{""max_depth"": 4, ""min_samples_split"": 20}",
classification,Carrot,PCA,Decision tree,7,0.7608695652173914,0.1447611502371728,319,80,"{""max_depth"": 3, ""min_samples_split"": 5}",
classification,Carrot,PCA,Decision tree,8,0.6966292134831461,0.1451837443746626,319,80,"{""max_depth"": 4, ""min_samples_split"": 10}",
classification,Carrot,PCA,Decision tree,9,0.6966292134831461,0.1460545631125569,319,80,"{""max_depth"": 4, ""min_samples_split"": 10}",
classification,Carrot,PCA,LSTM,0,0.7466666666666667,264.08018159202766,280,80,"{""K"": 6, ""units"": 32, ""dropout"": 0.1, ""lr"": 0.001}",43.0
classification,Carrot,PCA,LSTM,1,0.7560975609756098,279.662118999986,280,80,"{""K"": 2, ""units"": 32, ""dropout"": 0.2, ""lr"": 0.001}",34.0
classification,Carrot,PCA,LSTM,2,0.7469879518072289,305.5002350350842,279,80,"{""K"": 4, ""units"": 64, ""dropout"": 0.0, ""lr"": 0.001}",52.0
classification,Carrot,PCA,LSTM,3,0.7,227.0205219950294,280,80,"{""K"": 2, ""units"": 64, ""dropout"": 0.4, ""lr"": 0.001}",30.0
classification,Carrot,PCA,LSTM,4,0.5897435897435898,230.53104198595972,280,80,"{""K"": 6, ""units"": 32, ""dropout"": 0.2, ""lr"": 0.0003}",43.0
classification,Carrot,PCA,LSTM,5,0.7272727272727273,258.9219865660416,280,80,"{""K"": 6, ""units"": 32, ""dropout"": 0.4, ""lr"": 0.0003}",117.0
classification,Carrot,PCA,LSTM,6,0.7407407407407407,243.4586254419992,279,80,"{""K"": 2, ""units"": 64, ""dropout"": 0.0, ""lr"": 0.001}",50.0
classification,Carrot,PCA,LSTM,7,0.7228915662650602,286.42693463503383,279,80,"{""K"": 2, ""units"": 32, ""dropout"": 0.4, ""lr"": 0.001}",50.0
classification,Carrot,PCA,LSTM,8,0.6976744186046512,216.53768024896272,279,80,"{""K"": 6, ""units"": 32, ""dropout"": 0.2, ""lr"": 0.0003}",100.0
classification,Carrot,PCA,LSTM,9,0.7435897435897436,276.2123931130627,279,80,"{""K"": 2, ""units"": 32, ""dropout"": 0.3, ""lr"": 0.001}",47.0
classification,Carrot,PCA,MLP,0,0.7435897435897436,76.92523819766939,280,80,"{""hidden"": [128, 64], ""dropout"": 0.0, ""lr"": 0.001}",63.0
classification,Carrot,PCA,MLP,1,0.7560975609756098,89.93513708375394,280,80,"{""hidden"": [128, 64], ""dropout"": 0.1, ""lr"": 0.001}",32.0
classification,Carrot,PCA,MLP,2,0.7469879518072289,78.97044122219086,279,80,"{""hidden"": [64, 32], ""dropout"": 0.0, ""lr"": 0.001}",66.0
classification,Carrot,PCA,MLP,3,0.5757575757575758,77.19552729418501,280,80,"{""hidden"": [64, 32], ""dropout"": 0.0, ""lr"": 0.001}",24.0
classification,Carrot,PCA,MLP,4,0.6301369863013698,71.63122053584084,280,80,"{""hidden"": [32, 16], ""dropout"": 0.0, ""lr"": 0.001}",25.0
classification,Carrot,PCA,MLP,5,0.7654320987654321,83.3637967268005,280,80,"{""hidden"": [64, 32], ""dropout"": 0.1, ""lr"": 0.0003}",155.0
classification,Carrot,PCA,MLP,6,0.725,79.9024161058478,279,80,"{""hidden"": [64, 32], ""dropout"": 0.0, ""lr"": 0.0003}",94.0
classification,Carrot,PCA,MLP,7,0.7380952380952381,93.65384766506033,279,80,"{""hidden"": [64, 32], ""dropout"": 0.2, ""lr"": 0.0003}",104.0
classification,Carrot,PCA,MLP,8,0.6976744186046512,69.01401625107974,279,80,"{""hidden"": [128, 64], ""dropout"": 0.0, ""lr"": 0.001}",35.0
classification,Carrot,PCA,MLP,9,0.7272727272727273,83.72674731118605,279,80,"{""hidden"": [64, 32], ""dropout"": 0.3, ""lr"": 0.0003}",105.0
classification,Carrot,PCA,Mamba SSM,0,0.6857142857142857,1081.367384276935,280,80,"{""K"": 4, ""units"": 32, ""dropout"": 0.2, ""lr"": 0.0003}",39.0
classification,Carrot,PCA,Mamba SSM,1,0.7560975609756098,1193.2389804049162,280,80,"{""K"": 2, ""units"": 64, ""dropout"": 0.1, ""lr"": 0.0003}",28.0
classification,Carrot,PCA,Mamba SSM,2,0.7469879518072289,1071.847550024977,279,80,"{""K"": 2, ""units"": 64, ""dropout"": 0.4, ""lr"": 0.001}",52.0
classification,Carrot,PCA,Mamba SSM,3,0.6753246753246753,985.0009812319186,280,80,"{""K"": 6, ""units"": 32, ""dropout"": 0.4, ""lr"": 0.001}",24.0
classification,Carrot,PCA,Mamba SSM,4,0.6923076923076923,824.6370178739307,280,80,"{""K"": 2, ""units"": 64, ""dropout"": 0.1, ""lr"": 0.0003}",24.0
classification,Carrot,PCA,Mamba SSM,5,0.7272727272727273,1038.923197987955,280,80,"{""K"": 4, ""units"": 32, ""dropout"": 0.0, ""lr"": 0.0003}",36.0
classification,Carrot,PCA,Mamba SSM,6,0.725,971.1339973260184,279,80,"{""K"": 2, ""units"": 32, ""dropout"": 0.3, ""lr"": 0.001}",38.0
classification,Carrot,PCA,Mamba SSM,7,0.7317073170731707,1029.6411809739657,279,80,"{""K"": 2, ""units"": 32, ""dropout"": 0.2, ""lr"": 0.001}",29.0
classification,Carrot,PCA,Mamba SSM,8,0.6904761904761905,894.4247786588967,279,80,"{""K"": 2, ""units"": 64, ""dropout"": 0.2, ""lr"": 0.001}",35.0
classification,Carrot,PCA,Mamba SSM,9,0.7272727272727273,919.2566771369892,279,80,"{""K"": 2, ""units"": 32, ""dropout"": 0.4, ""lr"": 0.001}",28.0
classification,Carrot,PCA,RNN GRU,0,0.7027027027027027,306.7321245740168,280,80,"{""K"": 2, ""units"": 32, ""dropout"": 0.3, ""lr"": 0.001}",63.0
classification,Carrot,PCA,RNN GRU,1,0.7640449438202247,324.49563402007334,280,80,"{""K"": 6, ""units"": 64, ""dropout"": 0.1, ""lr"": 0.001}",30.0
classification,Carrot,PCA,RNN GRU,2,0.7294117647058823,342.86055675602984,279,80,"{""K"": 6, ""units"": 64, ""dropout"": 0.0, ""lr"": 0.001}",42.0
classification,Carrot,PCA,RNN GRU,3,0.7073170731707317,255.7991360379383,280,80,"{""K"": 2, ""units"": 64, ""dropout"": 0.1, ""lr"": 0.001}",33.0
classification,Carrot,PCA,RNN GRU,4,0.7045454545454546,274.4468356380239,280,80,"{""K"": 2, ""units"": 32, ""dropout"": 0.4, ""lr"": 0.001}",32.0
classification,Carrot,PCA,RNN GRU,5,0.7272727272727273,317.44673394795973,280,80,"{""K"": 2, ""units"": 64, ""dropout"": 0.0, ""lr"": 0.001}",32.0
classification,Carrot,PCA,RNN GRU,6,0.725,335.95931893901434,279,80,"{""K"": 2, ""units"": 32, ""dropout"": 0.3, ""lr"": 0.0003}",90.0
classification,Carrot,PCA,RNN GRU,7,0.7317073170731707,338.9385157339275,279,80,"{""K"": 4, ""units"": 64, ""dropout"": 0.1, ""lr"": 0.001}",50.0
classification,Carrot,PCA,RNN GRU,8,0.6904761904761905,262.3372254649876,279,80,"{""K"": 2, ""units"": 32, ""dropout"": 0.3, ""lr"": 0.0003}",92.0
classification,Carrot,PCA,RNN GRU,9,0.684931506849315,330.0743178880075,279,80,"{""K"": 2, ""units"": 32, ""dropout"": 0.4, ""lr"": 0.001}",44.0
classification,Carrot,PCA,Random forest,0,0.6944444444444444,8.775382902938873,319,80,"{""n_estimators"": 100, ""max_depth"": 5, ""max_features"": ""sqrt"", ""min_samples_split"": 10}",
classification,Carrot,PCA,Random forest,1,0.6410256410256411,7.514035670086741,319,80,"{""n_estimators"": 100, ""max_depth"": 5, ""max_features"": ""sqrt"", ""min_samples_split"": 2}",
classification,Carrot,PCA,Random forest,2,0.6756756756756757,7.490183672402054,319,80,"{""n_estimators"": 100, ""max_depth"": 5, ""max_features"": ""sqrt"", ""min_samples_split"": 10}",
classification,Carrot,PCA,Random forest,3,0.6666666666666666,8.537105767987669,319,80,"{""n_estimators"": 100, ""max_depth"": 5, ""max_features"": ""sqrt"", ""min_samples_split"": 2}",
classification,Carrot,PCA,Random forest,4,0.7160493827160493,8.706816668156534,319,80,"{""n_estimators"": 100, ""max_depth"": 5, ""max_features"": ""sqrt"", ""min_samples_split"": 2}",
classification,Carrot,PCA,Random forest,5,0.6829268292682927,7.5008725128136575,319,80,"{""n_estimators"": 100, ""max_depth"": 5, ""max_features"": ""sqrt"", ""min_samples_split"": 2}",
classification,Carrot,PCA,Random forest,6,0.725,8.559255039319396,319,80,"{""n_estimators"": 100, ""max_depth"": 5, ""max_features"": ""sqrt"", ""min_samples_split"": 5}",
classification,Carrot,PCA,Random forest,7,0.691358024691358,7.848316675983369,319,80,"{""n_estimators"": 100, ""max_depth"": null, ""max_features"": ""sqrt"", ""min_samples_split"": 10}",
classification,Carrot,PCA,Random forest,8,0.6904761904761905,8.48233694722876,319,80,"{""n_estimators"": 100, ""max_depth"": 5, ""max_features"": ""sqrt"", ""min_samples_split"": 10}",
classification,Carrot,PCA,Random forest,9,0.675,7.576619662810117,319,80,"{""n_estimators"": 100, ""max_depth"": 5, ""max_features"": ""sqrt"", ""min_samples_split"": 5}",
classification,Carrot,PCA,TabPFN,0,0.7435897435897436,15.56152829702478,319,80,"{""model"": ""tabpfn-v3-default""}",
classification,Carrot,PCA,TabPFN,1,0.7441860465116279,15.973881263984367,319,80,"{""model"": ""tabpfn-v3-default""}",
classification,Carrot,PCA,TabPFN,2,0.7469879518072289,13.504823393072002,319,80,"{""model"": ""tabpfn-v3-default""}",
classification,Carrot,PCA,TabPFN,3,0.7073170731707317,15.642974484013394,319,80,"{""model"": ""tabpfn-v3-default""}",
classification,Carrot,PCA,TabPFN,4,0.6987951807228916,16.93879989301786,319,80,"{""model"": ""tabpfn-v3-default""}",
classification,Carrot,PCA,TabPFN,5,0.7654320987654321,13.49859750806354,319,80,"{""model"": ""tabpfn-v3-default""}",
classification,Carrot,PCA,TabPFN,6,0.725,14.387450541951694,319,80,"{""model"": ""tabpfn-v3-default""}",
classification,Carrot,PCA,TabPFN,7,0.7380952380952381,15.453193156979978,319,80,"{""model"": ""tabpfn-v3-default""}",
classification,Carrot,PCA,TabPFN,8,0.6976744186046512,16.49923834297806,319,80,"{""model"": ""tabpfn-v3-default""}",
classification,Carrot,PCA,TabPFN,9,0.7272727272727273,14.46601058798842,319,80,"{""model"": ""tabpfn-v3-default""}",
classification,Carrot,PCA,k-NN,0,0.7105263157894737,0.0815731310285627,319,80,"{""n_neighbors"": 7, ""weights"": ""uniform"", ""metric"": ""euclidean""}",
classification,Carrot,PCA,k-NN,1,0.6835443037974683,0.0844274298287928,319,80,"{""n_neighbors"": 7, ""weights"": ""uniform"", ""metric"": ""euclidean""}",
classification,Carrot,PCA,k-NN,2,0.717948717948718,0.0845212917774915,319,80,"{""n_neighbors"": 7, ""weights"": ""uniform"", ""metric"": ""euclidean""}",
classification,Carrot,PCA,k-NN,3,0.6842105263157895,0.0880738580599427,319,80,"{""n_neighbors"": 7, ""weights"": ""uniform"", ""metric"": ""euclidean""}",
classification,Carrot,PCA,k-NN,4,0.6923076923076923,0.0810696547850966,319,80,"{""n_neighbors"": 7, ""weights"": ""uniform"", ""metric"": ""euclidean""}",
classification,Carrot,PCA,k-NN,5,0.5866666666666667,0.0881059388630092,319,80,"{""n_neighbors"": 5, ""weights"": ""uniform"", ""metric"": ""euclidean""}",
classification,Carrot,PCA,k-NN,6,0.7105263157894737,0.0889098970219492,319,80,"{""n_neighbors"": 5, ""weights"": ""uniform"", ""metric"": ""euclidean""}",
classification,Carrot,PCA,k-NN,7,0.6842105263157895,0.0858750361949205,319,80,"{""n_neighbors"": 7, ""weights"": ""uniform"", ""metric"": ""euclidean""}",
classification,Carrot,PCA,k-NN,8,0.6744186046511628,0.0894565130583942,319,80,"{""n_neighbors"": 7, ""weights"": ""uniform"", ""metric"": ""euclidean""}",
classification,Carrot,PCA,k-NN,9,0.7,0.0844258014112711,319,80,"{""n_neighbors"": 5, ""weights"": ""uniform"", ""metric"": ""euclidean""}",
classification,Lettuce,BOTCAST,Decision tree,0,0.8785046728971962,0.1148131480440497,431,109,"{""max_depth"": 4, ""min_samples_split"": 5}",
classification,Lettuce,BOTCAST,Decision tree,1,0.897196261682243,0.107950075995177,432,108,"{""max_depth"": 4, ""min_samples_split"": 5}",
classification,Lettuce,BOTCAST,Decision tree,2,0.9090909090909092,0.1069575347937643,432,108,"{""max_depth"": 5, ""min_samples_split"": 5}",
classification,Lettuce,BOTCAST,Decision tree,3,0.9272727272727272,0.2517878259532153,431,109,"{""max_depth"": 5, ""min_samples_split"": 5}",
classification,Lettuce,BOTCAST,Decision tree,4,0.9245283018867924,0.1084081199951469,431,109,"{""max_depth"": 4, ""min_samples_split"": 5}",
classification,Lettuce,BOTCAST,Decision tree,5,0.8543689320388349,0.118294253014028,434,106,"{""max_depth"": 4, ""min_samples_split"": 5}",
classification,Lettuce,BOTCAST,Decision tree,6,0.918918918918919,0.1122779808938503,431,109,"{""max_depth"": 5, ""min_samples_split"": 5}",
classification,Lettuce,BOTCAST,Decision tree,7,0.8910891089108911,0.1114293620921671,433,107,"{""max_depth"": 4, ""min_samples_split"": 5}",
classification,Lettuce,BOTCAST,Decision tree,8,0.8909090909090909,0.1124096820130944,430,110,"{""max_depth"": 4, ""min_samples_split"": 5}",
classification,Lettuce,BOTCAST,Decision tree,9,0.8990825688073395,0.1127286553382873,433,107,"{""max_depth"": 4, ""min_samples_split"": 5}",
classification,Lettuce,BOTCAST,LSTM,0,0.8785046728971962,513.9769000100205,375,109,"{""K"": 2, ""units"": 64, ""dropout"": 0.1, ""lr"": 0.001}",64.0
classification,Lettuce,BOTCAST,LSTM,1,0.897196261682243,542.5124606309691,377,108,"{""K"": 2, ""units"": 32, ""dropout"": 0.0, ""lr"": 0.001}",29.0
classification,Lettuce,BOTCAST,LSTM,2,0.8849557522123894,474.7802033239277,379,108,"{""K"": 2, ""units"": 64, ""dropout"": 0.0, ""lr"": 0.001}",97.0
classification,Lettuce,BOTCAST,LSTM,3,0.9272727272727272,485.2364966650493,371,109,"{""K"": 6, ""units"": 64, ""dropout"": 0.3, ""lr"": 0.0003}",111.0
classification,Lettuce,BOTCAST,LSTM,4,0.9245283018867924,417.0010460229824,375,109,"{""K"": 6, ""units"": 64, ""dropout"": 0.4, ""lr"": 0.001}",43.0
classification,Lettuce,BOTCAST,LSTM,5,0.8543689320388349,500.2755615588976,384,106,"{""K"": 4, ""units"": 32, ""dropout"": 0.0, ""lr"": 0.0003}",87.0
classification,Lettuce,BOTCAST,LSTM,6,0.8869565217391304,536.6024697379908,378,109,"{""K"": 2, ""units"": 32, ""dropout"": 0.0, ""lr"": 0.0003}",164.0
classification,Lettuce,BOTCAST,LSTM,7,0.8910891089108911,423.75942508492153,379,107,"{""K"": 2, ""units"": 32, ""dropout"": 0.0, ""lr"": 0.001}",52.0
classification,Lettuce,BOTCAST,LSTM,8,0.8909090909090909,441.78900054399855,377,110,"{""K"": 2, ""units"": 32, ""dropout"": 0.0, ""lr"": 0.001}",72.0
classification,Lettuce,BOTCAST,LSTM,9,0.8990825688073395,471.5374968240503,380,107,"{""K"": 6, ""units"": 64, ""dropout"": 0.4, ""lr"": 0.001}",46.0
classification,Lettuce,BOTCAST,MLP,0,0.8785046728971962,196.07491963729265,375,109,"{""hidden"": [64, 32], ""dropout"": 0.0, ""lr"": 0.001}",87.0
classification,Lettuce,BOTCAST,MLP,1,0.897196261682243,174.5331841162406,377,108,"{""hidden"": [64, 32], ""dropout"": 0.0, ""lr"": 0.001}",53.0
classification,Lettuce,BOTCAST,MLP,2,0.9090909090909092,213.60332353180277,379,108,"{""hidden"": [64, 32], ""dropout"": 0.0, ""lr"": 0.001}",156.0
classification,Lettuce,BOTCAST,MLP,3,0.9272727272727272,191.55294773215428,371,109,"{""hidden"": [64, 32], ""dropout"": 0.0, ""lr"": 0.001}",140.0
classification,Lettuce,BOTCAST,MLP,4,0.9245283018867924,189.5973449749872,375,109,"{""hidden"": [64, 32], ""dropout"": 0.0, ""lr"": 0.001}",59.0
classification,Lettuce,BOTCAST,MLP,5,0.8543689320388349,205.7783362553455,384,106,"{""hidden"": [64, 32], ""dropout"": 0.0, ""lr"": 0.001}",87.0
classification,Lettuce,BOTCAST,MLP,6,0.918918918918919,219.94177604094148,378,109,"{""hidden"": [64, 32], ""dropout"": 0.0, ""lr"": 0.001}",170.0
classification,Lettuce,BOTCAST,MLP,7,0.8910891089108911,189.80490775499493,379,107,"{""hidden"": [64, 32], ""dropout"": 0.0, ""lr"": 0.001}",143.0
classification,Lettuce,BOTCAST,MLP,8,0.8909090909090909,195.28430787613613,377,110,"{""hidden"": [64, 32], ""dropout"": 0.0, ""lr"": 0.001}",50.0
classification,Lettuce,BOTCAST,MLP,9,0.8990825688073395,193.8028319668956,380,107,"{""hidden"": [64, 32], ""dropout"": 0.0, ""lr"": 0.001}",46.0
classification,Lettuce,BOTCAST,Mamba SSM,0,0.8785046728971962,1187.975498041138,375,109,"{""K"": 2, ""units"": 32, ""dropout"": 0.1, ""lr"": 0.0003}",32.0
classification,Lettuce,BOTCAST,Mamba SSM,1,0.897196261682243,1290.4533535898663,377,108,"{""K"": 6, ""units"": 64, ""dropout"": 0.4, ""lr"": 0.0003}",26.0
classification,Lettuce,BOTCAST,Mamba SSM,2,0.9009009009009008,1225.7724815858528,379,108,"{""K"": 2, ""units"": 32, ""dropout"": 0.0, ""lr"": 0.001}",30.0
classification,Lettuce,BOTCAST,Mamba SSM,3,0.9272727272727272,1342.0971620911732,371,109,"{""K"": 2, ""units"": 32, ""dropout"": 0.0, ""lr"": 0.001}",40.0
classification,Lettuce,BOTCAST,Mamba SSM,4,0.9245283018867924,1235.5784596786834,375,109,"{""K"": 2, ""units"": 32, ""dropout"": 0.3, ""lr"": 0.001}",27.0
classification,Lettuce,BOTCAST,Mamba SSM,5,0.8543689320388349,1349.294395948993,384,106,"{""K"": 2, ""units"": 32, ""dropout"": 0.2, ""lr"": 0.001}",31.0
classification,Lettuce,BOTCAST,Mamba SSM,6,0.9107142857142856,1332.2081518289633,378,109,"{""K"": 2, ""units"": 32, ""dropout"": 0.0, ""lr"": 0.001}",36.0
classification,Lettuce,BOTCAST,Mamba SSM,7,0.8910891089108911,1267.8531565330925,379,107,"{""K"": 2, ""units"": 32, ""dropout"": 0.1, ""lr"": 0.0003}",32.0
classification,Lettuce,BOTCAST,Mamba SSM,8,0.8785046728971962,1308.4739538761787,377,110,"{""K"": 2, ""units"": 32, ""dropout"": 0.1, ""lr"": 0.001}",27.0
classification,Lettuce,BOTCAST,Mamba SSM,9,0.8990825688073395,1231.1740205569658,380,107,"{""K"": 2, ""units"": 64, ""dropout"": 0.1, ""lr"": 0.0003}",31.0
classification,Lettuce,BOTCAST,RNN GRU,0,0.8785046728971962,606.2001314740628,375,109,"{""K"": 2, ""units"": 32, ""dropout"": 0.0, ""lr"": 0.001}",103.0
classification,Lettuce,BOTCAST,RNN GRU,1,0.897196261682243,658.4125510089798,377,108,"{""K"": 2, ""units"": 64, ""dropout"": 0.0, ""lr"": 0.001}",29.0
classification,Lettuce,BOTCAST,RNN GRU,2,0.8928571428571429,480.61912210297305,379,108,"{""K"": 2, ""units"": 32, ""dropout"": 0.0, ""lr"": 0.001}",97.0
classification,Lettuce,BOTCAST,RNN GRU,3,0.9272727272727272,514.2792126779677,371,109,"{""K"": 2, ""units"": 64, ""dropout"": 0.3, ""lr"": 0.001}",78.0
classification,Lettuce,BOTCAST,RNN GRU,4,0.9245283018867924,470.0452289750101,375,109,"{""K"": 4, ""units"": 64, ""dropout"": 0.0, ""lr"": 0.001}",45.0
classification,Lettuce,BOTCAST,RNN GRU,5,0.8543689320388349,625.8318667110289,384,106,"{""K"": 2, ""units"": 32, ""dropout"": 0.0, ""lr"": 0.001}",43.0
classification,Lettuce,BOTCAST,RNN GRU,6,0.918918918918919,633.238959498005,378,109,"{""K"": 2, ""units"": 64, ""dropout"": 0.3, ""lr"": 0.0003}",48.0
classification,Lettuce,BOTCAST,RNN GRU,7,0.8910891089108911,501.3028751970269,379,107,"{""K"": 4, ""units"": 32, ""dropout"": 0.3, ""lr"": 0.001}",78.0
classification,Lettuce,BOTCAST,RNN GRU,8,0.8909090909090909,532.4034594059922,377,110,"{""K"": 2, ""units"": 64, ""dropout"": 0.1, ""lr"": 0.001}",50.0
classification,Lettuce,BOTCAST,RNN GRU,9,0.8990825688073395,615.4933266870212,380,107,"{""K"": 6, ""units"": 64, ""dropout"": 0.1, ""lr"": 0.001}",46.0
classification,Lettuce,BOTCAST,Random forest,0,0.8785046728971962,7.151719293091446,431,109,"{""n_estimators"": 100, ""max_depth"": null, ""max_features"": ""sqrt"", ""min_samples_split"": 2}",
classification,Lettuce,BOTCAST,Random forest,1,0.897196261682243,7.300901097711176,432,108,"{""n_estimators"": 100, ""max_depth"": null, ""max_features"": ""sqrt"", ""min_samples_split"": 2}",
classification,Lettuce,BOTCAST,Random forest,2,0.9090909090909092,7.145656718872488,432,108,"{""n_estimators"": 100, ""max_depth"": null, ""max_features"": ""sqrt"", ""min_samples_split"": 2}",
classification,Lettuce,BOTCAST,Random forest,3,0.9272727272727272,7.172599889803678,431,109,"{""n_estimators"": 100, ""max_depth"": null, ""max_features"": ""sqrt"", ""min_samples_split"": 2}",
classification,Lettuce,BOTCAST,Random forest,4,0.9245283018867924,7.137356312945485,431,109,"{""n_estimators"": 100, ""max_depth"": null, ""max_features"": ""sqrt"", ""min_samples_split"": 2}",
classification,Lettuce,BOTCAST,Random forest,5,0.8543689320388349,8.614854358602315,434,106,"{""n_estimators"": 100, ""max_depth"": null, ""max_features"": ""sqrt"", ""min_samples_split"": 2}",
classification,Lettuce,BOTCAST,Random forest,6,0.918918918918919,6.327168854884803,431,109,"{""n_estimators"": 100, ""max_depth"": null, ""max_features"": ""sqrt"", ""min_samples_split"": 2}",
classification,Lettuce,BOTCAST,Random forest,7,0.8910891089108911,6.38094048621133,433,107,"{""n_estimators"": 100, ""max_depth"": null, ""max_features"": ""sqrt"", ""min_samples_split"": 2}",
classification,Lettuce,BOTCAST,Random forest,8,0.8909090909090909,6.381941196043044,430,110,"{""n_estimators"": 100, ""max_depth"": null, ""max_features"": ""sqrt"", ""min_samples_split"": 2}",
classification,Lettuce,BOTCAST,Random forest,9,0.8990825688073395,7.396704287268221,433,107,"{""n_estimators"": 100, ""max_depth"": null, ""max_features"": ""sqrt"", ""min_samples_split"": 2}",
classification,Lettuce,BOTCAST,TabPFN,0,0.8785046728971962,17.504496812005527,431,109,"{""model"": ""tabpfn-v3-default""}",
classification,Lettuce,BOTCAST,TabPFN,1,0.897196261682243,16.837347771972418,432,108,"{""model"": ""tabpfn-v3-default""}",
classification,Lettuce,BOTCAST,TabPFN,2,0.9090909090909092,17.220492088934407,432,108,"{""model"": ""tabpfn-v3-default""}",
classification,Lettuce,BOTCAST,TabPFN,3,0.9272727272727272,16.23600189492572,431,109,"{""model"": ""tabpfn-v3-default""}",
classification,Lettuce,BOTCAST,TabPFN,4,0.9245283018867924,17.806482366053388,431,109,"{""model"": ""tabpfn-v3-default""}",
classification,Lettuce,BOTCAST,TabPFN,5,0.8543689320388349,17.402979317004792,434,106,"{""model"": ""tabpfn-v3-default""}",
classification,Lettuce,BOTCAST,TabPFN,6,0.918918918918919,17.72339814703446,431,109,"{""model"": ""tabpfn-v3-default""}",
classification,Lettuce,BOTCAST,TabPFN,7,0.8910891089108911,17.07680637901649,433,107,"{""model"": ""tabpfn-v3-default""}",
classification,Lettuce,BOTCAST,TabPFN,8,0.8909090909090909,18.305235479027036,430,110,"{""model"": ""tabpfn-v3-default""}",
classification,Lettuce,BOTCAST,TabPFN,9,0.8990825688073395,18.00414527708199,433,107,"{""model"": ""tabpfn-v3-default""}",
classification,Lettuce,BOTCAST,k-NN,0,0.8828828828828829,0.0687266369350254,431,109,"{""n_neighbors"": 3, ""weights"": ""uniform"", ""metric"": ""euclidean""}",
classification,Lettuce,BOTCAST,k-NN,1,0.897196261682243,0.0663690818473696,432,108,"{""n_neighbors"": 7, ""weights"": ""uniform"", ""metric"": ""euclidean""}",
classification,Lettuce,BOTCAST,k-NN,2,0.9090909090909092,0.0686295959167182,432,108,"{""n_neighbors"": 7, ""weights"": ""uniform"", ""metric"": ""euclidean""}",
classification,Lettuce,BOTCAST,k-NN,3,0.9272727272727272,0.0675608152523636,431,109,"{""n_neighbors"": 7, ""weights"": ""uniform"", ""metric"": ""euclidean""}",
classification,Lettuce,BOTCAST,k-NN,4,0.9019607843137256,0.0671900711022317,431,109,"{""n_neighbors"": 3, ""weights"": ""uniform"", ""metric"": ""euclidean""}",
classification,Lettuce,BOTCAST,k-NN,5,0.8,0.066270550712943,434,106,"{""n_neighbors"": 3, ""weights"": ""uniform"", ""metric"": ""euclidean""}",
classification,Lettuce,BOTCAST,k-NN,6,0.8543689320388349,0.0669225482270121,431,109,"{""n_neighbors"": 7, ""weights"": ""uniform"", ""metric"": ""euclidean""}",
classification,Lettuce,BOTCAST,k-NN,7,0.8910891089108911,0.0666125142015516,433,107,"{""n_neighbors"": 7, ""weights"": ""uniform"", ""metric"": ""euclidean""}",
classification,Lettuce,BOTCAST,k-NN,8,0.8596491228070176,0.0668666376732289,430,110,"{""n_neighbors"": 5, ""weights"": ""uniform"", ""metric"": ""euclidean""}",
classification,Lettuce,BOTCAST,k-NN,9,0.8990825688073395,0.0665421239100396,433,107,"{""n_neighbors"": 7, ""weights"": ""uniform"", ""metric"": ""euclidean""}",
classification,Lettuce,Isomap,Decision tree,0,0.8703703703703703,1.774472082965076,431,109,"{""max_depth"": 3, ""min_samples_split"": 5}",
classification,Lettuce,Isomap,Decision tree,1,0.8571428571428571,1.6051433668471873,432,108,"{""max_depth"": 3, ""min_samples_split"": 5}",
classification,Lettuce,Isomap,Decision tree,2,0.8947368421052632,1.5028915707953274,432,108,"{""max_depth"": 3, ""min_samples_split"": 20}",
classification,Lettuce,Isomap,Decision tree,3,0.896551724137931,1.3966233432292938,431,109,"{""max_depth"": 3, ""min_samples_split"": 20}",
classification,Lettuce,Isomap,Decision tree,4,0.9056603773584906,1.1321576149202883,431,109,"{""max_depth"": 4, ""min_samples_split"": 5}",
classification,Lettuce,Isomap,Decision tree,5,0.8,1.7176989512518048,434,106,"{""max_depth"": 4, ""min_samples_split"": 5}",
classification,Lettuce,Isomap,Decision tree,6,0.8828828828828829,1.124481685925275,431,109,"{""max_depth"": 5, ""min_samples_split"": 20}",
classification,Lettuce,Isomap,Decision tree,7,0.8888888888888888,1.1282548950985074,433,107,"{""max_depth"": 3, ""min_samples_split"": 5}",
classification,Lettuce,Isomap,Decision tree,8,0.8256880733944955,1.6398960198275745,430,110,"{""max_depth"": 5, ""min_samples_split"": 10}",
classification,Lettuce,Isomap,Decision tree,9,0.8113207547169812,1.384722039103508,433,107,"{""max_depth"": 4, ""min_samples_split"": 10}",
classification,Lettuce,Isomap,LSTM,0,0.8785046728971962,309.0295243280707,375,109,"{""K"": 6, ""units"": 32, ""dropout"": 0.4, ""lr"": 0.0003}",85.0
classification,Lettuce,Isomap,LSTM,1,0.8888888888888888,328.618199238088,377,108,"{""K"": 6, ""units"": 32, ""dropout"": 0.4, ""lr"": 0.001}",33.0
classification,Lettuce,Isomap,LSTM,2,0.9090909090909092,339.1153200850822,379,108,"{""K"": 6, ""units"": 32, ""dropout"": 0.2, ""lr"": 0.001}",38.0
classification,Lettuce,Isomap,LSTM,3,0.9357798165137616,323.99105925497133,371,109,"{""K"": 4, ""units"": 64, ""dropout"": 0.0, ""lr"": 0.001}",31.0
classification,Lettuce,Isomap,LSTM,4,0.8932038834951457,307.9252932309173,375,109,"{""K"": 4, ""units"": 64, ""dropout"": 0.2, ""lr"": 0.001}",36.0
classification,Lettuce,Isomap,LSTM,5,0.8461538461538461,346.3667077330174,384,106,"{""K"": 4, ""units"": 32, ""dropout"": 0.4, ""lr"": 0.001}",61.0
classification,Lettuce,Isomap,LSTM,6,0.9026548672566372,380.4212112110108,378,109,"{""K"": 6, ""units"": 32, ""dropout"": 0.4, ""lr"": 0.001}",48.0
classification,Lettuce,Isomap,LSTM,7,0.88,333.76907861907966,379,107,"{""K"": 6, ""units"": 64, ""dropout"": 0.1, ""lr"": 0.001}",36.0
classification,Lettuce,Isomap,LSTM,8,0.8620689655172413,376.0554371600738,377,110,"{""K"": 6, ""units"": 64, ""dropout"": 0.1, ""lr"": 0.0003}",132.0
classification,Lettuce,Isomap,LSTM,9,0.8761904761904762,362.79422915703617,380,107,"{""K"": 4, ""units"": 64, ""dropout"": 0.4, ""lr"": 0.001}",70.0
classification,Lettuce,Isomap,MLP,0,0.8785046728971962,66.63135963026434,375,109,"{""hidden"": [64, 32], ""dropout"": 0.0, ""lr"": 0.001}",34.0
classification,Lettuce,Isomap,MLP,1,0.9056603773584906,76.50880371406674,377,108,"{""hidden"": [32, 16], ""dropout"": 0.4, ""lr"": 0.001}",39.0
classification,Lettuce,Isomap,MLP,2,0.9107142857142856,72.36251972196624,379,108,"{""hidden"": [32, 16], ""dropout"": 0.0, ""lr"": 0.001}",68.0
classification,Lettuce,Isomap,MLP,3,0.9158878504672896,69.8780727959238,371,109,"{""hidden"": [128, 64], ""dropout"": 0.2, ""lr"": 0.0003}",59.0
classification,Lettuce,Isomap,MLP,4,0.903846153846154,61.354922090657055,375,109,"{""hidden"": [64, 32], ""dropout"": 0.1, ""lr"": 0.001}",32.0
classification,Lettuce,Isomap,MLP,5,0.8461538461538461,83.57442669896409,384,106,"{""hidden"": [32, 16], ""dropout"": 0.4, ""lr"": 0.0003}",168.0
classification,Lettuce,Isomap,MLP,6,0.918918918918919,84.73278301022947,378,109,"{""hidden"": [32, 16], ""dropout"": 0.2, ""lr"": 0.0003}",62.0
classification,Lettuce,Isomap,MLP,7,0.8737864077669902,66.71337027708068,379,107,"{""hidden"": [128, 64], ""dropout"": 0.4, ""lr"": 0.001}",36.0
classification,Lettuce,Isomap,MLP,8,0.8392857142857143,74.55673430394381,377,110,"{""hidden"": [128, 64], ""dropout"": 0.0, ""lr"": 0.001}",67.0
classification,Lettuce,Isomap,MLP,9,0.8909090909090909,74.49529940122738,380,107,"{""hidden"": [128, 64], ""dropout"": 0.4, ""lr"": 0.001}",36.0
classification,Lettuce,Isomap,Mamba SSM,0,0.8598130841121495,1067.925864086952,375,109,"{""K"": 2, ""units"": 64, ""dropout"": 0.3, ""lr"": 0.0003}",26.0
classification,Lettuce,Isomap,Mamba SSM,1,0.9009009009009008,1053.1216543349435,377,108,"{""K"": 6, ""units"": 32, ""dropout"": 0.4, ""lr"": 0.001}",27.0
classification,Lettuce,Isomap,Mamba SSM,2,0.9056603773584906,1081.5083751282657,379,108,"{""K"": 2, ""units"": 32, ""dropout"": 0.1, ""lr"": 0.0003}",33.0
classification,Lettuce,Isomap,Mamba SSM,3,0.925925925925926,1095.016835405957,371,109,"{""K"": 2, ""units"": 32, ""dropout"": 0.4, ""lr"": 0.001}",40.0
classification,Lettuce,Isomap,Mamba SSM,4,0.9142857142857144,1110.911328701768,375,109,"{""K"": 2, ""units"": 32, ""dropout"": 0.1, ""lr"": 0.0003}",30.0
classification,Lettuce,Isomap,Mamba SSM,5,0.8301886792452831,1103.6997692708392,384,106,"{""K"": 2, ""units"": 64, ""dropout"": 0.3, ""lr"": 0.0003}",29.0
classification,Lettuce,Isomap,Mamba SSM,6,0.9074074074074074,1105.0185164569411,378,109,"{""K"": 4, ""units"": 64, ""dropout"": 0.3, ""lr"": 0.0003}",29.0
classification,Lettuce,Isomap,Mamba SSM,7,0.8712871287128713,1071.708685210906,379,107,"{""K"": 6, ""units"": 32, ""dropout"": 0.0, ""lr"": 0.0003}",31.0
classification,Lettuce,Isomap,Mamba SSM,8,0.8363636363636363,1079.7129215190653,377,110,"{""K"": 6, ""units"": 64, ""dropout"": 0.2, ""lr"": 0.001}",44.0
classification,Lettuce,Isomap,Mamba SSM,9,0.8990825688073395,1136.362207124941,380,107,"{""K"": 4, ""units"": 64, ""dropout"": 0.4, ""lr"": 0.001}",25.0
classification,Lettuce,Isomap,RNN GRU,0,0.8653846153846154,292.5090508419089,375,109,"{""K"": 4, ""units"": 64, ""dropout"": 0.1, ""lr"": 0.001}",30.0
classification,Lettuce,Isomap,RNN GRU,1,0.8807339449541285,324.8211166239344,377,108,"{""K"": 2, ""units"": 64, ""dropout"": 0.1, ""lr"": 0.0003}",39.0
classification,Lettuce,Isomap,RNN GRU,2,0.9090909090909092,356.0947287409799,379,108,"{""K"": 4, ""units"": 32, ""dropout"": 0.1, ""lr"": 0.001}",38.0
classification,Lettuce,Isomap,RNN GRU,3,0.925925925925926,324.9548471509479,371,109,"{""K"": 6, ""units"": 64, ""dropout"": 0.0, ""lr"": 0.0003}",54.0
classification,Lettuce,Isomap,RNN GRU,4,0.8761904761904762,359.8829674149165,375,109,"{""K"": 6, ""units"": 64, ""dropout"": 0.1, ""lr"": 0.001}",29.0
classification,Lettuce,Isomap,RNN GRU,5,0.8155339805825242,388.13665994396433,384,106,"{""K"": 2, ""units"": 32, ""dropout"": 0.2, ""lr"": 0.0003}",117.0
classification,Lettuce,Isomap,RNN GRU,6,0.85,371.7354684419697,378,109,"{""K"": 6, ""units"": 64, ""dropout"": 0.2, ""lr"": 0.001}",27.0
classification,Lettuce,Isomap,RNN GRU,7,0.8737864077669902,335.5083403669996,379,107,"{""K"": 4, ""units"": 32, ""dropout"": 0.2, ""lr"": 0.001}",40.0
classification,Lettuce,Isomap,RNN GRU,8,0.8468468468468469,371.6128880589968,377,110,"{""K"": 4, ""units"": 64, ""dropout"": 0.3, ""lr"": 0.001}",42.0
classification,Lettuce,Isomap,RNN GRU,9,0.8867924528301887,387.4132800870575,380,107,"{""K"": 6, ""units"": 32, ""dropout"": 0.4, ""lr"": 0.001}",62.0
classification,Lettuce,Isomap,Random forest,0,0.8846153846153846,12.10401581088081,431,109,"{""n_estimators"": 100, ""max_depth"": 5, ""max_features"": ""sqrt"", ""min_samples_split"": 10}",
classification,Lettuce,Isomap,Random forest,1,0.8571428571428571,11.756109944079071,432,108,"{""n_estimators"": 100, ""max_depth"": 5, ""max_features"": ""sqrt"", ""min_samples_split"": 2}",
classification,Lettuce,Isomap,Random forest,2,0.9009009009009008,10.346336032729596,432,108,"{""n_estimators"": 100, ""max_depth"": 5, ""max_features"": ""sqrt"", ""min_samples_split"": 2}",
classification,Lettuce,Isomap,Random forest,3,0.9357798165137616,10.271810326725245,431,109,"{""n_estimators"": 100, ""max_depth"": 5, ""max_features"": ""sqrt"", ""min_samples_split"": 10}",
classification,Lettuce,Isomap,Random forest,4,0.8952380952380953,12.135982333682476,431,109,"{""n_estimators"": 100, ""max_depth"": 5, ""max_features"": ""sqrt"", ""min_samples_split"": 2}",
classification,Lettuce,Isomap,Random forest,5,0.8269230769230769,10.62230776110664,434,106,"{""n_estimators"": 100, ""max_depth"": 5, ""max_features"": ""sqrt"", ""min_samples_split"": 2}",
classification,Lettuce,Isomap,Random forest,6,0.8928571428571429,11.873851590789856,431,109,"{""n_estimators"": 100, ""max_depth"": 10, ""max_features"": ""sqrt"", ""min_samples_split"": 10}",
classification,Lettuce,Isomap,Random forest,7,0.8737864077669902,10.456188458949327,433,107,"{""n_estimators"": 100, ""max_depth"": 5, ""max_features"": ""sqrt"", ""min_samples_split"": 2}",
classification,Lettuce,Isomap,Random forest,8,0.8545454545454545,12.058646778110417,430,110,"{""n_estimators"": 100, ""max_depth"": 5, ""max_features"": ""sqrt"", ""min_samples_split"": 10}",
classification,Lettuce,Isomap,Random forest,9,0.8761904761904762,11.702880038879812,433,107,"{""n_estimators"": 100, ""max_depth"": 5, ""max_features"": ""sqrt"", ""min_samples_split"": 2}",
classification,Lettuce,Isomap,TabPFN,0,0.8785046728971962,23.316393559915014,431,109,"{""model"": ""tabpfn-v3-default""}",
classification,Lettuce,Isomap,TabPFN,1,0.897196261682243,23.14772425207775,432,108,"{""model"": ""tabpfn-v3-default""}",
classification,Lettuce,Isomap,TabPFN,2,0.9090909090909092,22.19527144404128,432,108,"{""model"": ""tabpfn-v3-default""}",
classification,Lettuce,Isomap,TabPFN,3,0.9272727272727272,22.576877304934897,431,109,"{""model"": ""tabpfn-v3-default""}",
classification,Lettuce,Isomap,TabPFN,4,0.9158878504672896,19.281273689004596,431,109,"{""model"": ""tabpfn-v3-default""}",
classification,Lettuce,Isomap,TabPFN,5,0.8543689320388349,20.58033872989472,434,106,"{""model"": ""tabpfn-v3-default""}",
classification,Lettuce,Isomap,TabPFN,6,0.918918918918919,21.214045339962468,431,109,"{""model"": ""tabpfn-v3-default""}",
classification,Lettuce,Isomap,TabPFN,7,0.8910891089108911,22.41275121900253,433,107,"{""model"": ""tabpfn-v3-default""}",
classification,Lettuce,Isomap,TabPFN,8,0.8828828828828829,23.02398097398691,430,110,"{""model"": ""tabpfn-v3-default""}",
classification,Lettuce,Isomap,TabPFN,9,0.8990825688073395,22.92933061893564,433,107,"{""model"": ""tabpfn-v3-default""}",
classification,Lettuce,Isomap,k-NN,0,0.8737864077669902,0.9628190002404152,431,109,"{""n_neighbors"": 5, ""weights"": ""uniform"", ""metric"": ""euclidean""}",
classification,Lettuce,Isomap,k-NN,1,0.8990825688073395,0.9763652100227772,432,108,"{""n_neighbors"": 7, ""weights"": ""uniform"", ""metric"": ""euclidean""}",
classification,Lettuce,Isomap,k-NN,2,0.9074074074074074,1.5659049581736326,432,108,"{""n_neighbors"": 7, ""weights"": ""uniform"", ""metric"": ""euclidean""}",
classification,Lettuce,Isomap,k-NN,3,0.9272727272727272,1.0629143030382693,431,109,"{""n_neighbors"": 7, ""weights"": ""uniform"", ""metric"": ""euclidean""}",
classification,Lettuce,Isomap,k-NN,4,0.8823529411764706,1.0525166452862322,431,109,"{""n_neighbors"": 3, ""weights"": ""uniform"", ""metric"": ""euclidean""}",
classification,Lettuce,Isomap,k-NN,5,0.8653846153846154,1.029150031041354,434,106,"{""n_neighbors"": 3, ""weights"": ""uniform"", ""metric"": ""euclidean""}",
classification,Lettuce,Isomap,k-NN,6,0.9009009009009008,1.1363509190268817,431,109,"{""n_neighbors"": 3, ""weights"": ""uniform"", ""metric"": ""euclidean""}",
classification,Lettuce,Isomap,k-NN,7,0.8627450980392157,1.1779195331037045,433,107,"{""n_neighbors"": 7, ""weights"": ""uniform"", ""metric"": ""euclidean""}",
classification,Lettuce,Isomap,k-NN,8,0.8545454545454545,1.0153074371628463,430,110,"{""n_neighbors"": 7, ""weights"": ""uniform"", ""metric"": ""euclidean""}",
classification,Lettuce,Isomap,k-NN,9,0.8727272727272727,1.4476167648099365,433,107,"{""n_neighbors"": 7, ""weights"": ""uniform"", ""metric"": ""euclidean""}",
classification,Lettuce,KernelPCA,Decision tree,0,0.8785046728971962,0.2743822410702705,431,109,"{""max_depth"": 3, ""min_samples_split"": 10}",
classification,Lettuce,KernelPCA,Decision tree,1,0.8785046728971962,0.3159012543037534,432,108,"{""max_depth"": 3, ""min_samples_split"": 5}",
classification,Lettuce,KernelPCA,Decision tree,2,0.8545454545454545,0.301380833145231,432,108,"{""max_depth"": 3, ""min_samples_split"": 5}",
classification,Lettuce,KernelPCA,Decision tree,3,0.9320388349514565,0.3225216730497777,431,109,"{""max_depth"": 4, ""min_samples_split"": 5}",
classification,Lettuce,KernelPCA,Decision tree,4,0.8490566037735849,0.2702859789133072,431,109,"{""max_depth"": 3, ""min_samples_split"": 10}",
classification,Lettuce,KernelPCA,Decision tree,5,0.8490566037735849,0.2763390108011663,434,106,"{""max_depth"": 3, ""min_samples_split"": 20}",
classification,Lettuce,KernelPCA,Decision tree,6,0.8598130841121495,0.2677914421074092,431,109,"{""max_depth"": 5, ""min_samples_split"": 5}",
classification,Lettuce,KernelPCA,Decision tree,7,0.7916666666666666,0.3001326587982476,433,107,"{""max_depth"": 5, ""min_samples_split"": 5}",
classification,Lettuce,KernelPCA,Decision tree,8,0.8727272727272727,0.3032221919856965,430,110,"{""max_depth"": 3, ""min_samples_split"": 20}",
classification,Lettuce,KernelPCA,Decision tree,9,0.8256880733944955,0.2833751151338219,433,107,"{""max_depth"": 5, ""min_samples_split"": 20}",
classification,Lettuce,KernelPCA,LSTM,0,0.8679245283018868,401.0626310049556,375,109,"{""K"": 4, ""units"": 64, ""dropout"": 0.2, ""lr"": 0.0003}",66.0
classification,Lettuce,KernelPCA,LSTM,1,0.897196261682243,368.9480279899435,377,108,"{""K"": 6, ""units"": 32, ""dropout"": 0.0, ""lr"": 0.001}",54.0
classification,Lettuce,KernelPCA,LSTM,2,0.8928571428571429,406.111696545966,379,108,"{""K"": 2, ""units"": 32, ""dropout"": 0.2, ""lr"": 0.001}",37.0
classification,Lettuce,KernelPCA,LSTM,3,0.9433962264150944,339.3464096359676,371,109,"{""K"": 6, ""units"": 64, ""dropout"": 0.2, ""lr"": 0.001}",66.0
classification,Lettuce,KernelPCA,LSTM,4,0.9245283018867924,331.45655540702865,375,109,"{""K"": 6, ""units"": 64, ""dropout"": 0.1, ""lr"": 0.001}",29.0
classification,Lettuce,KernelPCA,LSTM,5,0.8431372549019608,361.2012377190404,384,106,"{""K"": 6, ""units"": 64, ""dropout"": 0.1, ""lr"": 0.001}",87.0
classification,Lettuce,KernelPCA,LSTM,6,0.8869565217391304,418.0929116989719,378,109,"{""K"": 6, ""units"": 32, ""dropout"": 0.1, ""lr"": 0.001}",41.0
classification,Lettuce,KernelPCA,LSTM,7,0.8910891089108911,333.4876964659197,379,107,"{""K"": 4, ""units"": 32, ""dropout"": 0.4, ""lr"": 0.001}",53.0
classification,Lettuce,KernelPCA,LSTM,8,0.875,382.84697313408833,377,110,"{""K"": 2, ""units"": 64, ""dropout"": 0.3, ""lr"": 0.0003}",76.0
classification,Lettuce,KernelPCA,LSTM,9,0.8703703703703703,429.92110965191387,380,107,"{""K"": 4, ""units"": 64, ""dropout"": 0.2, ""lr"": 0.001}",84.0
classification,Lettuce,KernelPCA,MLP,0,0.8785046728971962,79.16730344993994,375,109,"{""hidden"": [64, 32], ""dropout"": 0.1, ""lr"": 0.001}",51.0
classification,Lettuce,KernelPCA,MLP,1,0.897196261682243,67.19896907405928,377,108,"{""hidden"": [64, 32], ""dropout"": 0.0, ""lr"": 0.001}",27.0
classification,Lettuce,KernelPCA,MLP,2,0.9090909090909092,67.71409738995135,379,108,"{""hidden"": [64, 32], ""dropout"": 0.0, ""lr"": 0.001}",30.0
classification,Lettuce,KernelPCA,MLP,3,0.9272727272727272,73.52682166500017,371,109,"{""hidden"": [32, 16], ""dropout"": 0.3, ""lr"": 0.001}",53.0
classification,Lettuce,KernelPCA,MLP,4,0.9245283018867924,60.14252560399473,375,109,"{""hidden"": [128, 64], ""dropout"": 0.1, ""lr"": 0.001}",26.0
classification,Lettuce,KernelPCA,MLP,5,0.8571428571428571,71.23781764274463,384,106,"{""hidden"": [64, 32], ""dropout"": 0.0, ""lr"": 0.001}",61.0
classification,Lettuce,KernelPCA,MLP,6,0.9107142857142856,92.13062646985054,378,109,"{""hidden"": [128, 64], ""dropout"": 0.2, ""lr"": 0.0003}",78.0
classification,Lettuce,KernelPCA,MLP,7,0.8910891089108911,69.45985031314194,379,107,"{""hidden"": [32, 16], ""dropout"": 0.2, ""lr"": 0.0003}",72.0
classification,Lettuce,KernelPCA,MLP,8,0.8727272727272727,79.62127787712961,377,110,"{""hidden"": [128, 64], ""dropout"": 0.4, ""lr"": 0.001}",59.0
classification,Lettuce,KernelPCA,MLP,9,0.8828828828828829,88.36278781387955,380,107,"{""hidden"": [64, 32], ""dropout"": 0.0, ""lr"": 0.001}",36.0
classification,Lettuce,KernelPCA,Mamba SSM,0,0.8785046728971962,1090.569525605999,375,109,"{""K"": 4, ""units"": 64, ""dropout"": 0.1, ""lr"": 0.001}",22.0
classification,Lettuce,KernelPCA,Mamba SSM,1,0.897196261682243,1142.825566028012,377,108,"{""K"": 4, ""units"": 64, ""dropout"": 0.4, ""lr"": 0.0003}",33.0
classification,Lettuce,KernelPCA,Mamba SSM,2,0.8947368421052632,1070.5391842529643,379,108,"{""K"": 4, ""units"": 64, ""dropout"": 0.3, ""lr"": 0.001}",30.0
classification,Lettuce,KernelPCA,Mamba SSM,3,0.9158878504672896,1111.9275375689613,371,109,"{""K"": 2, ""units"": 64, ""dropout"": 0.4, ""lr"": 0.001}",27.0
classification,Lettuce,KernelPCA,Mamba SSM,4,0.897196261682243,1151.283884317032,375,109,"{""K"": 6, ""units"": 32, ""dropout"": 0.2, ""lr"": 0.0003}",30.0
classification,Lettuce,KernelPCA,Mamba SSM,5,0.8490566037735849,1209.6636657631025,384,106,"{""K"": 4, ""units"": 64, ""dropout"": 0.1, ""lr"": 0.0003}",32.0
classification,Lettuce,KernelPCA,Mamba SSM,6,0.8947368421052632,1268.4242072959896,378,109,"{""K"": 2, ""units"": 64, ""dropout"": 0.4, ""lr"": 0.001}",32.0
classification,Lettuce,KernelPCA,Mamba SSM,7,0.8910891089108911,1112.9291788770352,379,107,"{""K"": 2, ""units"": 64, ""dropout"": 0.4, ""lr"": 0.0003}",27.0
classification,Lettuce,KernelPCA,Mamba SSM,8,0.8909090909090909,1132.4237932020333,377,110,"{""K"": 4, ""units"": 64, ""dropout"": 0.3, ""lr"": 0.001}",23.0
classification,Lettuce,KernelPCA,Mamba SSM,9,0.8990825688073395,1125.652003613999,380,107,"{""K"": 6, ""units"": 32, ""dropout"": 0.1, ""lr"": 0.0003}",34.0
classification,Lettuce,KernelPCA,RNN GRU,0,0.8679245283018868,389.8588338519912,375,109,"{""K"": 4, ""units"": 64, ""dropout"": 0.3, ""lr"": 0.001}",32.0
classification,Lettuce,KernelPCA,RNN GRU,1,0.9056603773584906,335.1481745210476,377,108,"{""K"": 4, ""units"": 32, ""dropout"": 0.1, ""lr"": 0.001}",52.0
classification,Lettuce,KernelPCA,RNN GRU,2,0.8849557522123894,393.64744619000703,379,108,"{""K"": 2, ""units"": 32, ""dropout"": 0.1, ""lr"": 0.001}",42.0
classification,Lettuce,KernelPCA,RNN GRU,3,0.9357798165137616,426.75785062194336,371,109,"{""K"": 2, ""units"": 32, ""dropout"": 0.4, ""lr"": 0.001}",54.0
classification,Lettuce,KernelPCA,RNN GRU,4,0.9142857142857144,362.7580600030488,375,109,"{""K"": 6, ""units"": 64, ""dropout"": 0.2, ""lr"": 0.001}",31.0
classification,Lettuce,KernelPCA,RNN GRU,5,0.8627450980392157,364.4936592830345,384,106,"{""K"": 4, ""units"": 64, ""dropout"": 0.1, ""lr"": 0.001}",53.0
classification,Lettuce,KernelPCA,RNN GRU,6,0.8717948717948718,463.0098338669632,378,109,"{""K"": 2, ""units"": 64, ""dropout"": 0.4, ""lr"": 0.001}",44.0
classification,Lettuce,KernelPCA,RNN GRU,7,0.8910891089108911,346.58192315802444,379,107,"{""K"": 4, ""units"": 64, ""dropout"": 0.1, ""lr"": 0.0003}",38.0
classification,Lettuce,KernelPCA,RNN GRU,8,0.8703703703703703,345.01813445496373,377,110,"{""K"": 2, ""units"": 64, ""dropout"": 0.4, ""lr"": 0.001}",50.0
classification,Lettuce,KernelPCA,RNN GRU,9,0.8828828828828829,456.5902926889248,380,107,"{""K"": 2, ""units"": 64, ""dropout"": 0.1, ""lr"": 0.001}",46.0
classification,Lettuce,KernelPCA,Random forest,0,0.8867924528301887,10.210627337917686,431,109,"{""n_estimators"": 100, ""max_depth"": 5, ""max_features"": ""sqrt"", ""min_samples_split"": 2}",
classification,Lettuce,KernelPCA,Random forest,1,0.8807339449541285,10.30072738789022,432,108,"{""n_estimators"": 100, ""max_depth"": 5, ""max_features"": ""sqrt"", ""min_samples_split"": 10}",
classification,Lettuce,KernelPCA,Random forest,2,0.8990825688073395,9.11019053403288,432,108,"{""n_estimators"": 100, ""max_depth"": 5, ""max_features"": ""sqrt"", ""min_samples_split"": 5}",
classification,Lettuce,KernelPCA,Random forest,3,0.9444444444444444,10.312131447251886,431,109,"{""n_estimators"": 100, ""max_depth"": 5, ""max_features"": ""sqrt"", ""min_samples_split"": 10}",
classification,Lettuce,KernelPCA,Random forest,4,0.8932038834951457,9.081959459930658,431,109,"{""n_estimators"": 100, ""max_depth"": 5, ""max_features"": ""sqrt"", ""min_samples_split"": 5}",
classification,Lettuce,KernelPCA,Random forest,5,0.8349514563106796,10.64512967923656,434,106,"{""n_estimators"": 100, ""max_depth"": 5, ""max_features"": ""sqrt"", ""min_samples_split"": 10}",
classification,Lettuce,KernelPCA,Random forest,6,0.9090909090909092,9.10482221795246,431,109,"{""n_estimators"": 100, ""max_depth"": 5, ""max_features"": ""sqrt"", ""min_samples_split"": 2}",
classification,Lettuce,KernelPCA,Random forest,7,0.8823529411764706,10.78154743090272,433,107,"{""n_estimators"": 100, ""max_depth"": 5, ""max_features"": ""sqrt"", ""min_samples_split"": 5}",
classification,Lettuce,KernelPCA,Random forest,8,0.8785046728971962,10.610192854888735,430,110,"{""n_estimators"": 100, ""max_depth"": 5, ""max_features"": ""sqrt"", ""min_samples_split"": 10}",
classification,Lettuce,KernelPCA,Random forest,9,0.8648648648648649,9.042831182014195,433,107,"{""n_estimators"": 100, ""max_depth"": 5, ""max_features"": ""sqrt"", ""min_samples_split"": 10}",
classification,Lettuce,KernelPCA,TabPFN,0,0.8785046728971962,22.79697803396266,431,109,"{""model"": ""tabpfn-v3-default""}",
classification,Lettuce,KernelPCA,TabPFN,1,0.897196261682243,21.018516759970225,432,108,"{""model"": ""tabpfn-v3-default""}",
classification,Lettuce,KernelPCA,TabPFN,2,0.9090909090909092,20.275685506989248,432,108,"{""model"": ""tabpfn-v3-default""}",
classification,Lettuce,KernelPCA,TabPFN,3,0.9272727272727272,21.607884760014716,431,109,"{""model"": ""tabpfn-v3-default""}",
classification,Lettuce,KernelPCA,TabPFN,4,0.9245283018867924,22.89623794995714,431,109,"{""model"": ""tabpfn-v3-default""}",
classification,Lettuce,KernelPCA,TabPFN,5,0.8543689320388349,22.39686941099353,434,106,"{""model"": ""tabpfn-v3-default""}",
classification,Lettuce,KernelPCA,TabPFN,6,0.918918918918919,24.658717332058583,431,109,"{""model"": ""tabpfn-v3-default""}",
classification,Lettuce,KernelPCA,TabPFN,7,0.8910891089108911,20.55455067101866,433,107,"{""model"": ""tabpfn-v3-default""}",
classification,Lettuce,KernelPCA,TabPFN,8,0.8909090909090909,22.40914410399273,430,110,"{""model"": ""tabpfn-v3-default""}",
classification,Lettuce,KernelPCA,TabPFN,9,0.8990825688073395,22.571669170982204,433,107,"{""model"": ""tabpfn-v3-default""}",
classification,Lettuce,KernelPCA,k-NN,0,0.8846153846153846,0.2218500440940261,431,109,"{""n_neighbors"": 5, ""weights"": ""uniform"", ""metric"": ""euclidean""}",
classification,Lettuce,KernelPCA,k-NN,1,0.8990825688073395,0.2368015400134027,432,108,"{""n_neighbors"": 7, ""weights"": ""uniform"", ""metric"": ""euclidean""}",
classification,Lettuce,KernelPCA,k-NN,2,0.9074074074074074,0.1389808496460318,432,108,"{""n_neighbors"": 7, ""weights"": ""uniform"", ""metric"": ""euclidean""}",
classification,Lettuce,KernelPCA,k-NN,3,0.9433962264150944,0.1272720671258866,431,109,"{""n_neighbors"": 5, ""weights"": ""uniform"", ""metric"": ""euclidean""}",
classification,Lettuce,KernelPCA,k-NN,4,0.8712871287128713,0.2055651028640568,431,109,"{""n_neighbors"": 3, ""weights"": ""uniform"", ""metric"": ""euclidean""}",
classification,Lettuce,KernelPCA,k-NN,5,0.8543689320388349,0.1815923536196351,434,106,"{""n_neighbors"": 3, ""weights"": ""uniform"", ""metric"": ""euclidean""}",
classification,Lettuce,KernelPCA,k-NN,6,0.8990825688073395,0.141070500947535,431,109,"{""n_neighbors"": 3, ""weights"": ""uniform"", ""metric"": ""euclidean""}",
classification,Lettuce,KernelPCA,k-NN,7,0.86,0.1235227989964187,433,107,"{""n_neighbors"": 7, ""weights"": ""uniform"", ""metric"": ""euclidean""}",
classification,Lettuce,KernelPCA,k-NN,8,0.8545454545454545,0.1396840261295437,430,110,"{""n_neighbors"": 7, ""weights"": ""uniform"", ""metric"": ""euclidean""}",
classification,Lettuce,KernelPCA,k-NN,9,0.8727272727272727,0.1232555652968585,433,107,"{""n_neighbors"": 7, ""weights"": ""uniform"", ""metric"": ""euclidean""}",
classification,Lettuce,MDS,Decision tree,0,0.8679245283018868,1.4135982296429574,431,109,"{""max_depth"": 3, ""min_samples_split"": 20}",
classification,Lettuce,MDS,Decision tree,1,0.8547008547008547,1.297731991391629,432,108,"{""max_depth"": 3, ""min_samples_split"": 5}",
classification,Lettuce,MDS,Decision tree,2,0.9090909090909092,1.4760351609438658,432,108,"{""max_depth"": 3, ""min_samples_split"": 5}",
classification,Lettuce,MDS,Decision tree,3,0.9454545454545454,1.4000592292286456,431,109,"{""max_depth"": 3, ""min_samples_split"": 5}",
classification,Lettuce,MDS,Decision tree,4,0.9142857142857144,1.488299227785319,431,109,"{""max_depth"": 4, ""min_samples_split"": 5}",
classification,Lettuce,MDS,Decision tree,5,0.8235294117647058,1.4910729881376028,434,106,"{""max_depth"": 3, ""min_samples_split"": 5}",
classification,Lettuce,MDS,Decision tree,6,0.9203539823008848,1.4447582950815558,431,109,"{""max_depth"": 4, ""min_samples_split"": 5}",
classification,Lettuce,MDS,Decision tree,7,0.8421052631578947,1.608476610854268,433,107,"{""max_depth"": 2, ""min_samples_split"": 5}",
classification,Lettuce,MDS,Decision tree,8,0.8703703703703703,1.2241379036568103,430,110,"{""max_depth"": 5, ""min_samples_split"": 5}",
classification,Lettuce,MDS,Decision tree,9,0.8686868686868687,1.2905441769398749,433,107,"{""max_depth"": 3, ""min_samples_split"": 20}",
classification,Lettuce,MDS,LSTM,0,0.8679245283018868,471.4567071060883,375,109,"{""K"": 2, ""units"": 64, ""dropout"": 0.3, ""lr"": 0.001}",64.0
classification,Lettuce,MDS,LSTM,1,0.897196261682243,442.12002426199615,377,108,"{""K"": 2, ""units"": 32, ""dropout"": 0.4, ""lr"": 0.001}",33.0
classification,Lettuce,MDS,LSTM,2,0.8620689655172413,453.5679644889897,379,108,"{""K"": 4, ""units"": 32, ""dropout"": 0.0, ""lr"": 0.001}",97.0
classification,Lettuce,MDS,LSTM,3,0.9272727272727272,420.8289924559649,371,109,"{""K"": 2, ""units"": 32, ""dropout"": 0.4, ""lr"": 0.001}",47.0
classification,Lettuce,MDS,LSTM,4,0.9245283018867924,381.948283641017,375,109,"{""K"": 4, ""units"": 64, ""dropout"": 0.1, ""lr"": 0.001}",43.0
classification,Lettuce,MDS,LSTM,5,0.8431372549019608,440.0575435999781,384,106,"{""K"": 2, ""units"": 32, ""dropout"": 0.4, ""lr"": 0.001}",43.0
classification,Lettuce,MDS,LSTM,6,0.918918918918919,431.9816277299542,378,109,"{""K"": 4, ""units"": 32, ""dropout"": 0.4, ""lr"": 0.001}",66.0
classification,Lettuce,MDS,LSTM,7,0.8910891089108911,395.5745659340173,379,107,"{""K"": 2, ""units"": 32, ""dropout"": 0.4, ""lr"": 0.001}",78.0
classification,Lettuce,MDS,LSTM,8,0.8909090909090909,422.3076017640997,377,110,"{""K"": 6, ""units"": 64, ""dropout"": 0.1, ""lr"": 0.001}",45.0
classification,Lettuce,MDS,LSTM,9,0.8990825688073395,443.550849805004,380,107,"{""K"": 4, ""units"": 64, ""dropout"": 0.0, ""lr"": 0.001}",53.0
classification,Lettuce,MDS,MLP,0,0.8785046728971962,99.02032648492604,375,109,"{""hidden"": [64, 32], ""dropout"": 0.1, ""lr"": 0.001}",72.0
classification,Lettuce,MDS,MLP,1,0.897196261682243,106.08506724098696,377,108,"{""hidden"": [64, 32], ""dropout"": 0.0, ""lr"": 0.001}",27.0
classification,Lettuce,MDS,MLP,2,0.9090909090909092,92.89289856888354,379,108,"{""hidden"": [64, 32], ""dropout"": 0.0, ""lr"": 0.001}",38.0
classification,Lettuce,MDS,MLP,3,0.9272727272727272,98.5535695347935,371,109,"{""hidden"": [128, 64], ""dropout"": 0.1, ""lr"": 0.001}",47.0
classification,Lettuce,MDS,MLP,4,0.9245283018867924,86.27579393284395,375,109,"{""hidden"": [64, 32], ""dropout"": 0.0, ""lr"": 0.0003}",47.0
classification,Lettuce,MDS,MLP,5,0.8543689320388349,104.01351804099976,384,106,"{""hidden"": [64, 32], ""dropout"": 0.0, ""lr"": 0.001}",87.0
classification,Lettuce,MDS,MLP,6,0.918918918918919,110.97802770929412,378,109,"{""hidden"": [32, 16], ""dropout"": 0.4, ""lr"": 0.001}",90.0
classification,Lettuce,MDS,MLP,7,0.8910891089108911,83.33630306972191,379,107,"{""hidden"": [64, 32], ""dropout"": 0.0, ""lr"": 0.001}",53.0
classification,Lettuce,MDS,MLP,8,0.8909090909090909,91.18245248496532,377,110,"{""hidden"": [64, 32], ""dropout"": 0.2, ""lr"": 0.001}",50.0
classification,Lettuce,MDS,MLP,9,0.8990825688073395,86.33002464985475,380,107,"{""hidden"": [64, 32], ""dropout"": 0.2, ""lr"": 0.001}",46.0
classification,Lettuce,MDS,Mamba SSM,0,0.8785046728971962,1122.3148505701683,375,109,"{""K"": 2, ""units"": 64, ""dropout"": 0.4, ""lr"": 0.001}",24.0
classification,Lettuce,MDS,Mamba SSM,1,0.897196261682243,1255.9614564836957,377,108,"{""K"": 2, ""units"": 32, ""dropout"": 0.3, ""lr"": 0.001}",25.0
classification,Lettuce,MDS,Mamba SSM,2,0.8928571428571429,1148.7424647281878,379,108,"{""K"": 2, ""units"": 64, ""dropout"": 0.2, ""lr"": 0.001}",46.0
classification,Lettuce,MDS,Mamba SSM,3,0.9272727272727272,1093.297553116921,371,109,"{""K"": 2, ""units"": 32, ""dropout"": 0.3, ""lr"": 0.001}",27.0
classification,Lettuce,MDS,Mamba SSM,4,0.9142857142857144,1128.1950208488852,375,109,"{""K"": 2, ""units"": 32, ""dropout"": 0.3, ""lr"": 0.0003}",30.0
classification,Lettuce,MDS,Mamba SSM,5,0.8543689320388349,1213.1655611589083,384,106,"{""K"": 2, ""units"": 64, ""dropout"": 0.3, ""lr"": 0.001}",39.0
classification,Lettuce,MDS,Mamba SSM,6,0.8828828828828829,1313.3743901278358,378,109,"{""K"": 4, ""units"": 32, ""dropout"": 0.4, ""lr"": 0.0003}",49.0
classification,Lettuce,MDS,Mamba SSM,7,0.8910891089108911,1217.1762710171752,379,107,"{""K"": 4, ""units"": 64, ""dropout"": 0.2, ""lr"": 0.001}",23.0
classification,Lettuce,MDS,Mamba SSM,8,0.8672566371681416,1309.7064976789989,377,110,"{""K"": 2, ""units"": 64, ""dropout"": 0.0, ""lr"": 0.0003}",57.0
classification,Lettuce,MDS,Mamba SSM,9,0.8909090909090909,1228.446417232044,380,107,"{""K"": 2, ""units"": 32, ""dropout"": 0.0, ""lr"": 0.001}",31.0
classification,Lettuce,MDS,RNN GRU,0,0.8679245283018868,424.0873353290372,375,109,"{""K"": 4, ""units"": 32, ""dropout"": 0.4, ""lr"": 0.001}",81.0
classification,Lettuce,MDS,RNN GRU,1,0.897196261682243,437.2343755789334,377,108,"{""K"": 4, ""units"": 32, ""dropout"": 0.3, ""lr"": 0.001}",39.0
classification,Lettuce,MDS,RNN GRU,2,0.8695652173913043,472.1345591980498,379,108,"{""K"": 6, ""units"": 32, ""dropout"": 0.1, ""lr"": 0.001}",66.0
classification,Lettuce,MDS,RNN GRU,3,0.9272727272727272,447.021981487982,371,109,"{""K"": 2, ""units"": 64, ""dropout"": 0.4, ""lr"": 0.001}",41.0
classification,Lettuce,MDS,RNN GRU,4,0.9245283018867924,429.1268050720682,375,109,"{""K"": 2, ""units"": 32, ""dropout"": 0.0, ""lr"": 0.001}",57.0
classification,Lettuce,MDS,RNN GRU,5,0.8543689320388349,398.3754938379861,384,106,"{""K"": 2, ""units"": 64, ""dropout"": 0.3, ""lr"": 0.0003}",54.0
classification,Lettuce,MDS,RNN GRU,6,0.8869565217391304,529.2205077429535,378,109,"{""K"": 2, ""units"": 64, ""dropout"": 0.2, ""lr"": 0.001}",57.0
classification,Lettuce,MDS,RNN GRU,7,0.8910891089108911,419.64685229596216,379,107,"{""K"": 4, ""units"": 32, ""dropout"": 0.1, ""lr"": 0.001}",81.0
classification,Lettuce,MDS,RNN GRU,8,0.8909090909090909,456.6904390939744,377,110,"{""K"": 2, ""units"": 32, ""dropout"": 0.1, ""lr"": 0.001}",45.0
classification,Lettuce,MDS,RNN GRU,9,0.8990825688073395,431.27381624106783,380,107,"{""K"": 4, ""units"": 32, ""dropout"": 0.4, ""lr"": 0.001}",62.0
classification,Lettuce,MDS,Random forest,0,0.8571428571428571,10.340799045749009,431,109,"{""n_estimators"": 100, ""max_depth"": null, ""max_features"": ""sqrt"", ""min_samples_split"": 10}",
classification,Lettuce,MDS,Random forest,1,0.9056603773584906,10.432214559055865,432,108,"{""n_estimators"": 100, ""max_depth"": 5, ""max_features"": ""sqrt"", ""min_samples_split"": 2}",
classification,Lettuce,MDS,Random forest,2,0.9090909090909092,10.290547381155193,432,108,"{""n_estimators"": 100, ""max_depth"": 5, ""max_features"": ""sqrt"", ""min_samples_split"": 2}",
classification,Lettuce,MDS,Random forest,3,0.9272727272727272,10.51626893505454,431,109,"{""n_estimators"": 100, ""max_depth"": 5, ""max_features"": ""sqrt"", ""min_samples_split"": 10}",
classification,Lettuce,MDS,Random forest,4,0.903846153846154,10.466289974749088,431,109,"{""n_estimators"": 100, ""max_depth"": 10, ""max_features"": ""sqrt"", ""min_samples_split"": 5}",
classification,Lettuce,MDS,Random forest,5,0.8380952380952381,11.71783297508955,434,106,"{""n_estimators"": 100, ""max_depth"": 5, ""max_features"": ""sqrt"", ""min_samples_split"": 10}",
classification,Lettuce,MDS,Random forest,6,0.9107142857142856,10.474778431933371,431,109,"{""n_estimators"": 100, ""max_depth"": 5, ""max_features"": ""sqrt"", ""min_samples_split"": 5}",
classification,Lettuce,MDS,Random forest,7,0.8910891089108911,10.519551559817046,433,107,"{""n_estimators"": 100, ""max_depth"": 5, ""max_features"": ""sqrt"", ""min_samples_split"": 10}",
classification,Lettuce,MDS,Random forest,8,0.875,10.17117567686364,430,110,"{""n_estimators"": 100, ""max_depth"": 5, ""max_features"": ""sqrt"", ""min_samples_split"": 2}",
classification,Lettuce,MDS,Random forest,9,0.8909090909090909,11.6616611587815,433,107,"{""n_estimators"": 100, ""max_depth"": 5, ""max_features"": ""sqrt"", ""min_samples_split"": 5}",
classification,Lettuce,MDS,TabPFN,0,0.8785046728971962,22.586139961029403,431,109,"{""model"": ""tabpfn-v3-default""}",
classification,Lettuce,MDS,TabPFN,1,0.897196261682243,22.159124049940147,432,108,"{""model"": ""tabpfn-v3-default""}",
classification,Lettuce,MDS,TabPFN,2,0.9090909090909092,20.70436332002282,432,108,"{""model"": ""tabpfn-v3-default""}",
classification,Lettuce,MDS,TabPFN,3,0.9272727272727272,23.487326551927254,431,109,"{""model"": ""tabpfn-v3-default""}",
classification,Lettuce,MDS,TabPFN,4,0.9142857142857144,23.16961221501697,431,109,"{""model"": ""tabpfn-v3-default""}",
classification,Lettuce,MDS,TabPFN,5,0.8543689320388349,24.724291666061617,434,106,"{""model"": ""tabpfn-v3-default""}",
classification,Lettuce,MDS,TabPFN,6,0.918918918918919,23.434028120012957,431,109,"{""model"": ""tabpfn-v3-default""}",
classification,Lettuce,MDS,TabPFN,7,0.8910891089108911,22.56401793693658,433,107,"{""model"": ""tabpfn-v3-default""}",
classification,Lettuce,MDS,TabPFN,8,0.8909090909090909,21.81969484197907,430,110,"{""model"": ""tabpfn-v3-default""}",
classification,Lettuce,MDS,TabPFN,9,0.8990825688073395,22.13619555602781,433,107,"{""model"": ""tabpfn-v3-default""}",
classification,Lettuce,MDS,k-NN,0,0.8679245283018868,1.262393642682582,431,109,"{""n_neighbors"": 7, ""weights"": ""uniform"", ""metric"": ""euclidean""}",
classification,Lettuce,MDS,k-NN,1,0.8828828828828829,1.425005387980491,432,108,"{""n_neighbors"": 7, ""weights"": ""uniform"", ""metric"": ""euclidean""}",
classification,Lettuce,MDS,k-NN,2,0.9074074074074074,1.1002644733525813,432,108,"{""n_neighbors"": 7, ""weights"": ""uniform"", ""metric"": ""euclidean""}",
classification,Lettuce,MDS,k-NN,3,0.9357798165137616,1.24436153518036,431,109,"{""n_neighbors"": 7, ""weights"": ""uniform"", ""metric"": ""euclidean""}",
classification,Lettuce,MDS,k-NN,4,0.8737864077669902,1.317972473334521,431,109,"{""n_neighbors"": 5, ""weights"": ""uniform"", ""metric"": ""euclidean""}",
classification,Lettuce,MDS,k-NN,5,0.822429906542056,1.3499280060641468,434,106,"{""n_neighbors"": 7, ""weights"": ""uniform"", ""metric"": ""euclidean""}",
classification,Lettuce,MDS,k-NN,6,0.9285714285714286,1.2924584271386266,431,109,"{""n_neighbors"": 7, ""weights"": ""uniform"", ""metric"": ""euclidean""}",
classification,Lettuce,MDS,k-NN,7,0.8627450980392157,1.285132640041411,433,107,"{""n_neighbors"": 7, ""weights"": ""uniform"", ""metric"": ""euclidean""}",
classification,Lettuce,MDS,k-NN,8,0.8545454545454545,1.269528788048774,430,110,"{""n_neighbors"": 7, ""weights"": ""uniform"", ""metric"": ""euclidean""}",
classification,Lettuce,MDS,k-NN,9,0.8727272727272727,2.1329833013005555,433,107,"{""n_neighbors"": 7, ""weights"": ""uniform"", ""metric"": ""euclidean""}",
classification,Lettuce,No Reduction,Decision tree,0,0.8785046728971962,0.1878856602124869,431,109,"{""max_depth"": 2, ""min_samples_split"": 5}",
classification,Lettuce,No Reduction,Decision tree,1,0.897196261682243,0.2095726057887077,432,108,"{""max_depth"": 3, ""min_samples_split"": 5}",
classification,Lettuce,No Reduction,Decision tree,2,0.9074074074074074,0.2083306019194424,432,108,"{""max_depth"": 3, ""min_samples_split"": 5}",
classification,Lettuce,No Reduction,Decision tree,3,0.8846153846153846,0.1969874240458011,431,109,"{""max_depth"": 3, ""min_samples_split"": 5}",
classification,Lettuce,No Reduction,Decision tree,4,0.9245283018867924,0.2136562978848815,431,109,"{""max_depth"": 2, ""min_samples_split"": 5}",
classification,Lettuce,No Reduction,Decision tree,5,0.8543689320388349,0.1864174143411219,434,106,"{""max_depth"": 2, ""min_samples_split"": 5}",
classification,Lettuce,No Reduction,Decision tree,6,0.8571428571428571,0.1906971288844943,431,109,"{""max_depth"": 5, ""min_samples_split"": 20}",
classification,Lettuce,No Reduction,Decision tree,7,0.8910891089108911,0.2303950022906065,433,107,"{""max_depth"": 2, ""min_samples_split"": 5}",
classification,Lettuce,No Reduction,Decision tree,8,0.8909090909090909,0.2095769648440182,430,110,"{""max_depth"": 2, ""min_samples_split"": 5}",
classification,Lettuce,No Reduction,Decision tree,9,0.8828828828828829,0.2131330920383334,433,107,"{""max_depth"": 5, ""min_samples_split"": 20}",
classification,Lettuce,No Reduction,LSTM,0,0.8679245283018868,436.0545232259901,375,109,"{""K"": 4, ""units"": 64, ""dropout"": 0.0, ""lr"": 0.0003}",139.0
classification,Lettuce,No Reduction,LSTM,1,0.8648648648648649,421.7215230070288,377,108,"{""K"": 2, ""units"": 32, ""dropout"": 0.0, ""lr"": 0.0003}",37.0
classification,Lettuce,No Reduction,LSTM,2,0.9090909090909092,367.1200497340178,379,108,"{""K"": 4, ""units"": 32, ""dropout"": 0.0, ""lr"": 0.0003}",151.0
classification,Lettuce,No Reduction,LSTM,3,0.9056603773584906,439.0745846449863,371,109,"{""K"": 6, ""units"": 32, ""dropout"": 0.1, ""lr"": 0.001}",85.0
classification,Lettuce,No Reduction,LSTM,4,0.9245283018867924,360.8626107870368,375,109,"{""K"": 2, ""units"": 32, ""dropout"": 0.0, ""lr"": 0.0003}",59.0
classification,Lettuce,No Reduction,LSTM,5,0.8571428571428571,394.4004871649668,384,106,"{""K"": 4, ""units"": 32, ""dropout"": 0.3, ""lr"": 0.001}",119.0
classification,Lettuce,No Reduction,LSTM,6,0.8717948717948718,381.8466438029427,378,109,"{""K"": 4, ""units"": 32, ""dropout"": 0.3, ""lr"": 0.001}",63.0
classification,Lettuce,No Reduction,LSTM,7,0.8910891089108911,345.71936285309494,379,107,"{""K"": 4, ""units"": 32, ""dropout"": 0.1, ""lr"": 0.0003}",44.0
classification,Lettuce,No Reduction,LSTM,8,0.8909090909090909,361.1489933100529,377,110,"{""K"": 4, ""units"": 64, ""dropout"": 0.3, ""lr"": 0.001}",53.0
classification,Lettuce,No Reduction,LSTM,9,0.875,370.4925990880001,380,107,"{""K"": 4, ""units"": 64, ""dropout"": 0.1, ""lr"": 0.001}",46.0
classification,Lettuce,No Reduction,MLP,0,0.8785046728971962,63.59549301723018,375,109,"{""hidden"": [64, 32], ""dropout"": 0.2, ""lr"": 0.001}",85.0
classification,Lettuce,No Reduction,MLP,1,0.8648648648648649,75.35831353394315,377,108,"{""hidden"": [64, 32], ""dropout"": 0.0, ""lr"": 0.001}",24.0
classification,Lettuce,No Reduction,MLP,2,0.9090909090909092,65.25772226694971,379,108,"{""hidden"": [64, 32], ""dropout"": 0.0, ""lr"": 0.001}",46.0
classification,Lettuce,No Reduction,MLP,3,0.9357798165137616,71.18254292476922,371,109,"{""hidden"": [64, 32], ""dropout"": 0.0, ""lr"": 0.001}",52.0
classification,Lettuce,No Reduction,MLP,4,0.9245283018867924,56.635203153826296,375,109,"{""hidden"": [64, 32], ""dropout"": 0.0, ""lr"": 0.0003}",40.0
classification,Lettuce,No Reduction,MLP,5,0.8653846153846154,76.55693186679855,384,106,"{""hidden"": [64, 32], ""dropout"": 0.0, ""lr"": 0.001}",101.0
classification,Lettuce,No Reduction,MLP,6,0.918918918918919,88.0884141153656,378,109,"{""hidden"": [64, 32], ""dropout"": 0.2, ""lr"": 0.0003}",76.0
classification,Lettuce,No Reduction,MLP,7,0.8910891089108911,53.16006728867069,379,107,"{""hidden"": [64, 32], ""dropout"": 0.0, ""lr"": 0.001}",36.0
classification,Lettuce,No Reduction,MLP,8,0.8828828828828829,71.31244391296059,377,110,"{""hidden"": [64, 32], ""dropout"": 0.0, ""lr"": 0.001}",94.0
classification,Lettuce,No Reduction,MLP,9,0.8990825688073395,63.590169362258166,380,107,"{""hidden"": [64, 32], ""dropout"": 0.0, ""lr"": 0.0003}",62.0
classification,Lettuce,No Reduction,Mamba SSM,0,0.8785046728971962,1264.9703889340162,375,109,"{""K"": 4, ""units"": 32, ""dropout"": 0.4, ""lr"": 0.001}",26.0
classification,Lettuce,No Reduction,Mamba SSM,1,0.897196261682243,1340.3448247750057,377,108,"{""K"": 2, ""units"": 64, ""dropout"": 0.1, ""lr"": 0.001}",23.0
classification,Lettuce,No Reduction,Mamba SSM,2,0.9090909090909092,1177.9263881440274,379,108,"{""K"": 2, ""units"": 32, ""dropout"": 0.3, ""lr"": 0.001}",51.0
classification,Lettuce,No Reduction,Mamba SSM,3,0.9056603773584906,1267.6309410970423,371,109,"{""K"": 2, ""units"": 32, ""dropout"": 0.0, ""lr"": 0.0003}",52.0
classification,Lettuce,No Reduction,Mamba SSM,4,0.9245283018867924,1086.4057423440972,375,109,"{""K"": 6, ""units"": 32, ""dropout"": 0.3, ""lr"": 0.001}",23.0
classification,Lettuce,No Reduction,Mamba SSM,5,0.8543689320388349,1427.5875597051345,384,106,"{""K"": 4, ""units"": 32, ""dropout"": 0.2, ""lr"": 0.001}",39.0
classification,Lettuce,No Reduction,Mamba SSM,6,0.918918918918919,1408.2369290092029,378,109,"{""K"": 2, ""units"": 32, ""dropout"": 0.2, ""lr"": 0.001}",45.0
classification,Lettuce,No Reduction,Mamba SSM,7,0.8910891089108911,1276.450259275036,379,107,"{""K"": 4, ""units"": 32, ""dropout"": 0.2, ""lr"": 0.0003}",36.0
classification,Lettuce,No Reduction,Mamba SSM,8,0.8909090909090909,1265.5350285170134,377,110,"{""K"": 2, ""units"": 32, ""dropout"": 0.2, ""lr"": 0.0003}",57.0
classification,Lettuce,No Reduction,Mamba SSM,9,0.8823529411764706,1323.6846537990496,380,107,"{""K"": 2, ""units"": 32, ""dropout"": 0.0, ""lr"": 0.001}",24.0
classification,Lettuce,No Reduction,RNN GRU,0,0.8785046728971962,451.4544422749896,375,109,"{""K"": 6, ""units"": 32, ""dropout"": 0.1, ""lr"": 0.001}",105.0
classification,Lettuce,No Reduction,RNN GRU,1,0.897196261682243,439.4651946449885,377,108,"{""K"": 6, ""units"": 32, ""dropout"": 0.3, ""lr"": 0.001}",52.0
classification,Lettuce,No Reduction,RNN GRU,2,0.9090909090909092,455.27398213301785,379,108,"{""K"": 2, ""units"": 32, ""dropout"": 0.2, ""lr"": 0.0003}",97.0
classification,Lettuce,No Reduction,RNN GRU,3,0.9357798165137616,464.4421190310968,371,109,"{""K"": 2, ""units"": 32, ""dropout"": 0.2, ""lr"": 0.001}",52.0
classification,Lettuce,No Reduction,RNN GRU,4,0.9245283018867924,362.1503110789927,375,109,"{""K"": 6, ""units"": 64, ""dropout"": 0.2, ""lr"": 0.001}",36.0
classification,Lettuce,No Reduction,RNN GRU,5,0.8543689320388349,448.1717640518909,384,106,"{""K"": 2, ""units"": 64, ""dropout"": 0.4, ""lr"": 0.0003}",129.0
classification,Lettuce,No Reduction,RNN GRU,6,0.8990825688073395,431.258224499994,378,109,"{""K"": 6, ""units"": 64, ""dropout"": 0.3, ""lr"": 0.001}",36.0
classification,Lettuce,No Reduction,RNN GRU,7,0.8910891089108911,378.2707100550178,379,107,"{""K"": 4, ""units"": 64, ""dropout"": 0.3, ""lr"": 0.001}",52.0
classification,Lettuce,No Reduction,RNN GRU,8,0.8909090909090909,405.8400504849851,377,110,"{""K"": 2, ""units"": 64, ""dropout"": 0.0, ""lr"": 0.001}",50.0
classification,Lettuce,No Reduction,RNN GRU,9,0.8990825688073395,394.7757618330652,380,107,"{""K"": 6, ""units"": 32, ""dropout"": 0.0, ""lr"": 0.001}",46.0
classification,Lettuce,No Reduction,Random forest,0,0.8761904761904762,8.661673027090728,431,109,"{""n_estimators"": 100, ""max_depth"": 5, ""max_features"": ""sqrt"", ""min_samples_split"": 10}",
classification,Lettuce,No Reduction,Random forest,1,0.9056603773584906,7.943412487860769,432,108,"{""n_estimators"": 100, ""max_depth"": 5, ""max_features"": ""sqrt"", ""min_samples_split"": 10}",
classification,Lettuce,No Reduction,Random forest,2,0.9074074074074074,7.671517902985215,432,108,"{""n_estimators"": 100, ""max_depth"": 5, ""max_features"": ""sqrt"", ""min_samples_split"": 5}",
classification,Lettuce,No Reduction,Random forest,3,0.9357798165137616,9.200854488648474,431,109,"{""n_estimators"": 100, ""max_depth"": 5, ""max_features"": ""sqrt"", ""min_samples_split"": 10}",
classification,Lettuce,No Reduction,Random forest,4,0.9142857142857144,7.537171750795096,431,109,"{""n_estimators"": 100, ""max_depth"": 5, ""max_features"": ""log2"", ""min_samples_split"": 5}",
classification,Lettuce,No Reduction,Random forest,5,0.8490566037735849,8.564267591573298,434,106,"{""n_estimators"": 100, ""max_depth"": 5, ""max_features"": ""sqrt"", ""min_samples_split"": 10}",
classification,Lettuce,No Reduction,Random forest,6,0.918918918918919,7.7213783618062735,431,109,"{""n_estimators"": 100, ""max_depth"": 5, ""max_features"": ""log2"", ""min_samples_split"": 2}",
classification,Lettuce,No Reduction,Random forest,7,0.8823529411764706,7.587385124992579,433,107,"{""n_estimators"": 100, ""max_depth"": 5, ""max_features"": ""log2"", ""min_samples_split"": 2}",
classification,Lettuce,No Reduction,Random forest,8,0.8468468468468469,8.644241616129875,430,110,"{""n_estimators"": 100, ""max_depth"": null, ""max_features"": ""sqrt"", ""min_samples_split"": 10}",
classification,Lettuce,No Reduction,Random forest,9,0.8888888888888888,7.545423206873238,433,107,"{""n_estimators"": 100, ""max_depth"": 5, ""max_features"": ""log2"", ""min_samples_split"": 2}",
classification,Lettuce,No Reduction,TabPFN,0,0.8785046728971962,50.4635075959377,431,109,"{""model"": ""tabpfn-v3-default""}",
classification,Lettuce,No Reduction,TabPFN,1,0.897196261682243,51.56990010396112,432,108,"{""model"": ""tabpfn-v3-default""}",
classification,Lettuce,No Reduction,TabPFN,2,0.9090909090909092,51.65580350300297,432,108,"{""model"": ""tabpfn-v3-default""}",
classification,Lettuce,No Reduction,TabPFN,3,0.9272727272727272,51.871055555995554,431,109,"{""model"": ""tabpfn-v3-default""}",
classification,Lettuce,No Reduction,TabPFN,4,0.9245283018867924,51.96909047302324,431,109,"{""model"": ""tabpfn-v3-default""}",
classification,Lettuce,No Reduction,TabPFN,5,0.8543689320388349,50.76701267098542,434,106,"{""model"": ""tabpfn-v3-default""}",
classification,Lettuce,No Reduction,TabPFN,6,0.918918918918919,51.76396675698925,431,109,"{""model"": ""tabpfn-v3-default""}",
classification,Lettuce,No Reduction,TabPFN,7,0.8910891089108911,51.990631703985855,433,107,"{""model"": ""tabpfn-v3-default""}",
classification,Lettuce,No Reduction,TabPFN,8,0.8909090909090909,52.27140029799193,430,110,"{""model"": ""tabpfn-v3-default""}",
classification,Lettuce,No Reduction,TabPFN,9,0.8990825688073395,49.48348887602333,433,107,"{""model"": ""tabpfn-v3-default""}",
classification,Lettuce,No Reduction,k-NN,0,0.8653846153846154,0.065395982004702,431,109,"{""n_neighbors"": 5, ""weights"": ""uniform"", ""metric"": ""euclidean""}",
classification,Lettuce,No Reduction,k-NN,1,0.8909090909090909,0.1546335029415786,432,108,"{""n_neighbors"": 7, ""weights"": ""uniform"", ""metric"": ""euclidean""}",
classification,Lettuce,No Reduction,k-NN,2,0.9074074074074074,0.0911372508853674,432,108,"{""n_neighbors"": 7, ""weights"": ""uniform"", ""metric"": ""euclidean""}",
classification,Lettuce,No Reduction,k-NN,3,0.9444444444444444,0.0621303780935704,431,109,"{""n_neighbors"": 5, ""weights"": ""uniform"", ""metric"": ""euclidean""}",
classification,Lettuce,No Reduction,k-NN,4,0.8712871287128713,0.0699943089857697,431,109,"{""n_neighbors"": 3, ""weights"": ""uniform"", ""metric"": ""euclidean""}",
classification,Lettuce,No Reduction,k-NN,5,0.8543689320388349,0.058614270761609,434,106,"{""n_neighbors"": 3, ""weights"": ""uniform"", ""metric"": ""euclidean""}",
classification,Lettuce,No Reduction,k-NN,6,0.9090909090909092,0.1259148633107543,431,109,"{""n_neighbors"": 3, ""weights"": ""uniform"", ""metric"": ""euclidean""}",
classification,Lettuce,No Reduction,k-NN,7,0.86,0.0604346501640975,433,107,"{""n_neighbors"": 7, ""weights"": ""uniform"", ""metric"": ""euclidean""}",
classification,Lettuce,No Reduction,k-NN,8,0.8545454545454545,0.0867568040266633,430,110,"{""n_neighbors"": 7, ""weights"": ""uniform"", ""metric"": ""euclidean""}",
classification,Lettuce,No Reduction,k-NN,9,0.8727272727272727,0.0708797485567629,433,107,"{""n_neighbors"": 7, ""weights"": ""uniform"", ""metric"": ""euclidean""}",
classification,Lettuce,PCA,Decision tree,0,0.8518518518518519,0.1818299856968224,431,109,"{""max_depth"": 5, ""min_samples_split"": 20}",
classification,Lettuce,PCA,Decision tree,1,0.8703703703703703,0.1719097830355167,432,108,"{""max_depth"": 4, ""min_samples_split"": 5}",
classification,Lettuce,PCA,Decision tree,2,0.896551724137931,0.1974268890917301,432,108,"{""max_depth"": 4, ""min_samples_split"": 5}",
classification,Lettuce,PCA,Decision tree,3,0.9009009009009008,0.1978318630717694,431,109,"{""max_depth"": 4, ""min_samples_split"": 10}",
classification,Lettuce,PCA,Decision tree,4,0.8823529411764706,0.196891862899065,431,109,"{""max_depth"": 4, ""min_samples_split"": 5}",
classification,Lettuce,PCA,Decision tree,5,0.8380952380952381,0.173872753046453,434,106,"{""max_depth"": 4, ""min_samples_split"": 5}",
classification,Lettuce,PCA,Decision tree,6,0.8869565217391304,0.1735590100288391,431,109,"{""max_depth"": 4, ""min_samples_split"": 5}",
classification,Lettuce,PCA,Decision tree,7,0.8543689320388349,0.1715684989467263,433,107,"{""max_depth"": 5, ""min_samples_split"": 5}",
classification,Lettuce,PCA,Decision tree,8,0.8727272727272727,0.1905617471784353,430,110,"{""max_depth"": 4, ""min_samples_split"": 5}",
classification,Lettuce,PCA,Decision tree,9,0.8823529411764706,0.1725979698821902,433,107,"{""max_depth"": 2, ""min_samples_split"": 5}",
classification,Lettuce,PCA,LSTM,0,0.8785046728971962,396.03570750402287,375,109,"{""K"": 4, ""units"": 64, ""dropout"": 0.4, ""lr"": 0.001}",64.0
classification,Lettuce,PCA,LSTM,1,0.897196261682243,516.8598774330458,377,108,"{""K"": 6, ""units"": 64, ""dropout"": 0.0, ""lr"": 0.001}",84.0
classification,Lettuce,PCA,LSTM,2,0.9090909090909092,394.0650784400059,379,108,"{""K"": 2, ""units"": 32, ""dropout"": 0.1, ""lr"": 0.0003}",98.0
classification,Lettuce,PCA,LSTM,3,0.9272727272727272,431.47740897198673,371,109,"{""K"": 6, ""units"": 32, ""dropout"": 0.3, ""lr"": 0.0003}",73.0
classification,Lettuce,PCA,LSTM,4,0.9245283018867924,369.68966043693945,375,109,"{""K"": 2, ""units"": 64, ""dropout"": 0.2, ""lr"": 0.001}",32.0
classification,Lettuce,PCA,LSTM,5,0.8543689320388349,419.1950105049182,384,106,"{""K"": 2, ""units"": 32, ""dropout"": 0.0, ""lr"": 0.0003}",87.0
classification,Lettuce,PCA,LSTM,6,0.8793103448275862,427.7794355270453,378,109,"{""K"": 2, ""units"": 32, ""dropout"": 0.3, ""lr"": 0.001}",114.0
classification,Lettuce,PCA,LSTM,7,0.8910891089108911,352.97343262901995,379,107,"{""K"": 2, ""units"": 32, ""dropout"": 0.3, ""lr"": 0.001}",78.0
classification,Lettuce,PCA,LSTM,8,0.8909090909090909,425.7161757099675,377,110,"{""K"": 2, ""units"": 32, ""dropout"": 0.2, ""lr"": 0.001}",45.0
classification,Lettuce,PCA,LSTM,9,0.8990825688073395,395.24189676495735,380,107,"{""K"": 2, ""units"": 32, ""dropout"": 0.1, ""lr"": 0.001}",68.0
classification,Lettuce,PCA,MLP,0,0.8785046728971962,95.67087309481576,375,109,"{""hidden"": [64, 32], ""dropout"": 0.0, ""lr"": 0.001}",72.0
classification,Lettuce,PCA,MLP,1,0.897196261682243,110.70030427584425,377,108,"{""hidden"": [64, 32], ""dropout"": 0.0, ""lr"": 0.001}",27.0
classification,Lettuce,PCA,MLP,2,0.9090909090909092,99.46784041356295,379,108,"{""hidden"": [64, 32], ""dropout"": 0.0, ""lr"": 0.001}",38.0
classification,Lettuce,PCA,MLP,3,0.9272727272727272,97.09464373113587,371,109,"{""hidden"": [64, 32], ""dropout"": 0.0, ""lr"": 0.001}",117.0
classification,Lettuce,PCA,MLP,4,0.9245283018867924,74.58201283821836,375,109,"{""hidden"": [128, 64], ""dropout"": 0.2, ""lr"": 0.001}",27.0
classification,Lettuce,PCA,MLP,5,0.8543689320388349,105.45393466204403,384,106,"{""hidden"": [64, 32], ""dropout"": 0.0, ""lr"": 0.001}",61.0
classification,Lettuce,PCA,MLP,6,0.918918918918919,112.98974229302256,378,109,"{""hidden"": [64, 32], ""dropout"": 0.1, ""lr"": 0.0003}",122.0
classification,Lettuce,PCA,MLP,7,0.8910891089108911,95.61433226289228,379,107,"{""hidden"": [64, 32], ""dropout"": 0.1, ""lr"": 0.0003}",78.0
classification,Lettuce,PCA,MLP,8,0.8909090909090909,91.18284783884884,377,110,"{""hidden"": [64, 32], ""dropout"": 0.1, ""lr"": 0.001}",50.0
classification,Lettuce,PCA,MLP,9,0.8990825688073395,83.81051965709776,380,107,"{""hidden"": [64, 32], ""dropout"": 0.0, ""lr"": 0.001}",46.0
classification,Lettuce,PCA,Mamba SSM,0,0.8785046728971962,1192.2307454509428,375,109,"{""K"": 2, ""units"": 64, ""dropout"": 0.0, ""lr"": 0.001}",24.0
classification,Lettuce,PCA,Mamba SSM,1,0.897196261682243,1298.195174126071,377,108,"{""K"": 2, ""units"": 64, ""dropout"": 0.0, ""lr"": 0.001}",23.0
classification,Lettuce,PCA,Mamba SSM,2,0.9090909090909092,1316.2222453419818,379,108,"{""K"": 2, ""units"": 32, ""dropout"": 0.0, ""lr"": 0.001}",30.0
classification,Lettuce,PCA,Mamba SSM,3,0.9272727272727272,1140.3992851549992,371,109,"{""K"": 2, ""units"": 32, ""dropout"": 0.4, ""lr"": 0.001}",31.0
classification,Lettuce,PCA,Mamba SSM,4,0.9245283018867924,1126.7086763250409,375,109,"{""K"": 2, ""units"": 64, ""dropout"": 0.2, ""lr"": 0.0003}",25.0
classification,Lettuce,PCA,Mamba SSM,5,0.8543689320388349,1354.1987065689173,384,106,"{""K"": 6, ""units"": 64, ""dropout"": 0.0, ""lr"": 0.0003}",32.0
classification,Lettuce,PCA,Mamba SSM,6,0.8869565217391304,1317.3024001019076,378,109,"{""K"": 4, ""units"": 32, ""dropout"": 0.4, ""lr"": 0.0003}",43.0
classification,Lettuce,PCA,Mamba SSM,7,0.8910891089108911,1222.4631674599368,379,107,"{""K"": 2, ""units"": 32, ""dropout"": 0.0, ""lr"": 0.0003}",36.0
classification,Lettuce,PCA,Mamba SSM,8,0.8909090909090909,1399.930807378143,377,110,"{""K"": 2, ""units"": 32, ""dropout"": 0.1, ""lr"": 0.001}",24.0
classification,Lettuce,PCA,Mamba SSM,9,0.8990825688073395,1100.1665215960238,380,107,"{""K"": 2, ""units"": 32, ""dropout"": 0.1, ""lr"": 0.001}",29.0
classification,Lettuce,PCA,RNN GRU,0,0.8785046728971962,450.85408160393126,375,109,"{""K"": 2, ""units"": 32, ""dropout"": 0.4, ""lr"": 0.0003}",96.0
classification,Lettuce,PCA,RNN GRU,1,0.8648648648648649,457.9992061959347,377,108,"{""K"": 6, ""units"": 64, ""dropout"": 0.1, ""lr"": 0.001}",53.0
classification,Lettuce,PCA,RNN GRU,2,0.9090909090909092,474.9811125340639,379,108,"{""K"": 2, ""units"": 32, ""dropout"": 0.0, ""lr"": 0.001}",37.0
classification,Lettuce,PCA,RNN GRU,3,0.9272727272727272,484.6656209649518,371,109,"{""K"": 2, ""units"": 32, ""dropout"": 0.0, ""lr"": 0.001}",54.0
classification,Lettuce,PCA,RNN GRU,4,0.9245283018867924,460.79520795703866,375,109,"{""K"": 2, ""units"": 32, ""dropout"": 0.0, ""lr"": 0.001}",32.0
classification,Lettuce,PCA,RNN GRU,5,0.8543689320388349,426.6500660739839,384,106,"{""K"": 2, ""units"": 32, ""dropout"": 0.0, ""lr"": 0.0003}",87.0
classification,Lettuce,PCA,RNN GRU,6,0.8869565217391304,475.2723933700472,378,109,"{""K"": 2, ""units"": 64, ""dropout"": 0.4, ""lr"": 0.001}",103.0
classification,Lettuce,PCA,RNN GRU,7,0.8910891089108911,379.7333493840415,379,107,"{""K"": 2, ""units"": 32, ""dropout"": 0.0, ""lr"": 0.0003}",78.0
classification,Lettuce,PCA,RNN GRU,8,0.8909090909090909,473.08625304105226,377,110,"{""K"": 6, ""units"": 64, ""dropout"": 0.4, ""lr"": 0.001}",36.0
classification,Lettuce,PCA,RNN GRU,9,0.8990825688073395,455.7996725239791,380,107,"{""K"": 2, ""units"": 32, ""dropout"": 0.0, ""lr"": 0.001}",46.0
classification,Lettuce,PCA,Random forest,0,0.8761904761904762,8.069394642021507,431,109,"{""n_estimators"": 100, ""max_depth"": 5, ""max_features"": ""sqrt"", ""min_samples_split"": 2}",
classification,Lettuce,PCA,Random forest,1,0.8952380952380953,11.303453043103218,432,108,"{""n_estimators"": 100, ""max_depth"": 5, ""max_features"": ""sqrt"", ""min_samples_split"": 10}",
classification,Lettuce,PCA,Random forest,2,0.9174311926605504,8.079340094700456,432,108,"{""n_estimators"": 100, ""max_depth"": 5, ""max_features"": ""sqrt"", ""min_samples_split"": 5}",
classification,Lettuce,PCA,Random forest,3,0.9158878504672896,9.196646466385571,431,109,"{""n_estimators"": 100, ""max_depth"": 5, ""max_features"": ""sqrt"", ""min_samples_split"": 5}",
classification,Lettuce,PCA,Random forest,4,0.903846153846154,10.833385311998429,431,109,"{""n_estimators"": 100, ""max_depth"": 5, ""max_features"": ""sqrt"", ""min_samples_split"": 5}",
classification,Lettuce,PCA,Random forest,5,0.8269230769230769,9.216046767309308,434,106,"{""n_estimators"": 100, ""max_depth"": 5, ""max_features"": ""sqrt"", ""min_samples_split"": 10}",
classification,Lettuce,PCA,Random forest,6,0.9090909090909092,9.328100986313077,431,109,"{""n_estimators"": 100, ""max_depth"": 5, ""max_features"": ""sqrt"", ""min_samples_split"": 10}",
classification,Lettuce,PCA,Random forest,7,0.8823529411764706,9.277850672136992,433,107,"{""n_estimators"": 100, ""max_depth"": 5, ""max_features"": ""sqrt"", ""min_samples_split"": 5}",
classification,Lettuce,PCA,Random forest,8,0.8440366972477065,9.128951660357416,430,110,"{""n_estimators"": 100, ""max_depth"": 5, ""max_features"": ""sqrt"", ""min_samples_split"": 10}",
classification,Lettuce,PCA,Random forest,9,0.897196261682243,9.166515041142702,433,107,"{""n_estimators"": 100, ""max_depth"": 5, ""max_features"": ""sqrt"", ""min_samples_split"": 5}",
classification,Lettuce,PCA,TabPFN,0,0.8785046728971962,21.290636087069288,431,109,"{""model"": ""tabpfn-v3-default""}",
classification,Lettuce,PCA,TabPFN,1,0.897196261682243,19.53646363003645,432,108,"{""model"": ""tabpfn-v3-default""}",
classification,Lettuce,PCA,TabPFN,2,0.9090909090909092,21.08788187301252,432,108,"{""model"": ""tabpfn-v3-default""}",
classification,Lettuce,PCA,TabPFN,3,0.9272727272727272,19.345362878986634,431,109,"{""model"": ""tabpfn-v3-default""}",
classification,Lettuce,PCA,TabPFN,4,0.9345794392523364,21.411141320015304,431,109,"{""model"": ""tabpfn-v3-default""}",
classification,Lettuce,PCA,TabPFN,5,0.8543689320388349,19.29379488504492,434,106,"{""model"": ""tabpfn-v3-default""}",
classification,Lettuce,PCA,TabPFN,6,0.918918918918919,20.24323702091351,431,109,"{""model"": ""tabpfn-v3-default""}",
classification,Lettuce,PCA,TabPFN,7,0.8910891089108911,17.679092072998174,433,107,"{""model"": ""tabpfn-v3-default""}",
classification,Lettuce,PCA,TabPFN,8,0.8909090909090909,17.441929016960785,430,110,"{""model"": ""tabpfn-v3-default""}",
classification,Lettuce,PCA,TabPFN,9,0.8990825688073395,20.60305280098692,433,107,"{""model"": ""tabpfn-v3-default""}",
classification,Lettuce,PCA,k-NN,0,0.8761904761904762,0.0926930466666817,431,109,"{""n_neighbors"": 5, ""weights"": ""uniform"", ""metric"": ""euclidean""}",
classification,Lettuce,PCA,k-NN,1,0.8990825688073395,0.0991458939388394,432,108,"{""n_neighbors"": 7, ""weights"": ""uniform"", ""metric"": ""euclidean""}",
classification,Lettuce,PCA,k-NN,2,0.9074074074074074,0.0958776092156767,432,108,"{""n_neighbors"": 7, ""weights"": ""uniform"", ""metric"": ""euclidean""}",
classification,Lettuce,PCA,k-NN,3,0.9433962264150944,0.1106134336441755,431,109,"{""n_neighbors"": 5, ""weights"": ""uniform"", ""metric"": ""euclidean""}",
classification,Lettuce,PCA,k-NN,4,0.8823529411764706,0.0925145237706601,431,109,"{""n_neighbors"": 3, ""weights"": ""uniform"", ""metric"": ""euclidean""}",
classification,Lettuce,PCA,k-NN,5,0.8653846153846154,0.0832099979743361,434,106,"{""n_neighbors"": 3, ""weights"": ""uniform"", ""metric"": ""euclidean""}",
classification,Lettuce,PCA,k-NN,6,0.8990825688073395,0.0968014900572598,431,109,"{""n_neighbors"": 3, ""weights"": ""uniform"", ""metric"": ""euclidean""}",
classification,Lettuce,PCA,k-NN,7,0.8712871287128713,0.0919156689196825,433,107,"{""n_neighbors"": 7, ""weights"": ""uniform"", ""metric"": ""euclidean""}",
classification,Lettuce,PCA,k-NN,8,0.8545454545454545,0.0996040888130664,430,110,"{""n_neighbors"": 7, ""weights"": ""uniform"", ""metric"": ""euclidean""}",
classification,Lettuce,PCA,k-NN,9,0.8727272727272727,0.0820345347747206,433,107,"{""n_neighbors"": 7, ""weights"": ""uniform"", ""metric"": ""euclidean""}",
classification,Onion,BOTCAST,Decision tree,0,0.7643979057591623,0.1646493771113455,738,184,"{""max_depth"": 5, ""min_samples_split"": 5}",
classification,Onion,BOTCAST,Decision tree,1,0.7727272727272727,0.1420007711276412,739,183,"{""max_depth"": 5, ""min_samples_split"": 5}",
classification,Onion,BOTCAST,Decision tree,2,0.7562189054726368,0.1384352026507258,736,186,"{""max_depth"": 5, ""min_samples_split"": 5}",
classification,Onion,BOTCAST,Decision tree,3,0.7641509433962265,0.1471770051866769,735,187,"{""max_depth"": 5, ""min_samples_split"": 5}",
classification,Onion,BOTCAST,Decision tree,4,0.7263157894736842,0.1421808032318949,737,185,"{""max_depth"": 5, ""min_samples_split"": 5}",
classification,Onion,BOTCAST,Decision tree,5,0.736318407960199,0.1409937110729515,739,183,"{""max_depth"": 5, ""min_samples_split"": 5}",
classification,Onion,BOTCAST,Decision tree,6,0.7924528301886793,0.1817050739191472,735,187,"{""max_depth"": 5, ""min_samples_split"": 5}",
classification,Onion,BOTCAST,Decision tree,7,0.6709677419354839,0.1448364309035241,735,187,"{""max_depth"": 5, ""min_samples_split"": 5}",
classification,Onion,BOTCAST,Decision tree,8,0.7448979591836735,0.1360885989852249,737,185,"{""max_depth"": 5, ""min_samples_split"": 5}",
classification,Onion,BOTCAST,Decision tree,9,0.7816091954022989,0.1399028478190302,735,187,"{""max_depth"": 5, ""min_samples_split"": 5}",
classification,Onion,BOTCAST,LSTM,0,0.770949720670391,617.3385048760101,648,184,"{""K"": 4, ""units"": 32, ""dropout"": 0.3, ""lr"": 0.0003}",65.0
classification,Onion,BOTCAST,LSTM,1,0.8324324324324325,791.704757147003,651,183,"{""K"": 4, ""units"": 64, ""dropout"": 0.3, ""lr"": 0.001}",145.0
classification,Onion,BOTCAST,LSTM,2,0.7624309392265194,773.391197433928,639,186,"{""K"": 2, ""units"": 64, ""dropout"": 0.0, ""lr"": 0.001}",48.0
classification,Onion,BOTCAST,LSTM,3,0.819672131147541,978.7306795569602,646,187,"{""K"": 6, ""units"": 32, ""dropout"": 0.2, ""lr"": 0.001}",54.0
classification,Onion,BOTCAST,LSTM,4,0.7590361445783133,969.019183641998,645,185,"{""K"": 4, ""units"": 64, ""dropout"": 0.0, ""lr"": 0.001}",124.0
classification,Onion,BOTCAST,LSTM,5,0.7692307692307693,679.7475214520236,636,183,"{""K"": 2, ""units"": 32, ""dropout"": 0.0, ""lr"": 0.001}",52.0
classification,Onion,BOTCAST,LSTM,6,0.8121827411167513,814.5329394730506,634,187,"{""K"": 6, ""units"": 32, ""dropout"": 0.1, ""lr"": 0.001}",75.0
classification,Onion,BOTCAST,LSTM,7,0.8287292817679558,913.208027604036,635,187,"{""K"": 4, ""units"": 64, ""dropout"": 0.1, ""lr"": 0.0003}",75.0
classification,Onion,BOTCAST,LSTM,8,0.7613636363636364,718.0522615780355,641,185,"{""K"": 2, ""units"": 64, ""dropout"": 0.4, ""lr"": 0.001}",97.0
classification,Onion,BOTCAST,LSTM,9,0.7956989247311828,744.2031060180161,631,187,"{""K"": 6, ""units"": 64, ""dropout"": 0.4, ""lr"": 0.001}",93.0
classification,Onion,BOTCAST,MLP,0,0.7613636363636364,346.4026139969937,648,184,"{""hidden"": [64, 32], ""dropout"": 0.0, ""lr"": 0.001}",121.0
classification,Onion,BOTCAST,MLP,1,0.8125,386.480632214807,651,183,"{""hidden"": [128, 64], ""dropout"": 0.0, ""lr"": 0.001}",129.0
classification,Onion,BOTCAST,MLP,2,0.7251461988304093,308.1035536210984,639,186,"{""hidden"": [128, 64], ""dropout"": 0.3, ""lr"": 0.001}",59.0
classification,Onion,BOTCAST,MLP,3,0.8108108108108109,349.2098632492125,646,187,"{""hidden"": [128, 64], ""dropout"": 0.1, ""lr"": 0.001}",62.0
classification,Onion,BOTCAST,MLP,4,0.7393939393939394,383.7370805661194,645,185,"{""hidden"": [128, 64], ""dropout"": 0.1, ""lr"": 0.001}",68.0
classification,Onion,BOTCAST,MLP,5,0.7668393782383419,338.4574199449271,636,183,"{""hidden"": [128, 64], ""dropout"": 0.1, ""lr"": 0.001}",104.0
classification,Onion,BOTCAST,MLP,6,0.7918781725888325,291.63508537691087,634,187,"{""hidden"": [64, 32], ""dropout"": 0.0, ""lr"": 0.001}",124.0
classification,Onion,BOTCAST,MLP,7,0.84,353.8108212929219,635,187,"{""hidden"": [64, 32], ""dropout"": 0.0, ""lr"": 0.001}",148.0
classification,Onion,BOTCAST,MLP,8,0.6777777777777778,289.00942865386605,641,185,"{""hidden"": [128, 64], ""dropout"": 0.1, ""lr"": 0.001}",41.0
classification,Onion,BOTCAST,MLP,9,0.8105263157894737,380.0086201429367,631,187,"{""hidden"": [128, 64], ""dropout"": 0.0, ""lr"": 0.001}",41.0
classification,Onion,BOTCAST,Mamba SSM,0,0.7777777777777778,2109.3859705189243,648,184,"{""K"": 6, ""units"": 32, ""dropout"": 0.4, ""lr"": 0.001}",54.0
classification,Onion,BOTCAST,Mamba SSM,1,0.8128342245989305,2016.434430809226,651,183,"{""K"": 6, ""units"": 64, ""dropout"": 0.4, ""lr"": 0.0003}",67.0
classification,Onion,BOTCAST,Mamba SSM,2,0.7727272727272727,2428.606033217162,639,186,"{""K"": 2, ""units"": 64, ""dropout"": 0.1, ""lr"": 0.0003}",27.0
classification,Onion,BOTCAST,Mamba SSM,3,0.8125,2275.286078515928,646,187,"{""K"": 4, ""units"": 32, ""dropout"": 0.0, ""lr"": 0.001}",28.0
classification,Onion,BOTCAST,Mamba SSM,4,0.7674418604651163,2139.9084793543443,645,185,"{""K"": 4, ""units"": 32, ""dropout"": 0.1, ""lr"": 0.001}",29.0
classification,Onion,BOTCAST,Mamba SSM,5,0.7708333333333334,1869.4476249730212,636,183,"{""K"": 4, ""units"": 64, ""dropout"": 0.0, ""lr"": 0.001}",27.0
classification,Onion,BOTCAST,Mamba SSM,6,0.8061224489795918,1959.394483011216,634,187,"{""K"": 4, ""units"": 64, ""dropout"": 0.1, ""lr"": 0.0003}",30.0
classification,Onion,BOTCAST,Mamba SSM,7,0.8359788359788359,1897.5749521059915,635,187,"{""K"": 2, ""units"": 64, ""dropout"": 0.4, ""lr"": 0.0003}",30.0
classification,Onion,BOTCAST,Mamba SSM,8,0.7717391304347826,1884.893819120014,641,185,"{""K"": 2, ""units"": 32, ""dropout"": 0.0, ""lr"": 0.001}",25.0
classification,Onion,BOTCAST,Mamba SSM,9,0.8128342245989305,2217.0300920449663,631,187,"{""K"": 4, ""units"": 32, ""dropout"": 0.1, ""lr"": 0.001}",30.0
classification,Onion,BOTCAST,RNN GRU,0,0.7796610169491526,794.8025357909501,648,184,"{""K"": 2, ""units"": 32, ""dropout"": 0.3, ""lr"": 0.0003}",69.0
classification,Onion,BOTCAST,RNN GRU,1,0.8253968253968254,971.3834772550036,651,183,"{""K"": 2, ""units"": 32, ""dropout"": 0.3, ""lr"": 0.001}",134.0
classification,Onion,BOTCAST,RNN GRU,2,0.7692307692307693,933.8384482490364,639,186,"{""K"": 6, ""units"": 64, ""dropout"": 0.4, ""lr"": 0.0003}",74.0
classification,Onion,BOTCAST,RNN GRU,3,0.8021978021978022,1033.9709590920247,646,187,"{""K"": 6, ""units"": 32, ""dropout"": 0.2, ""lr"": 0.001}",45.0
classification,Onion,BOTCAST,RNN GRU,4,0.7407407407407407,1069.073978011962,645,185,"{""K"": 4, ""units"": 32, ""dropout"": 0.1, ""lr"": 0.001}",86.0
classification,Onion,BOTCAST,RNN GRU,5,0.7684210526315789,886.5374676419888,636,183,"{""K"": 2, ""units"": 64, ""dropout"": 0.1, ""lr"": 0.001}",89.0
classification,Onion,BOTCAST,RNN GRU,6,0.8105263157894737,915.8926996679512,634,187,"{""K"": 2, ""units"": 64, ""dropout"": 0.0, ""lr"": 0.001}",42.0
classification,Onion,BOTCAST,RNN GRU,7,0.819672131147541,1107.3547582969768,635,187,"{""K"": 6, ""units"": 32, ""dropout"": 0.1, ""lr"": 0.001}",47.0
classification,Onion,BOTCAST,RNN GRU,8,0.7428571428571429,791.471931240987,641,185,"{""K"": 2, ""units"": 64, ""dropout"": 0.3, ""lr"": 0.001}",67.0
classification,Onion,BOTCAST,RNN GRU,9,0.8191489361702128,854.9811190329492,631,187,"{""K"": 2, ""units"": 64, ""dropout"": 0.1, ""lr"": 0.001}",49.0
classification,Onion,BOTCAST,Random forest,0,0.774869109947644,8.04174919333309,738,184,"{""n_estimators"": 100, ""max_depth"": 5, ""max_features"": ""log2"", ""min_samples_split"": 10}",
classification,Onion,BOTCAST,Random forest,1,0.8148148148148148,7.9748628148809075,739,183,"{""n_estimators"": 100, ""max_depth"": 5, ""max_features"": ""log2"", ""min_samples_split"": 10}",
classification,Onion,BOTCAST,Random forest,2,0.7668393782383419,8.01572743197903,736,186,"{""n_estimators"": 100, ""max_depth"": 5, ""max_features"": ""log2"", ""min_samples_split"": 2}",
classification,Onion,BOTCAST,Random forest,3,0.8,8.435666900128126,735,187,"{""n_estimators"": 100, ""max_depth"": 10, ""max_features"": ""sqrt"", ""min_samples_split"": 2}",
classification,Onion,BOTCAST,Random forest,4,0.7955801104972375,7.922321226913482,737,185,"{""n_estimators"": 100, ""max_depth"": 5, ""max_features"": ""log2"", ""min_samples_split"": 5}",
classification,Onion,BOTCAST,Random forest,5,0.7668393782383419,7.936434565111995,739,183,"{""n_estimators"": 100, ""max_depth"": 10, ""max_features"": ""sqrt"", ""min_samples_split"": 2}",
classification,Onion,BOTCAST,Random forest,6,0.8137254901960784,7.900321247987449,735,187,"{""n_estimators"": 100, ""max_depth"": null, ""max_features"": ""sqrt"", ""min_samples_split"": 2}",
classification,Onion,BOTCAST,Random forest,7,0.8367346938775511,7.907855757046491,735,187,"{""n_estimators"": 100, ""max_depth"": 5, ""max_features"": ""log2"", ""min_samples_split"": 2}",
classification,Onion,BOTCAST,Random forest,8,0.7486033519553073,7.90809301007539,737,185,"{""n_estimators"": 100, ""max_depth"": 5, ""max_features"": ""log2"", ""min_samples_split"": 2}",
classification,Onion,BOTCAST,Random forest,9,0.8125,7.930342852137983,735,187,"{""n_estimators"": 100, ""max_depth"": 10, ""max_features"": ""sqrt"", ""min_samples_split"": 2}",
classification,Onion,BOTCAST,TabPFN,0,0.7777777777777778,18.930513032944877,738,184,"{""model"": ""tabpfn-v3-default""}",
classification,Onion,BOTCAST,TabPFN,1,0.8125,19.993047920055687,739,183,"{""model"": ""tabpfn-v3-default""}",
classification,Onion,BOTCAST,TabPFN,2,0.7593582887700535,19.432484344928525,736,186,"{""model"": ""tabpfn-v3-default""}",
classification,Onion,BOTCAST,TabPFN,3,0.8,18.704201122978706,735,187,"{""model"": ""tabpfn-v3-default""}",
classification,Onion,BOTCAST,TabPFN,4,0.7457627118644068,19.25894700095523,737,185,"{""model"": ""tabpfn-v3-default""}",
classification,Onion,BOTCAST,TabPFN,5,0.7668393782383419,19.56610521499533,739,183,"{""model"": ""tabpfn-v3-default""}",
classification,Onion,BOTCAST,TabPFN,6,0.8137254901960784,19.150830883998424,735,187,"{""model"": ""tabpfn-v3-default""}",
classification,Onion,BOTCAST,TabPFN,7,0.8290155440414507,19.41572625900153,735,187,"{""model"": ""tabpfn-v3-default""}",
classification,Onion,BOTCAST,TabPFN,8,0.7486033519553073,18.88046699401457,737,185,"{""model"": ""tabpfn-v3-default""}",
classification,Onion,BOTCAST,TabPFN,9,0.8021390374331551,20.03041641705204,735,187,"{""model"": ""tabpfn-v3-default""}",
classification,Onion,BOTCAST,k-NN,0,0.7955801104972375,0.0831005168147385,738,184,"{""n_neighbors"": 7, ""weights"": ""uniform"", ""metric"": ""euclidean""}",
classification,Onion,BOTCAST,k-NN,1,0.8248587570621468,0.0963426451198756,739,183,"{""n_neighbors"": 7, ""weights"": ""uniform"", ""metric"": ""euclidean""}",
classification,Onion,BOTCAST,k-NN,2,0.7624309392265194,0.0995083581656217,736,186,"{""n_neighbors"": 7, ""weights"": ""uniform"", ""metric"": ""euclidean""}",
classification,Onion,BOTCAST,k-NN,3,0.7789473684210526,0.1014966876246035,735,187,"{""n_neighbors"": 7, ""weights"": ""uniform"", ""metric"": ""euclidean""}",
classification,Onion,BOTCAST,k-NN,4,0.7441860465116279,0.1225701980292797,737,185,"{""n_neighbors"": 7, ""weights"": ""uniform"", ""metric"": ""euclidean""}",
classification,Onion,BOTCAST,k-NN,5,0.7868852459016393,0.1010682838968932,739,183,"{""n_neighbors"": 7, ""weights"": ""uniform"", ""metric"": ""euclidean""}",
classification,Onion,BOTCAST,k-NN,6,0.8,0.0785931102000176,735,187,"{""n_neighbors"": 7, ""weights"": ""uniform"", ""metric"": ""euclidean""}",
classification,Onion,BOTCAST,k-NN,7,0.7914438502673797,0.0908553469926118,735,187,"{""n_neighbors"": 3, ""weights"": ""uniform"", ""metric"": ""euclidean""}",
classification,Onion,BOTCAST,k-NN,8,0.7513227513227513,0.0794223677366972,737,185,"{""n_neighbors"": 7, ""weights"": ""uniform"", ""metric"": ""euclidean""}",
classification,Onion,BOTCAST,k-NN,9,0.7692307692307693,0.0974209359847009,735,187,"{""n_neighbors"": 7, ""weights"": ""uniform"", ""metric"": ""euclidean""}",
classification,Onion,Isomap,Decision tree,0,0.7156862745098039,3.2492212811484933,738,184,"{""max_depth"": 5, ""min_samples_split"": 5}",
classification,Onion,Isomap,Decision tree,1,0.806282722513089,3.59618773823604,739,183,"{""max_depth"": 5, ""min_samples_split"": 10}",
classification,Onion,Isomap,Decision tree,2,0.7076923076923077,3.9571895329281688,736,186,"{""max_depth"": 4, ""min_samples_split"": 20}",
classification,Onion,Isomap,Decision tree,3,0.8148148148148148,3.396051721647382,735,187,"{""max_depth"": 5, ""min_samples_split"": 5}",
classification,Onion,Isomap,Decision tree,4,0.7657142857142857,3.0568821947090328,737,185,"{""max_depth"": 5, ""min_samples_split"": 20}",
classification,Onion,Isomap,Decision tree,5,0.7614213197969543,3.849975894205272,739,183,"{""max_depth"": 5, ""min_samples_split"": 10}",
classification,Onion,Isomap,Decision tree,6,0.821256038647343,3.6497988179326057,735,187,"{""max_depth"": 5, ""min_samples_split"": 20}",
classification,Onion,Isomap,Decision tree,7,0.7920792079207921,3.2521980619058013,735,187,"{""max_depth"": 5, ""min_samples_split"": 20}",
classification,Onion,Isomap,Decision tree,8,0.686046511627907,3.213206574320793,737,185,"{""max_depth"": 5, ""min_samples_split"": 5}",
classification,Onion,Isomap,Decision tree,9,0.7959183673469388,3.17232737923041,735,187,"{""max_depth"": 5, ""min_samples_split"": 10}",
classification,Onion,Isomap,LSTM,0,0.7540983606557377,449.180538153043,648,184,"{""K"": 6, ""units"": 32, ""dropout"": 0.2, ""lr"": 0.001}",33.0
classification,Onion,Isomap,LSTM,1,0.8351648351648352,548.0240489430726,651,183,"{""K"": 6, ""units"": 32, ""dropout"": 0.0, ""lr"": 0.0003}",243.0
classification,Onion,Isomap,LSTM,2,0.783068783068783,477.1813292009756,639,186,"{""K"": 4, ""units"": 32, ""dropout"": 0.0, ""lr"": 0.0003}",90.0
classification,Onion,Isomap,LSTM,3,0.8369565217391305,522.496468923986,646,187,"{""K"": 2, ""units"": 64, ""dropout"": 0.3, ""lr"": 0.0003}",60.0
classification,Onion,Isomap,LSTM,4,0.7976878612716763,516.2266042750562,645,185,"{""K"": 2, ""units"": 64, ""dropout"": 0.0, ""lr"": 0.001}",37.0
classification,Onion,Isomap,LSTM,5,0.7849462365591398,389.3092887500534,636,183,"{""K"": 4, ""units"": 64, ""dropout"": 0.1, ""lr"": 0.001}",36.0
classification,Onion,Isomap,LSTM,6,0.8253968253968254,456.4888209090568,634,187,"{""K"": 4, ""units"": 32, ""dropout"": 0.3, ""lr"": 0.0003}",67.0
classification,Onion,Isomap,LSTM,7,0.8465608465608465,505.176403758931,635,187,"{""K"": 2, ""units"": 32, ""dropout"": 0.4, ""lr"": 0.001}",43.0
classification,Onion,Isomap,LSTM,8,0.75,438.899315061979,641,185,"{""K"": 6, ""units"": 32, ""dropout"": 0.2, ""lr"": 0.001}",66.0
classification,Onion,Isomap,LSTM,9,0.8061224489795918,468.1440248860745,631,187,"{""K"": 6, ""units"": 64, ""dropout"": 0.2, ""lr"": 0.001}",58.0
classification,Onion,Isomap,MLP,0,0.7789473684210526,143.54683285672218,648,184,"{""hidden"": [32, 16], ""dropout"": 0.1, ""lr"": 0.001}",38.0
classification,Onion,Isomap,MLP,1,0.8191489361702128,155.5346025461331,651,183,"{""hidden"": [128, 64], ""dropout"": 0.4, ""lr"": 0.0003}",152.0
classification,Onion,Isomap,MLP,2,0.776595744680851,160.4500919468701,639,186,"{""hidden"": [64, 32], ""dropout"": 0.2, ""lr"": 0.0003}",49.0
classification,Onion,Isomap,MLP,3,0.8163265306122449,165.8721941630356,646,187,"{""hidden"": [64, 32], ""dropout"": 0.1, ""lr"": 0.001}",33.0
classification,Onion,Isomap,MLP,4,0.8021978021978022,172.5385236539878,645,185,"{""hidden"": [32, 16], ""dropout"": 0.1, ""lr"": 0.001}",39.0
classification,Onion,Isomap,MLP,5,0.8042328042328042,126.59770741313696,636,183,"{""hidden"": [128, 64], ""dropout"": 0.3, ""lr"": 0.0003}",50.0
classification,Onion,Isomap,MLP,6,0.8144329896907216,139.48022652277723,634,187,"{""hidden"": [128, 64], ""dropout"": 0.4, ""lr"": 0.0003}",95.0
classification,Onion,Isomap,MLP,7,0.8272251308900523,150.43005058309063,635,187,"{""hidden"": [64, 32], ""dropout"": 0.2, ""lr"": 0.001}",105.0
classification,Onion,Isomap,MLP,8,0.7734806629834254,116.75962451286614,641,185,"{""hidden"": [32, 16], ""dropout"": 0.2, ""lr"": 0.001}",58.0
classification,Onion,Isomap,MLP,9,0.8235294117647058,109.29169104713948,631,187,"{""hidden"": [32, 16], ""dropout"": 0.3, ""lr"": 0.001}",73.0
classification,Onion,Isomap,Mamba SSM,0,0.7853403141361257,1770.3537593460642,648,184,"{""K"": 2, ""units"": 32, ""dropout"": 0.0, ""lr"": 0.0003}",28.0
classification,Onion,Isomap,Mamba SSM,1,0.8148148148148148,1681.3166820681654,651,183,"{""K"": 4, ""units"": 32, ""dropout"": 0.0, ""lr"": 0.0003}",33.0
classification,Onion,Isomap,Mamba SSM,2,0.7708333333333334,1778.8536330140196,639,186,"{""K"": 2, ""units"": 32, ""dropout"": 0.0, ""lr"": 0.001}",27.0
classification,Onion,Isomap,Mamba SSM,3,0.8275862068965517,1689.2902231831104,646,187,"{""K"": 2, ""units"": 64, ""dropout"": 0.3, ""lr"": 0.001}",22.0
classification,Onion,Isomap,Mamba SSM,4,0.8152173913043478,1836.5507779619657,645,185,"{""K"": 2, ""units"": 64, ""dropout"": 0.3, ""lr"": 0.0003}",26.0
classification,Onion,Isomap,Mamba SSM,5,0.782608695652174,1720.6700562417973,636,183,"{""K"": 6, ""units"": 64, ""dropout"": 0.2, ""lr"": 0.001}",24.0
classification,Onion,Isomap,Mamba SSM,6,0.8020304568527918,1618.6131230471656,634,187,"{""K"": 4, ""units"": 64, ""dropout"": 0.3, ""lr"": 0.0003}",25.0
classification,Onion,Isomap,Mamba SSM,7,0.8350515463917526,1730.7040279149078,635,187,"{""K"": 4, ""units"": 64, ""dropout"": 0.1, ""lr"": 0.001}",23.0
classification,Onion,Isomap,Mamba SSM,8,0.7428571428571429,1603.539799921913,641,185,"{""K"": 4, ""units"": 64, ""dropout"": 0.1, ""lr"": 0.001}",23.0
classification,Onion,Isomap,Mamba SSM,9,0.8307692307692308,1701.079443649156,631,187,"{""K"": 4, ""units"": 32, ""dropout"": 0.2, ""lr"": 0.0003}",34.0
classification,Onion,Isomap,RNN GRU,0,0.7807486631016043,497.78840109007433,648,184,"{""K"": 4, ""units"": 32, ""dropout"": 0.1, ""lr"": 0.001}",28.0
classification,Onion,Isomap,RNN GRU,1,0.8571428571428571,518.3486474499805,651,183,"{""K"": 4, ""units"": 32, ""dropout"": 0.1, ""lr"": 0.001}",57.0
classification,Onion,Isomap,RNN GRU,2,0.7772020725388601,559.5923295159591,639,186,"{""K"": 6, ""units"": 64, ""dropout"": 0.2, ""lr"": 0.0003}",65.0
classification,Onion,Isomap,RNN GRU,3,0.8172043010752689,590.1714195400709,646,187,"{""K"": 4, ""units"": 32, ""dropout"": 0.0, ""lr"": 0.001}",31.0
classification,Onion,Isomap,RNN GRU,4,0.8,614.0095530169783,645,185,"{""K"": 2, ""units"": 64, ""dropout"": 0.4, ""lr"": 0.0003}",69.0
classification,Onion,Isomap,RNN GRU,5,0.7954545454545454,447.4995583819691,636,183,"{""K"": 2, ""units"": 64, ""dropout"": 0.3, ""lr"": 0.001}",27.0
classification,Onion,Isomap,RNN GRU,6,0.8181818181818182,487.6804387939628,634,187,"{""K"": 6, ""units"": 64, ""dropout"": 0.2, ""lr"": 0.001}",29.0
classification,Onion,Isomap,RNN GRU,7,0.8297872340425532,519.8146573730046,635,187,"{""K"": 4, ""units"": 32, ""dropout"": 0.3, ""lr"": 0.001}",47.0
classification,Onion,Isomap,RNN GRU,8,0.7734806629834254,466.9309986509616,641,185,"{""K"": 6, ""units"": 64, ""dropout"": 0.4, ""lr"": 0.001}",64.0
classification,Onion,Isomap,RNN GRU,9,0.8121827411167513,482.7166517920559,631,187,"{""K"": 6, ""units"": 64, ""dropout"": 0.3, ""lr"": 0.001}",61.0
classification,Onion,Isomap,Random forest,0,0.7772020725388601,16.277676376979798,738,184,"{""n_estimators"": 100, ""max_depth"": 5, ""max_features"": ""sqrt"", ""min_samples_split"": 10}",
classification,Onion,Isomap,Random forest,1,0.8359788359788359,16.214895482175052,739,183,"{""n_estimators"": 100, ""max_depth"": 5, ""max_features"": ""sqrt"", ""min_samples_split"": 5}",
classification,Onion,Isomap,Random forest,2,0.797979797979798,16.065475349780172,736,186,"{""n_estimators"": 100, ""max_depth"": 5, ""max_features"": ""sqrt"", ""min_samples_split"": 2}",
classification,Onion,Isomap,Random forest,3,0.8144329896907216,15.725246242713183,735,187,"{""n_estimators"": 100, ""max_depth"": 5, ""max_features"": ""sqrt"", ""min_samples_split"": 5}",
classification,Onion,Isomap,Random forest,4,0.8128342245989305,16.098484457936138,737,185,"{""n_estimators"": 100, ""max_depth"": 5, ""max_features"": ""sqrt"", ""min_samples_split"": 5}",
classification,Onion,Isomap,Random forest,5,0.797979797979798,16.293951781932265,739,183,"{""n_estimators"": 100, ""max_depth"": 5, ""max_features"": ""sqrt"", ""min_samples_split"": 5}",
classification,Onion,Isomap,Random forest,6,0.7941176470588235,18.31663785967976,735,187,"{""n_estimators"": 100, ""max_depth"": 5, ""max_features"": ""sqrt"", ""min_samples_split"": 5}",
classification,Onion,Isomap,Random forest,7,0.806282722513089,16.181767310015857,735,187,"{""n_estimators"": 100, ""max_depth"": 10, ""max_features"": ""sqrt"", ""min_samples_split"": 10}",
classification,Onion,Isomap,Random forest,8,0.7759562841530054,15.947890426032243,737,185,"{""n_estimators"": 100, ""max_depth"": 5, ""max_features"": ""sqrt"", ""min_samples_split"": 2}",
classification,Onion,Isomap,Random forest,9,0.7959183673469388,17.952191480901092,735,187,"{""n_estimators"": 100, ""max_depth"": null, ""max_features"": ""sqrt"", ""min_samples_split"": 10}",
classification,Onion,Isomap,TabPFN,0,0.7936507936507936,25.79820446204394,738,184,"{""model"": ""tabpfn-v3-default""}",
classification,Onion,Isomap,TabPFN,1,0.8210526315789474,24.954577976022847,739,183,"{""model"": ""tabpfn-v3-default""}",
classification,Onion,Isomap,TabPFN,2,0.8082901554404145,26.005256278906018,736,186,"{""model"": ""tabpfn-v3-default""}",
classification,Onion,Isomap,TabPFN,3,0.8333333333333334,25.69633755402174,735,187,"{""model"": ""tabpfn-v3-default""}",
classification,Onion,Isomap,TabPFN,4,0.782608695652174,25.369337084004652,737,185,"{""model"": ""tabpfn-v3-default""}",
classification,Onion,Isomap,TabPFN,5,0.7978723404255319,24.86300919391215,739,183,"{""model"": ""tabpfn-v3-default""}",
classification,Onion,Isomap,TabPFN,6,0.8102564102564103,25.61783305404242,735,187,"{""model"": ""tabpfn-v3-default""}",
classification,Onion,Isomap,TabPFN,7,0.8497409326424871,25.783687940100208,735,187,"{""model"": ""tabpfn-v3-default""}",
classification,Onion,Isomap,TabPFN,8,0.75,24.75982502801344,737,185,"{""model"": ""tabpfn-v3-default""}",
classification,Onion,Isomap,TabPFN,9,0.8041237113402062,24.962765219039284,735,187,"{""model"": ""tabpfn-v3-default""}",
classification,Onion,Isomap,k-NN,0,0.7431693989071039,3.4032550770789385,738,184,"{""n_neighbors"": 7, ""weights"": ""uniform"", ""metric"": ""euclidean""}",
classification,Onion,Isomap,k-NN,1,0.8148148148148148,3.460669565014541,739,183,"{""n_neighbors"": 7, ""weights"": ""uniform"", ""metric"": ""euclidean""}",
classification,Onion,Isomap,k-NN,2,0.7741935483870968,3.024177493993193,736,186,"{""n_neighbors"": 7, ""weights"": ""uniform"", ""metric"": ""euclidean""}",
classification,Onion,Isomap,k-NN,3,0.8279569892473119,3.248214930295944,735,187,"{""n_neighbors"": 7, ""weights"": ""uniform"", ""metric"": ""euclidean""}",
classification,Onion,Isomap,k-NN,4,0.8068181818181818,2.9857811126858,737,185,"{""n_neighbors"": 5, ""weights"": ""uniform"", ""metric"": ""euclidean""}",
classification,Onion,Isomap,k-NN,5,0.8128342245989305,3.27548673376441,739,183,"{""n_neighbors"": 7, ""weights"": ""uniform"", ""metric"": ""euclidean""}",
classification,Onion,Isomap,k-NN,6,0.8247422680412371,3.3079160531051457,735,187,"{""n_neighbors"": 7, ""weights"": ""uniform"", ""metric"": ""euclidean""}",
classification,Onion,Isomap,k-NN,7,0.8148148148148148,3.3013837039470677,735,187,"{""n_neighbors"": 7, ""weights"": ""uniform"", ""metric"": ""euclidean""}",
classification,Onion,Isomap,k-NN,8,0.7796610169491526,3.355954104103148,737,185,"{""n_neighbors"": 7, ""weights"": ""uniform"", ""metric"": ""euclidean""}",
classification,Onion,Isomap,k-NN,9,0.8186528497409327,3.433217308949679,735,187,"{""n_neighbors"": 7, ""weights"": ""uniform"", ""metric"": ""euclidean""}",
classification,Onion,KernelPCA,Decision tree,0,0.7741935483870968,0.5596147449687123,738,184,"{""max_depth"": 3, ""min_samples_split"": 5}",
classification,Onion,KernelPCA,Decision tree,1,0.7979274611398963,0.5169248799793422,739,183,"{""max_depth"": 4, ""min_samples_split"": 20}",
classification,Onion,KernelPCA,Decision tree,2,0.7804878048780488,0.5086982641369104,736,186,"{""max_depth"": 5, ""min_samples_split"": 5}",
classification,Onion,KernelPCA,Decision tree,3,0.8163265306122449,0.5630524810403585,735,187,"{""max_depth"": 4, ""min_samples_split"": 5}",
classification,Onion,KernelPCA,Decision tree,4,0.7351351351351352,0.5533358599059284,737,185,"{""max_depth"": 5, ""min_samples_split"": 10}",
classification,Onion,KernelPCA,Decision tree,5,0.7513812154696132,0.5699876439757645,739,183,"{""max_depth"": 4, ""min_samples_split"": 10}",
classification,Onion,KernelPCA,Decision tree,6,0.7980769230769231,0.5071724480949342,735,187,"{""max_depth"": 5, ""min_samples_split"": 20}",
classification,Onion,KernelPCA,Decision tree,7,0.8,0.5232140659354627,735,187,"{""max_depth"": 4, ""min_samples_split"": 20}",
classification,Onion,KernelPCA,Decision tree,8,0.7415730337078652,0.5060892971232533,737,185,"{""max_depth"": 4, ""min_samples_split"": 5}",
classification,Onion,KernelPCA,Decision tree,9,0.7881773399014779,0.5107519859448075,735,187,"{""max_depth"": 3, ""min_samples_split"": 5}",
classification,Onion,KernelPCA,LSTM,0,0.7657142857142857,539.4869736470282,648,184,"{""K"": 2, ""units"": 64, ""dropout"": 0.2, ""lr"": 0.0003}",47.0
classification,Onion,KernelPCA,LSTM,1,0.8167539267015707,561.1712875560625,651,183,"{""K"": 6, ""units"": 64, ""dropout"": 0.4, ""lr"": 0.001}",95.0
classification,Onion,KernelPCA,LSTM,2,0.7675675675675676,467.8812633629423,639,186,"{""K"": 4, ""units"": 32, ""dropout"": 0.3, ""lr"": 0.0003}",82.0
classification,Onion,KernelPCA,LSTM,3,0.8260869565217391,683.9475708899554,646,187,"{""K"": 2, ""units"": 32, ""dropout"": 0.4, ""lr"": 0.0003}",67.0
classification,Onion,KernelPCA,LSTM,4,0.770949720670391,625.9066701829433,645,185,"{""K"": 2, ""units"": 32, ""dropout"": 0.3, ""lr"": 0.001}",69.0
classification,Onion,KernelPCA,LSTM,5,0.7724867724867724,475.1950665169861,636,183,"{""K"": 4, ""units"": 64, ""dropout"": 0.3, ""lr"": 0.001}",67.0
classification,Onion,KernelPCA,LSTM,6,0.8191489361702128,465.7632178720087,634,187,"{""K"": 4, ""units"": 64, ""dropout"": 0.3, ""lr"": 0.0003}",39.0
classification,Onion,KernelPCA,LSTM,7,0.8324324324324325,550.106246254989,635,187,"{""K"": 4, ""units"": 32, ""dropout"": 0.4, ""lr"": 0.001}",47.0
classification,Onion,KernelPCA,LSTM,8,0.7717391304347826,450.3437398510287,641,185,"{""K"": 6, ""units"": 64, ""dropout"": 0.2, ""lr"": 0.001}",74.0
classification,Onion,KernelPCA,LSTM,9,0.7955801104972375,554.4573883140692,631,187,"{""K"": 4, ""units"": 64, ""dropout"": 0.0, ""lr"": 0.001}",41.0
classification,Onion,KernelPCA,MLP,0,0.7777777777777778,199.3160090832971,648,184,"{""hidden"": [32, 16], ""dropout"": 0.4, ""lr"": 0.001}",48.0
classification,Onion,KernelPCA,MLP,1,0.8125,199.13753972528505,651,183,"{""hidden"": [64, 32], ""dropout"": 0.0, ""lr"": 0.001}",64.0
classification,Onion,KernelPCA,MLP,2,0.7593582887700535,220.61834947392344,639,186,"{""hidden"": [32, 16], ""dropout"": 0.4, ""lr"": 0.001}",53.0
classification,Onion,KernelPCA,MLP,3,0.8163265306122449,152.0722054997459,646,187,"{""hidden"": [128, 64], ""dropout"": 0.3, ""lr"": 0.001}",34.0
classification,Onion,KernelPCA,MLP,4,0.7955801104972375,182.509541742038,645,185,"{""hidden"": [128, 64], ""dropout"": 0.1, ""lr"": 0.001}",26.0
classification,Onion,KernelPCA,MLP,5,0.7668393782383419,175.4023463372141,636,183,"{""hidden"": [128, 64], ""dropout"": 0.1, ""lr"": 0.001}",83.0
classification,Onion,KernelPCA,MLP,6,0.7918781725888325,160.64508651010692,634,187,"{""hidden"": [64, 32], ""dropout"": 0.1, ""lr"": 0.001}",80.0
classification,Onion,KernelPCA,MLP,7,0.8367346938775511,186.1105612688698,635,187,"{""hidden"": [64, 32], ""dropout"": 0.4, ""lr"": 0.001}",44.0
classification,Onion,KernelPCA,MLP,8,0.7717391304347826,173.73179556196555,641,185,"{""hidden"": [32, 16], ""dropout"": 0.1, ""lr"": 0.001}",85.0
classification,Onion,KernelPCA,MLP,9,0.8105263157894737,176.89864826202393,631,187,"{""hidden"": [128, 64], ""dropout"": 0.0, ""lr"": 0.001}",52.0
classification,Onion,KernelPCA,Mamba SSM,0,0.7821229050279329,2153.431377034984,648,184,"{""K"": 2, ""units"": 64, ""dropout"": 0.2, ""lr"": 0.001}",31.0
classification,Onion,KernelPCA,Mamba SSM,1,0.8125,1919.8719146199287,651,183,"{""K"": 2, ""units"": 64, ""dropout"": 0.2, ""lr"": 0.001}",33.0
classification,Onion,KernelPCA,Mamba SSM,2,0.7668393782383419,2364.3756590819685,639,186,"{""K"": 2, ""units"": 32, ""dropout"": 0.4, ""lr"": 0.0003}",27.0
classification,Onion,KernelPCA,Mamba SSM,3,0.8333333333333334,2300.8874183450826,646,187,"{""K"": 4, ""units"": 64, ""dropout"": 0.4, ""lr"": 0.0003}",24.0
classification,Onion,KernelPCA,Mamba SSM,4,0.7570621468926554,2356.284593499964,645,185,"{""K"": 6, ""units"": 32, ""dropout"": 0.0, ""lr"": 0.001}",26.0
classification,Onion,KernelPCA,Mamba SSM,5,0.7668393782383419,1848.508017240092,636,183,"{""K"": 2, ""units"": 64, ""dropout"": 0.3, ""lr"": 0.001}",65.0
classification,Onion,KernelPCA,Mamba SSM,6,0.7916666666666666,1749.4037443830166,634,187,"{""K"": 4, ""units"": 32, ""dropout"": 0.1, ""lr"": 0.001}",23.0
classification,Onion,KernelPCA,Mamba SSM,7,0.8272251308900523,1896.4635837259705,635,187,"{""K"": 4, ""units"": 32, ""dropout"": 0.4, ""lr"": 0.001}",25.0
classification,Onion,KernelPCA,Mamba SSM,8,0.7717391304347826,1790.5145110699814,641,185,"{""K"": 4, ""units"": 64, ""dropout"": 0.4, ""lr"": 0.0003}",31.0
classification,Onion,KernelPCA,Mamba SSM,9,0.8105263157894737,2146.4048051410355,631,187,"{""K"": 4, ""units"": 32, ""dropout"": 0.4, ""lr"": 0.001}",29.0
classification,Onion,KernelPCA,RNN GRU,0,0.7613636363636364,614.0513363759965,648,184,"{""K"": 2, ""units"": 64, ""dropout"": 0.4, ""lr"": 0.001}",25.0
classification,Onion,KernelPCA,RNN GRU,1,0.8167539267015707,614.7865194350015,651,183,"{""K"": 2, ""units"": 64, ""dropout"": 0.2, ""lr"": 0.001}",81.0
classification,Onion,KernelPCA,RNN GRU,2,0.7717391304347826,615.232169896015,639,186,"{""K"": 6, ""units"": 32, ""dropout"": 0.2, ""lr"": 0.001}",29.0
classification,Onion,KernelPCA,RNN GRU,3,0.8205128205128205,725.9665118249832,646,187,"{""K"": 6, ""units"": 64, ""dropout"": 0.1, ""lr"": 0.001}",31.0
classification,Onion,KernelPCA,RNN GRU,4,0.7727272727272727,752.4467413580278,645,185,"{""K"": 6, ""units"": 32, ""dropout"": 0.0, ""lr"": 0.001}",26.0
classification,Onion,KernelPCA,RNN GRU,5,0.7789473684210526,492.5994062939426,636,183,"{""K"": 4, ""units"": 64, ""dropout"": 0.4, ""lr"": 0.001}",112.0
classification,Onion,KernelPCA,RNN GRU,6,0.8173076923076923,548.8167901739944,634,187,"{""K"": 6, ""units"": 64, ""dropout"": 0.3, ""lr"": 0.001}",26.0
classification,Onion,KernelPCA,RNN GRU,7,0.8359788359788359,613.4221912029898,635,187,"{""K"": 4, ""units"": 32, ""dropout"": 0.4, ""lr"": 0.001}",36.0
classification,Onion,KernelPCA,RNN GRU,8,0.7624309392265194,460.99272281304,641,185,"{""K"": 4, ""units"": 32, ""dropout"": 0.2, ""lr"": 0.001}",58.0
classification,Onion,KernelPCA,RNN GRU,9,0.8272251308900523,605.629124892992,631,187,"{""K"": 2, ""units"": 32, ""dropout"": 0.0, ""lr"": 0.001}",47.0
classification,Onion,KernelPCA,Random forest,0,0.7857142857142857,14.787824570667,738,184,"{""n_estimators"": 100, ""max_depth"": 5, ""max_features"": ""sqrt"", ""min_samples_split"": 2}",
classification,Onion,KernelPCA,Random forest,1,0.8148148148148148,14.603521155193448,739,183,"{""n_estimators"": 100, ""max_depth"": 5, ""max_features"": ""sqrt"", ""min_samples_split"": 2}",
classification,Onion,KernelPCA,Random forest,2,0.7839195979899497,12.851630156859756,736,186,"{""n_estimators"": 100, ""max_depth"": 5, ""max_features"": ""sqrt"", ""min_samples_split"": 2}",
classification,Onion,KernelPCA,Random forest,3,0.8020833333333334,14.439768522977827,735,187,"{""n_estimators"": 100, ""max_depth"": 5, ""max_features"": ""sqrt"", ""min_samples_split"": 10}",
classification,Onion,KernelPCA,Random forest,4,0.7978723404255319,12.996297795325518,737,185,"{""n_estimators"": 100, ""max_depth"": 5, ""max_features"": ""sqrt"", ""min_samples_split"": 2}",
classification,Onion,KernelPCA,Random forest,5,0.7708333333333334,14.444710187148305,739,183,"{""n_estimators"": 100, ""max_depth"": 5, ""max_features"": ""sqrt"", ""min_samples_split"": 2}",
classification,Onion,KernelPCA,Random forest,6,0.8078817733990148,12.750867356080562,735,187,"{""n_estimators"": 100, ""max_depth"": 5, ""max_features"": ""sqrt"", ""min_samples_split"": 10}",
classification,Onion,KernelPCA,Random forest,7,0.7956989247311828,12.87907420285046,735,187,"{""n_estimators"": 100, ""max_depth"": 10, ""max_features"": ""sqrt"", ""min_samples_split"": 10}",
classification,Onion,KernelPCA,Random forest,8,0.735632183908046,14.434902700129896,737,185,"{""n_estimators"": 100, ""max_depth"": 10, ""max_features"": ""sqrt"", ""min_samples_split"": 10}",
classification,Onion,KernelPCA,Random forest,9,0.8125,12.70369101408869,735,187,"{""n_estimators"": 100, ""max_depth"": 5, ""max_features"": ""sqrt"", ""min_samples_split"": 5}",
classification,Onion,KernelPCA,TabPFN,0,0.7891891891891892,25.060518400976434,738,184,"{""model"": ""tabpfn-v3-default""}",
classification,Onion,KernelPCA,TabPFN,1,0.8125,25.674859368009493,739,183,"{""model"": ""tabpfn-v3-default""}",
classification,Onion,KernelPCA,TabPFN,2,0.7668393782383419,24.578044821042567,736,186,"{""model"": ""tabpfn-v3-default""}",
classification,Onion,KernelPCA,TabPFN,3,0.8,24.197422450990416,735,187,"{""model"": ""tabpfn-v3-default""}",
classification,Onion,KernelPCA,TabPFN,4,0.7956989247311828,24.781206503976136,737,185,"{""model"": ""tabpfn-v3-default""}",
classification,Onion,KernelPCA,TabPFN,5,0.7668393782383419,25.78109569300432,739,183,"{""model"": ""tabpfn-v3-default""}",
classification,Onion,KernelPCA,TabPFN,6,0.8137254901960784,25.092299862066284,735,187,"{""model"": ""tabpfn-v3-default""}",
classification,Onion,KernelPCA,TabPFN,7,0.84,25.196956697967835,735,187,"{""model"": ""tabpfn-v3-default""}",
classification,Onion,KernelPCA,TabPFN,8,0.7486033519553073,24.1804043330485,737,185,"{""model"": ""tabpfn-v3-default""}",
classification,Onion,KernelPCA,TabPFN,9,0.8205128205128205,24.618238097056743,735,187,"{""model"": ""tabpfn-v3-default""}",
classification,Onion,KernelPCA,k-NN,0,0.7619047619047619,0.3607534323818981,738,184,"{""n_neighbors"": 3, ""weights"": ""uniform"", ""metric"": ""euclidean""}",
classification,Onion,KernelPCA,k-NN,1,0.8,0.2889556530863046,739,183,"{""n_neighbors"": 5, ""weights"": ""uniform"", ""metric"": ""euclidean""}",
classification,Onion,KernelPCA,k-NN,2,0.7634408602150538,0.285573648288846,736,186,"{""n_neighbors"": 5, ""weights"": ""uniform"", ""metric"": ""euclidean""}",
classification,Onion,KernelPCA,k-NN,3,0.8324324324324325,0.359924032818526,735,187,"{""n_neighbors"": 3, ""weights"": ""uniform"", ""metric"": ""euclidean""}",
classification,Onion,KernelPCA,k-NN,4,0.7597765363128491,0.3409141954034567,737,185,"{""n_neighbors"": 7, ""weights"": ""uniform"", ""metric"": ""euclidean""}",
classification,Onion,KernelPCA,k-NN,5,0.7849462365591398,0.2892050459049642,739,183,"{""n_neighbors"": 7, ""weights"": ""uniform"", ""metric"": ""euclidean""}",
classification,Onion,KernelPCA,k-NN,6,0.7897435897435897,0.3435420719906688,735,187,"{""n_neighbors"": 7, ""weights"": ""uniform"", ""metric"": ""euclidean""}",
classification,Onion,KernelPCA,k-NN,7,0.8021390374331551,0.2807411379180848,735,187,"{""n_neighbors"": 5, ""weights"": ""uniform"", ""metric"": ""euclidean""}",
classification,Onion,KernelPCA,k-NN,8,0.768361581920904,0.3096126886084676,737,185,"{""n_neighbors"": 3, ""weights"": ""uniform"", ""metric"": ""euclidean""}",
classification,Onion,KernelPCA,k-NN,9,0.8021390374331551,0.2816568971611559,735,187,"{""n_neighbors"": 7, ""weights"": ""uniform"", ""metric"": ""euclidean""}",
classification,Onion,MDS,Decision tree,0,0.78,5.054622046183795,738,184,"{""max_depth"": 4, ""min_samples_split"": 10}",
classification,Onion,MDS,Decision tree,1,0.8181818181818182,4.825476746074855,739,183,"{""max_depth"": 5, ""min_samples_split"": 20}",
classification,Onion,MDS,Decision tree,2,0.7340425531914894,4.892973629757762,736,186,"{""max_depth"": 5, ""min_samples_split"": 5}",
classification,Onion,MDS,Decision tree,3,0.78,4.872587017249316,735,187,"{""max_depth"": 5, ""min_samples_split"": 20}",
classification,Onion,MDS,Decision tree,4,0.7759562841530054,4.953811733983457,737,185,"{""max_depth"": 5, ""min_samples_split"": 20}",
classification,Onion,MDS,Decision tree,5,0.7589743589743589,5.845343430992216,739,183,"{""max_depth"": 4, ""min_samples_split"": 20}",
classification,Onion,MDS,Decision tree,6,0.784688995215311,5.137473589275032,735,187,"{""max_depth"": 5, ""min_samples_split"": 20}",
classification,Onion,MDS,Decision tree,7,0.7663551401869159,5.442030325066298,735,187,"{""max_depth"": 5, ""min_samples_split"": 20}",
classification,Onion,MDS,Decision tree,8,0.7849462365591398,4.896835841238499,737,185,"{""max_depth"": 5, ""min_samples_split"": 20}",
classification,Onion,MDS,Decision tree,9,0.8102564102564103,5.689816899131984,735,187,"{""max_depth"": 5, ""min_samples_split"": 5}",
classification,Onion,MDS,LSTM,0,0.7701149425287356,568.9537146670045,648,184,"{""K"": 2, ""units"": 64, ""dropout"": 0.4, ""lr"": 0.0003}",41.0
classification,Onion,MDS,LSTM,1,0.8426966292134831,558.2492626329185,651,183,"{""K"": 2, ""units"": 32, ""dropout"": 0.4, ""lr"": 0.001}",145.0
classification,Onion,MDS,LSTM,2,0.7628865979381443,580.2784607189242,639,186,"{""K"": 6, ""units"": 64, ""dropout"": 0.2, ""lr"": 0.001}",36.0
classification,Onion,MDS,LSTM,3,0.8279569892473119,694.412238012068,646,187,"{""K"": 6, ""units"": 32, ""dropout"": 0.4, ""lr"": 0.0003}",74.0
classification,Onion,MDS,LSTM,4,0.7821229050279329,698.9540594849968,645,185,"{""K"": 2, ""units"": 64, ""dropout"": 0.1, ""lr"": 0.001}",53.0
classification,Onion,MDS,LSTM,5,0.7634408602150538,611.5073823969578,636,183,"{""K"": 4, ""units"": 64, ""dropout"": 0.4, ""lr"": 0.0003}",93.0
classification,Onion,MDS,LSTM,6,0.8056872037914692,545.2291048860643,634,187,"{""K"": 6, ""units"": 32, ""dropout"": 0.1, ""lr"": 0.001}",26.0
classification,Onion,MDS,LSTM,7,0.8426966292134831,639.9560818470782,635,187,"{""K"": 6, ""units"": 64, ""dropout"": 0.3, ""lr"": 0.001}",44.0
classification,Onion,MDS,LSTM,8,0.735632183908046,532.9515816010535,641,185,"{""K"": 4, ""units"": 64, ""dropout"": 0.3, ""lr"": 0.001}",59.0
classification,Onion,MDS,LSTM,9,0.8235294117647058,619.8786148310173,631,187,"{""K"": 4, ""units"": 32, ""dropout"": 0.4, ""lr"": 0.001}",80.0
classification,Onion,MDS,MLP,0,0.7914438502673797,209.0402597519569,648,184,"{""hidden"": [32, 16], ""dropout"": 0.3, ""lr"": 0.001}",151.0
classification,Onion,MDS,MLP,1,0.8524590163934426,168.73072878504172,651,183,"{""hidden"": [64, 32], ""dropout"": 0.0, ""lr"": 0.001}",114.0
classification,Onion,MDS,MLP,2,0.78125,219.18533824477345,639,186,"{""hidden"": [64, 32], ""dropout"": 0.0, ""lr"": 0.001}",27.0
classification,Onion,MDS,MLP,3,0.8163265306122449,191.6816884856671,646,187,"{""hidden"": [128, 64], ""dropout"": 0.1, ""lr"": 0.001}",27.0
classification,Onion,MDS,MLP,4,0.7807486631016043,185.46847444493324,645,185,"{""hidden"": [128, 64], ""dropout"": 0.1, ""lr"": 0.001}",26.0
classification,Onion,MDS,MLP,5,0.7708333333333334,170.81521424697712,636,183,"{""hidden"": [64, 32], ""dropout"": 0.0, ""lr"": 0.001}",65.0
classification,Onion,MDS,MLP,6,0.81,163.15384210273623,634,187,"{""hidden"": [64, 32], ""dropout"": 0.4, ""lr"": 0.0003}",82.0
classification,Onion,MDS,MLP,7,0.8421052631578947,188.76564286090436,635,187,"{""hidden"": [128, 64], ""dropout"": 0.0, ""lr"": 0.001}",108.0
classification,Onion,MDS,MLP,8,0.735632183908046,188.16079232702032,641,185,"{""hidden"": [128, 64], ""dropout"": 0.2, ""lr"": 0.001}",36.0
classification,Onion,MDS,MLP,9,0.8085106382978723,162.72111799474806,631,187,"{""hidden"": [128, 64], ""dropout"": 0.1, ""lr"": 0.001}",78.0
classification,Onion,MDS,Mamba SSM,0,0.782608695652174,2020.80878291931,648,184,"{""K"": 6, ""units"": 64, ""dropout"": 0.0, ""lr"": 0.001}",31.0
classification,Onion,MDS,Mamba SSM,1,0.7978142076502732,1937.937996320892,651,183,"{""K"": 6, ""units"": 32, ""dropout"": 0.1, ""lr"": 0.001}",69.0
classification,Onion,MDS,Mamba SSM,2,0.7668393782383419,2394.327367270831,639,186,"{""K"": 6, ""units"": 64, ""dropout"": 0.4, ""lr"": 0.001}",22.0
classification,Onion,MDS,Mamba SSM,3,0.8140703517587939,2215.73546560714,646,187,"{""K"": 4, ""units"": 32, ""dropout"": 0.2, ""lr"": 0.001}",23.0
classification,Onion,MDS,Mamba SSM,4,0.7640449438202247,2292.9203122686595,645,185,"{""K"": 2, ""units"": 32, ""dropout"": 0.0, ""lr"": 0.001}",23.0
classification,Onion,MDS,Mamba SSM,5,0.7783783783783784,1863.3774212400892,636,183,"{""K"": 2, ""units"": 64, ""dropout"": 0.1, ""lr"": 0.0003}",37.0
classification,Onion,MDS,Mamba SSM,6,0.8,1885.399365567835,634,187,"{""K"": 2, ""units"": 32, ""dropout"": 0.1, ""lr"": 0.001}",30.0
classification,Onion,MDS,Mamba SSM,7,0.8333333333333334,2055.411639237078,635,187,"{""K"": 6, ""units"": 32, ""dropout"": 0.1, ""lr"": 0.0003}",33.0
classification,Onion,MDS,Mamba SSM,8,0.7529411764705882,1887.5097315870223,641,185,"{""K"": 2, ""units"": 32, ""dropout"": 0.4, ""lr"": 0.0003}",35.0
classification,Onion,MDS,Mamba SSM,9,0.783068783068783,2008.33731735684,631,187,"{""K"": 2, ""units"": 64, ""dropout"": 0.3, ""lr"": 0.001}",23.0
classification,Onion,MDS,RNN GRU,0,0.8105263157894737,650.5742704659933,648,184,"{""K"": 6, ""units"": 64, ""dropout"": 0.2, ""lr"": 0.001}",40.0
classification,Onion,MDS,RNN GRU,1,0.8432432432432433,643.3274728569668,651,183,"{""K"": 2, ""units"": 64, ""dropout"": 0.4, ""lr"": 0.001}",107.0
classification,Onion,MDS,RNN GRU,2,0.7692307692307693,829.7997732330114,639,186,"{""K"": 6, ""units"": 32, ""dropout"": 0.2, ""lr"": 0.001}",38.0
classification,Onion,MDS,RNN GRU,3,0.8163265306122449,808.6861852939473,646,187,"{""K"": 2, ""units"": 32, ""dropout"": 0.0, ""lr"": 0.001}",31.0
classification,Onion,MDS,RNN GRU,4,0.7932960893854749,877.9471032430883,645,185,"{""K"": 2, ""units"": 32, ""dropout"": 0.0, ""lr"": 0.001}",26.0
classification,Onion,MDS,RNN GRU,5,0.7715736040609137,662.3965423060581,636,183,"{""K"": 6, ""units"": 64, ""dropout"": 0.3, ""lr"": 0.001}",35.0
classification,Onion,MDS,RNN GRU,6,0.8137254901960784,629.6157750909915,634,187,"{""K"": 2, ""units"": 64, ""dropout"": 0.0, ""lr"": 0.001}",42.0
classification,Onion,MDS,RNN GRU,7,0.8314606741573034,747.9938038529363,635,187,"{""K"": 4, ""units"": 64, ""dropout"": 0.1, ""lr"": 0.001}",44.0
classification,Onion,MDS,RNN GRU,8,0.7325581395348837,626.6173888260964,641,185,"{""K"": 6, ""units"": 64, ""dropout"": 0.4, ""lr"": 0.001}",39.0
classification,Onion,MDS,RNN GRU,9,0.8128342245989305,659.7191644939594,631,187,"{""K"": 6, ""units"": 32, ""dropout"": 0.1, ""lr"": 0.001}",47.0
classification,Onion,MDS,Random forest,0,0.7934782608695652,19.766209941823035,738,184,"{""n_estimators"": 100, ""max_depth"": 5, ""max_features"": ""sqrt"", ""min_samples_split"": 10}",
classification,Onion,MDS,Random forest,1,0.8191489361702128,20.61721897125244,739,183,"{""n_estimators"": 100, ""max_depth"": 5, ""max_features"": ""sqrt"", ""min_samples_split"": 10}",
classification,Onion,MDS,Random forest,2,0.7897435897435897,20.49748951010406,736,186,"{""n_estimators"": 100, ""max_depth"": null, ""max_features"": ""sqrt"", ""min_samples_split"": 5}",
classification,Onion,MDS,Random forest,3,0.8128342245989305,20.37921625189483,735,187,"{""n_estimators"": 100, ""max_depth"": 5, ""max_features"": ""sqrt"", ""min_samples_split"": 10}",
classification,Onion,MDS,Random forest,4,0.797752808988764,17.345050199888647,737,185,"{""n_estimators"": 100, ""max_depth"": null, ""max_features"": ""sqrt"", ""min_samples_split"": 5}",
classification,Onion,MDS,Random forest,5,0.7891891891891892,20.5419440548867,739,183,"{""n_estimators"": 100, ""max_depth"": 10, ""max_features"": ""sqrt"", ""min_samples_split"": 10}",
classification,Onion,MDS,Random forest,6,0.806282722513089,17.417249144986272,735,187,"{""n_estimators"": 100, ""max_depth"": null, ""max_features"": ""sqrt"", ""min_samples_split"": 2}",
classification,Onion,MDS,Random forest,7,0.8253968253968254,20.42785838292912,735,187,"{""n_estimators"": 100, ""max_depth"": 10, ""max_features"": ""sqrt"", ""min_samples_split"": 10}",
classification,Onion,MDS,Random forest,8,0.7657142857142857,17.568108792882413,737,185,"{""n_estimators"": 100, ""max_depth"": 10, ""max_features"": ""sqrt"", ""min_samples_split"": 10}",
classification,Onion,MDS,Random forest,9,0.8333333333333334,19.821313021704555,735,187,"{""n_estimators"": 100, ""max_depth"": 10, ""max_features"": ""sqrt"", ""min_samples_split"": 5}",
classification,Onion,MDS,TabPFN,0,0.7802197802197802,24.74362586508505,738,184,"{""model"": ""tabpfn-v3-default""}",
classification,Onion,MDS,TabPFN,1,0.8105263157894737,26.171612757025287,739,183,"{""model"": ""tabpfn-v3-default""}",
classification,Onion,MDS,TabPFN,2,0.7668393782383419,26.01508252194617,736,186,"{""model"": ""tabpfn-v3-default""}",
classification,Onion,MDS,TabPFN,3,0.8042328042328042,26.248396324925125,735,187,"{""model"": ""tabpfn-v3-default""}",
classification,Onion,MDS,TabPFN,4,0.7783783783783784,25.60269444808364,737,185,"{""model"": ""tabpfn-v3-default""}",
classification,Onion,MDS,TabPFN,5,0.7668393782383419,26.153877813951112,739,183,"{""model"": ""tabpfn-v3-default""}",
classification,Onion,MDS,TabPFN,6,0.8078817733990148,25.535636672982942,735,187,"{""model"": ""tabpfn-v3-default""}",
classification,Onion,MDS,TabPFN,7,0.8601036269430051,25.43372832401656,735,187,"{""model"": ""tabpfn-v3-default""}",
classification,Onion,MDS,TabPFN,8,0.7386363636363636,25.727386432001367,737,185,"{""model"": ""tabpfn-v3-default""}",
classification,Onion,MDS,TabPFN,9,0.8105263157894737,25.91812468506396,735,187,"{""model"": ""tabpfn-v3-default""}",
classification,Onion,MDS,k-NN,0,0.770949720670391,5.428572624921799,738,184,"{""n_neighbors"": 7, ""weights"": ""uniform"", ""metric"": ""euclidean""}",
classification,Onion,MDS,k-NN,1,0.8449197860962567,4.673895325046033,739,183,"{""n_neighbors"": 7, ""weights"": ""uniform"", ""metric"": ""euclidean""}",
classification,Onion,MDS,k-NN,2,0.7539267015706806,4.620411797892302,736,186,"{""n_neighbors"": 7, ""weights"": ""uniform"", ""metric"": ""euclidean""}",
classification,Onion,MDS,k-NN,3,0.8235294117647058,4.913400442805141,735,187,"{""n_neighbors"": 7, ""weights"": ""uniform"", ""metric"": ""euclidean""}",
classification,Onion,MDS,k-NN,4,0.8,5.947066381108016,737,185,"{""n_neighbors"": 5, ""weights"": ""uniform"", ""metric"": ""euclidean""}",
classification,Onion,MDS,k-NN,5,0.8064516129032258,6.004983786027879,739,183,"{""n_neighbors"": 7, ""weights"": ""uniform"", ""metric"": ""euclidean""}",
classification,Onion,MDS,k-NN,6,0.8272251308900523,4.612614557147026,735,187,"{""n_neighbors"": 7, ""weights"": ""uniform"", ""metric"": ""euclidean""}",
classification,Onion,MDS,k-NN,7,0.8297872340425532,5.215635853819549,735,187,"{""n_neighbors"": 7, ""weights"": ""uniform"", ""metric"": ""euclidean""}",
classification,Onion,MDS,k-NN,8,0.768361581920904,5.5018410589545965,737,185,"{""n_neighbors"": 7, ""weights"": ""uniform"", ""metric"": ""euclidean""}",
classification,Onion,MDS,k-NN,9,0.8082901554404145,5.074497542809695,735,187,"{""n_neighbors"": 7, ""weights"": ""uniform"", ""metric"": ""euclidean""}",
classification,Onion,No Reduction,Decision tree,0,0.7528089887640449,0.3252295618876815,738,184,"{""max_depth"": 3, ""min_samples_split"": 5}",
classification,Onion,No Reduction,Decision tree,1,0.8148148148148148,0.3279589391313493,739,183,"{""max_depth"": 4, ""min_samples_split"": 5}",
classification,Onion,No Reduction,Decision tree,2,0.7182320441988951,0.325258991215378,736,186,"{""max_depth"": 4, ""min_samples_split"": 20}",
classification,Onion,No Reduction,Decision tree,3,0.7891891891891892,0.3257268560118973,735,187,"{""max_depth"": 3, ""min_samples_split"": 5}",
classification,Onion,No Reduction,Decision tree,4,0.7710843373493976,0.5489897849038243,737,185,"{""max_depth"": 4, ""min_samples_split"": 20}",
classification,Onion,No Reduction,Decision tree,5,0.7578947368421053,0.32831138279289,739,183,"{""max_depth"": 4, ""min_samples_split"": 20}",
classification,Onion,No Reduction,Decision tree,6,0.776595744680851,0.329617456998676,735,187,"{""max_depth"": 5, ""min_samples_split"": 5}",
classification,Onion,No Reduction,Decision tree,7,0.8306010928961749,0.3381267860531807,735,187,"{""max_depth"": 3, ""min_samples_split"": 5}",
classification,Onion,No Reduction,Decision tree,8,0.7294117647058823,0.335456877015531,737,185,"{""max_depth"": 3, ""min_samples_split"": 5}",
classification,Onion,No Reduction,Decision tree,9,0.7835051546391752,0.3347897813655436,735,187,"{""max_depth"": 3, ""min_samples_split"": 20}",
classification,Onion,No Reduction,LSTM,0,0.7777777777777778,560.1743623639923,648,184,"{""K"": 4, ""units"": 64, ""dropout"": 0.0, ""lr"": 0.001}",25.0
classification,Onion,No Reduction,LSTM,1,0.8426966292134831,526.4391678279499,651,183,"{""K"": 4, ""units"": 32, ""dropout"": 0.3, ""lr"": 0.001}",88.0
classification,Onion,No Reduction,LSTM,2,0.7624309392265194,581.3713950680103,639,186,"{""K"": 2, ""units"": 64, ""dropout"": 0.2, ""lr"": 0.001}",29.0
classification,Onion,No Reduction,LSTM,3,0.806282722513089,604.3949250039877,646,187,"{""K"": 4, ""units"": 32, ""dropout"": 0.3, ""lr"": 0.0003}",60.0
classification,Onion,No Reduction,LSTM,4,0.7602339181286549,604.3662812259281,645,185,"{""K"": 4, ""units"": 64, ""dropout"": 0.0, ""lr"": 0.001}",26.0
classification,Onion,No Reduction,LSTM,5,0.8,524.5908859689953,636,183,"{""K"": 2, ""units"": 64, ""dropout"": 0.1, ""lr"": 0.001}",72.0
classification,Onion,No Reduction,LSTM,6,0.7897435897435897,549.143716296996,634,187,"{""K"": 2, ""units"": 32, ""dropout"": 0.2, ""lr"": 0.001}",59.0
classification,Onion,No Reduction,LSTM,7,0.8307692307692308,647.881070574047,635,187,"{""K"": 4, ""units"": 64, ""dropout"": 0.0, ""lr"": 0.001}",51.0
classification,Onion,No Reduction,LSTM,8,0.7542857142857143,536.8151076509384,641,185,"{""K"": 6, ""units"": 32, ""dropout"": 0.2, ""lr"": 0.0003}",39.0
classification,Onion,No Reduction,LSTM,9,0.7914438502673797,526.0508124000626,631,187,"{""K"": 4, ""units"": 32, ""dropout"": 0.3, ""lr"": 0.0003}",80.0
classification,Onion,No Reduction,MLP,0,0.7582417582417582,149.62348580081016,648,184,"{""hidden"": [128, 64], ""dropout"": 0.1, ""lr"": 0.001}",29.0
classification,Onion,No Reduction,MLP,1,0.8478260869565217,120.52507808385415,651,183,"{""hidden"": [32, 16], ""dropout"": 0.0, ""lr"": 0.001}",114.0
classification,Onion,No Reduction,MLP,2,0.7578947368421053,163.02906472003087,639,186,"{""hidden"": [32, 16], ""dropout"": 0.0, ""lr"": 0.001}",27.0
classification,Onion,No Reduction,MLP,3,0.8163265306122449,146.67572389822453,646,187,"{""hidden"": [128, 64], ""dropout"": 0.0, ""lr"": 0.0003}",33.0
classification,Onion,No Reduction,MLP,4,0.7741935483870968,133.59436579002067,645,185,"{""hidden"": [128, 64], ""dropout"": 0.0, ""lr"": 0.0003}",29.0
classification,Onion,No Reduction,MLP,5,0.8125,115.56619859766217,636,183,"{""hidden"": [128, 64], ""dropout"": 0.0, ""lr"": 0.001}",51.0
classification,Onion,No Reduction,MLP,6,0.7916666666666666,111.21347858803348,634,187,"{""hidden"": [128, 64], ""dropout"": 0.2, ""lr"": 0.001}",51.0
classification,Onion,No Reduction,MLP,7,0.8167539267015707,163.62518619792536,635,187,"{""hidden"": [32, 16], ""dropout"": 0.4, ""lr"": 0.0003}",240.0
classification,Onion,No Reduction,MLP,8,0.7457627118644068,125.50883746892214,641,185,"{""hidden"": [64, 32], ""dropout"": 0.2, ""lr"": 0.001}",64.0
classification,Onion,No Reduction,MLP,9,0.8229166666666666,118.30964261991905,631,187,"{""hidden"": [32, 16], ""dropout"": 0.2, ""lr"": 0.001}",78.0
classification,Onion,No Reduction,Mamba SSM,0,0.7624309392265194,2288.893838391057,648,184,"{""K"": 6, ""units"": 32, ""dropout"": 0.3, ""lr"": 0.001}",29.0
classification,Onion,No Reduction,Mamba SSM,1,0.8181818181818182,2015.0209004639185,651,183,"{""K"": 6, ""units"": 64, ""dropout"": 0.0, ""lr"": 0.0003}",51.0
classification,Onion,No Reduction,Mamba SSM,2,0.7539267015706806,2358.3017958619166,639,186,"{""K"": 2, ""units"": 32, ""dropout"": 0.4, ""lr"": 0.0003}",27.0
classification,Onion,No Reduction,Mamba SSM,3,0.8163265306122449,2258.795468923985,646,187,"{""K"": 2, ""units"": 64, ""dropout"": 0.0, ""lr"": 0.0003}",27.0
classification,Onion,No Reduction,Mamba SSM,4,0.7441860465116279,2383.2108930700924,645,185,"{""K"": 6, ""units"": 64, ""dropout"": 0.1, ""lr"": 0.0003}",26.0
classification,Onion,No Reduction,Mamba SSM,5,0.7835051546391752,1931.2366422119085,636,183,"{""K"": 2, ""units"": 32, ""dropout"": 0.1, ""lr"": 0.0003}",53.0
classification,Onion,No Reduction,Mamba SSM,6,0.7916666666666666,1893.8234022080435,634,187,"{""K"": 6, ""units"": 64, ""dropout"": 0.0, ""lr"": 0.001}",27.0
classification,Onion,No Reduction,Mamba SSM,7,0.8442211055276382,2035.6006151591428,635,187,"{""K"": 2, ""units"": 64, ""dropout"": 0.4, ""lr"": 0.0003}",26.0
classification,Onion,No Reduction,Mamba SSM,8,0.7486033519553073,1817.646226703888,641,185,"{""K"": 2, ""units"": 32, ""dropout"": 0.1, ""lr"": 0.0003}",31.0
classification,Onion,No Reduction,Mamba SSM,9,0.8,1965.754994965857,631,187,"{""K"": 4, ""units"": 32, ""dropout"": 0.1, ""lr"": 0.001}",29.0
classification,Onion,No Reduction,RNN GRU,0,0.7734806629834254,664.0562595829833,648,184,"{""K"": 6, ""units"": 64, ""dropout"": 0.1, ""lr"": 0.001}",25.0
classification,Onion,No Reduction,RNN GRU,1,0.8351648351648352,618.1482424749993,651,183,"{""K"": 2, ""units"": 32, ""dropout"": 0.1, ""lr"": 0.001}",91.0
classification,Onion,No Reduction,RNN GRU,2,0.7526881720430108,733.7369400030002,639,186,"{""K"": 4, ""units"": 64, ""dropout"": 0.2, ""lr"": 0.0003}",36.0
classification,Onion,No Reduction,RNN GRU,3,0.8020833333333334,699.0824446380138,646,187,"{""K"": 2, ""units"": 32, ""dropout"": 0.3, ""lr"": 0.001}",29.0
classification,Onion,No Reduction,RNN GRU,4,0.7845303867403315,677.4236914509675,645,185,"{""K"": 6, ""units"": 32, ""dropout"": 0.4, ""lr"": 0.0003}",37.0
classification,Onion,No Reduction,RNN GRU,5,0.7731958762886598,587.9671527009923,636,183,"{""K"": 4, ""units"": 32, ""dropout"": 0.0, ""lr"": 0.001}",43.0
classification,Onion,No Reduction,RNN GRU,6,0.7979274611398963,588.5995926049072,634,187,"{""K"": 2, ""units"": 32, ""dropout"": 0.2, ""lr"": 0.001}",59.0
classification,Onion,No Reduction,RNN GRU,7,0.8205128205128205,700.0671827470651,635,187,"{""K"": 6, ""units"": 64, ""dropout"": 0.1, ""lr"": 0.001}",51.0
classification,Onion,No Reduction,RNN GRU,8,0.7471264367816092,666.8125774239888,641,185,"{""K"": 2, ""units"": 64, ""dropout"": 0.2, ""lr"": 0.0003}",31.0
classification,Onion,No Reduction,RNN GRU,9,0.8121827411167513,569.4106209999882,631,187,"{""K"": 2, ""units"": 64, ""dropout"": 0.1, ""lr"": 0.001}",104.0
classification,Onion,No Reduction,Random forest,0,0.7564766839378239,12.017583249602469,738,184,"{""n_estimators"": 100, ""max_depth"": 10, ""max_features"": ""sqrt"", ""min_samples_split"": 10}",
classification,Onion,No Reduction,Random forest,1,0.806282722513089,10.99239100003615,739,183,"{""n_estimators"": 100, ""max_depth"": 5, ""max_features"": ""log2"", ""min_samples_split"": 2}",
classification,Onion,No Reduction,Random forest,2,0.7777777777777778,10.908639037050309,736,186,"{""n_estimators"": 100, ""max_depth"": 10, ""max_features"": ""log2"", ""min_samples_split"": 10}",
classification,Onion,No Reduction,Random forest,3,0.8105263157894737,11.069329742342234,735,187,"{""n_estimators"": 100, ""max_depth"": 5, ""max_features"": ""sqrt"", ""min_samples_split"": 2}",
classification,Onion,No Reduction,Random forest,4,0.7865168539325843,10.994594032876194,737,185,"{""n_estimators"": 100, ""max_depth"": null, ""max_features"": ""sqrt"", ""min_samples_split"": 10}",
classification,Onion,No Reduction,Random forest,5,0.7668393782383419,11.37003125762567,739,183,"{""n_estimators"": 100, ""max_depth"": 5, ""max_features"": ""log2"", ""min_samples_split"": 2}",
classification,Onion,No Reduction,Random forest,6,0.8059701492537313,11.125886631663889,735,187,"{""n_estimators"": 100, ""max_depth"": 5, ""max_features"": ""sqrt"", ""min_samples_split"": 10}",
classification,Onion,No Reduction,Random forest,7,0.7783783783783784,12.849670236930251,735,187,"{""n_estimators"": 100, ""max_depth"": null, ""max_features"": ""log2"", ""min_samples_split"": 5}",
classification,Onion,No Reduction,Random forest,8,0.7640449438202247,9.737370274029672,737,185,"{""n_estimators"": 100, ""max_depth"": 10, ""max_features"": ""sqrt"", ""min_samples_split"": 10}",
classification,Onion,No Reduction,Random forest,9,0.7939698492462312,9.755305000115186,735,187,"{""n_estimators"": 100, ""max_depth"": 10, ""max_features"": ""sqrt"", ""min_samples_split"": 10}",
classification,Onion,No Reduction,TabPFN,0,0.7845303867403315,75.66236124595162,738,184,"{""model"": ""tabpfn-v3-default""}",
classification,Onion,No Reduction,TabPFN,1,0.8125,75.54686265299097,739,183,"{""model"": ""tabpfn-v3-default""}",
classification,Onion,No Reduction,TabPFN,2,0.7659574468085106,74.75229339010548,736,186,"{""model"": ""tabpfn-v3-default""}",
classification,Onion,No Reduction,TabPFN,3,0.8,74.43584399891552,735,187,"{""model"": ""tabpfn-v3-default""}",
classification,Onion,No Reduction,TabPFN,4,0.8021978021978022,76.46743487392087,737,185,"{""model"": ""tabpfn-v3-default""}",
classification,Onion,No Reduction,TabPFN,5,0.7668393782383419,75.04257885005791,739,183,"{""model"": ""tabpfn-v3-default""}",
classification,Onion,No Reduction,TabPFN,6,0.8118811881188119,76.06141629593913,735,187,"{""model"": ""tabpfn-v3-default""}",
classification,Onion,No Reduction,TabPFN,7,0.8290155440414507,76.13986226706766,735,187,"{""model"": ""tabpfn-v3-default""}",
classification,Onion,No Reduction,TabPFN,8,0.7486033519553073,68.25051788706332,737,185,"{""model"": ""tabpfn-v3-default""}",
classification,Onion,No Reduction,TabPFN,9,0.8105263157894737,69.1128622549586,735,187,"{""model"": ""tabpfn-v3-default""}",
classification,Onion,No Reduction,k-NN,0,0.7582417582417582,0.1376175349578261,738,184,"{""n_neighbors"": 7, ""weights"": ""uniform"", ""metric"": ""euclidean""}",
classification,Onion,No Reduction,k-NN,1,0.8148148148148148,0.1192276626825332,739,183,"{""n_neighbors"": 7, ""weights"": ""uniform"", ""metric"": ""euclidean""}",
classification,Onion,No Reduction,k-NN,2,0.7634408602150538,0.1001517637632787,736,186,"{""n_neighbors"": 7, ""weights"": ""uniform"", ""metric"": ""euclidean""}",
classification,Onion,No Reduction,k-NN,3,0.8216216216216217,0.1230248329229652,735,187,"{""n_neighbors"": 7, ""weights"": ""uniform"", ""metric"": ""euclidean""}",
classification,Onion,No Reduction,k-NN,4,0.8111111111111111,0.1138761076144874,737,185,"{""n_neighbors"": 7, ""weights"": ""uniform"", ""metric"": ""euclidean""}",
classification,Onion,No Reduction,k-NN,5,0.8085106382978723,0.0851340177468955,739,183,"{""n_neighbors"": 7, ""weights"": ""uniform"", ""metric"": ""euclidean""}",
classification,Onion,No Reduction,k-NN,6,0.8247422680412371,0.1490411642007529,735,187,"{""n_neighbors"": 7, ""weights"": ""uniform"", ""metric"": ""euclidean""}",
classification,Onion,No Reduction,k-NN,7,0.806282722513089,0.1434527458623051,735,187,"{""n_neighbors"": 7, ""weights"": ""uniform"", ""metric"": ""euclidean""}",
classification,Onion,No Reduction,k-NN,8,0.7657142857142857,0.1327991150319576,737,185,"{""n_neighbors"": 7, ""weights"": ""uniform"", ""metric"": ""euclidean""}",
classification,Onion,No Reduction,k-NN,9,0.8186528497409327,0.1280497349798679,735,187,"{""n_neighbors"": 7, ""weights"": ""uniform"", ""metric"": ""euclidean""}",
classification,Onion,PCA,Decision tree,0,0.7469879518072289,0.3494878350757062,738,184,"{""max_depth"": 4, ""min_samples_split"": 20}",
classification,Onion,PCA,Decision tree,1,0.8229166666666666,0.3468893268145621,739,183,"{""max_depth"": 5, ""min_samples_split"": 20}",
classification,Onion,PCA,Decision tree,2,0.7804878048780488,0.2946173520758748,736,186,"{""max_depth"": 5, ""min_samples_split"": 5}",
classification,Onion,PCA,Decision tree,3,0.8064516129032258,0.3457859759218991,735,187,"{""max_depth"": 4, ""min_samples_split"": 20}",
classification,Onion,PCA,Decision tree,4,0.7455621301775148,0.2939975862391293,737,185,"{""max_depth"": 4, ""min_samples_split"": 20}",
classification,Onion,PCA,Decision tree,5,0.7513812154696132,0.2960260258987546,739,183,"{""max_depth"": 3, ""min_samples_split"": 5}",
classification,Onion,PCA,Decision tree,6,0.8061224489795918,0.3405988006852567,735,187,"{""max_depth"": 4, ""min_samples_split"": 20}",
classification,Onion,PCA,Decision tree,7,0.8241758241758241,0.3033793331123888,735,187,"{""max_depth"": 4, ""min_samples_split"": 10}",
classification,Onion,PCA,Decision tree,8,0.75,0.3415104909799993,737,185,"{""max_depth"": 4, ""min_samples_split"": 10}",
classification,Onion,PCA,Decision tree,9,0.7783251231527094,0.3948954278603196,735,187,"{""max_depth"": 4, ""min_samples_split"": 5}",
classification,Onion,PCA,LSTM,0,0.7692307692307693,498.1435328809312,648,184,"{""K"": 6, ""units"": 32, ""dropout"": 0.4, ""lr"": 0.001}",38.0
classification,Onion,PCA,LSTM,1,0.8663101604278075,516.360787540907,651,183,"{""K"": 4, ""units"": 32, ""dropout"": 0.2, ""lr"": 0.001}",70.0
classification,Onion,PCA,LSTM,2,0.7650273224043715,593.6662503189873,639,186,"{""K"": 6, ""units"": 64, ""dropout"": 0.4, ""lr"": 0.0003}",114.0
classification,Onion,PCA,LSTM,3,0.8222222222222222,640.9326651430456,646,187,"{""K"": 2, ""units"": 64, ""dropout"": 0.4, ""lr"": 0.001}",32.0
classification,Onion,PCA,LSTM,4,0.7840909090909091,699.0289595989743,645,185,"{""K"": 2, ""units"": 64, ""dropout"": 0.2, ""lr"": 0.001}",68.0
classification,Onion,PCA,LSTM,5,0.7914438502673797,502.210817891988,636,183,"{""K"": 2, ""units"": 64, ""dropout"": 0.3, ""lr"": 0.0003}",89.0
classification,Onion,PCA,LSTM,6,0.8235294117647058,502.9544540910283,634,187,"{""K"": 2, ""units"": 64, ""dropout"": 0.2, ""lr"": 0.001}",42.0
classification,Onion,PCA,LSTM,7,0.8333333333333334,573.5125875059748,635,187,"{""K"": 4, ""units"": 64, ""dropout"": 0.2, ""lr"": 0.001}",75.0
classification,Onion,PCA,LSTM,8,0.7486033519553073,518.8631214679917,641,185,"{""K"": 6, ""units"": 32, ""dropout"": 0.3, ""lr"": 0.001}",65.0
classification,Onion,PCA,LSTM,9,0.8102564102564103,532.675150125986,631,187,"{""K"": 4, ""units"": 32, ""dropout"": 0.3, ""lr"": 0.0003}",169.0
classification,Onion,PCA,MLP,0,0.774869109947644,187.27179534407333,648,184,"{""hidden"": [32, 16], ""dropout"": 0.0, ""lr"": 0.001}",52.0
classification,Onion,PCA,MLP,1,0.861878453038674,172.5284827989526,651,183,"{""hidden"": [32, 16], ""dropout"": 0.1, ""lr"": 0.001}",82.0
classification,Onion,PCA,MLP,2,0.7821782178217822,217.9358455431648,639,186,"{""hidden"": [128, 64], ""dropout"": 0.0, ""lr"": 0.001}",48.0
classification,Onion,PCA,MLP,3,0.8020304568527918,174.6558671658859,646,187,"{""hidden"": [32, 16], ""dropout"": 0.0, ""lr"": 0.001}",45.0
classification,Onion,PCA,MLP,4,0.7657142857142857,170.82654304802418,645,185,"{""hidden"": [128, 64], ""dropout"": 0.0, ""lr"": 0.001}",30.0
classification,Onion,PCA,MLP,5,0.806282722513089,154.6105952351354,636,183,"{""hidden"": [128, 64], ""dropout"": 0.3, ""lr"": 0.001}",72.0
classification,Onion,PCA,MLP,6,0.8082901554404145,153.8720767693594,634,187,"{""hidden"": [64, 32], ""dropout"": 0.0, ""lr"": 0.001}",51.0
classification,Onion,PCA,MLP,7,0.8272251308900523,187.81474683107808,635,187,"{""hidden"": [128, 64], ""dropout"": 0.3, ""lr"": 0.001}",74.0
classification,Onion,PCA,MLP,8,0.7647058823529411,163.26752731995657,641,185,"{""hidden"": [128, 64], ""dropout"": 0.0, ""lr"": 0.001}",44.0
classification,Onion,PCA,MLP,9,0.8082901554404145,160.5639126827009,631,187,"{""hidden"": [128, 64], ""dropout"": 0.3, ""lr"": 0.001}",91.0
classification,Onion,PCA,Mamba SSM,0,0.7640449438202247,1895.126880730968,648,184,"{""K"": 4, ""units"": 64, ""dropout"": 0.1, ""lr"": 0.001}",23.0
classification,Onion,PCA,Mamba SSM,1,0.8241758241758241,1796.934314019978,651,183,"{""K"": 4, ""units"": 32, ""dropout"": 0.0, ""lr"": 0.001}",36.0
classification,Onion,PCA,Mamba SSM,2,0.7849462365591398,1791.465517538949,639,186,"{""K"": 2, ""units"": 64, ""dropout"": 0.1, ""lr"": 0.001}",23.0
classification,Onion,PCA,Mamba SSM,3,0.845360824742268,1883.858800002956,646,187,"{""K"": 2, ""units"": 64, ""dropout"": 0.0, ""lr"": 0.001}",22.0
classification,Onion,PCA,Mamba SSM,4,0.7570621468926554,1927.9395065259887,645,185,"{""K"": 6, ""units"": 32, ""dropout"": 0.1, ""lr"": 0.0003}",26.0
classification,Onion,PCA,Mamba SSM,5,0.774869109947644,1753.6283837801311,636,183,"{""K"": 4, ""units"": 64, ""dropout"": 0.0, ""lr"": 0.0003}",25.0
classification,Onion,PCA,Mamba SSM,6,0.7979274611398963,1686.1998085831292,634,187,"{""K"": 4, ""units"": 32, ""dropout"": 0.1, ""lr"": 0.0003}",34.0
classification,Onion,PCA,Mamba SSM,7,0.8282828282828283,1771.90506190015,635,187,"{""K"": 2, ""units"": 32, ""dropout"": 0.1, ""lr"": 0.001}",26.0
classification,Onion,PCA,Mamba SSM,8,0.7368421052631579,1694.6477833529934,641,185,"{""K"": 4, ""units"": 64, ""dropout"": 0.0, ""lr"": 0.001}",36.0
classification,Onion,PCA,Mamba SSM,9,0.8229166666666666,1745.786250983132,631,187,"{""K"": 2, ""units"": 32, ""dropout"": 0.3, ""lr"": 0.001}",28.0
classification,Onion,PCA,RNN GRU,0,0.788235294117647,560.6633368200855,648,184,"{""K"": 2, ""units"": 64, ""dropout"": 0.2, ""lr"": 0.001}",28.0
classification,Onion,PCA,RNN GRU,1,0.8369565217391305,627.0468321460066,651,183,"{""K"": 4, ""units"": 32, ""dropout"": 0.2, ""lr"": 0.001}",57.0
classification,Onion,PCA,RNN GRU,2,0.7582417582417582,658.5969519939972,639,186,"{""K"": 6, ""units"": 64, ""dropout"": 0.3, ""lr"": 0.001}",32.0
classification,Onion,PCA,RNN GRU,3,0.8241758241758241,742.4656021650881,646,187,"{""K"": 2, ""units"": 64, ""dropout"": 0.4, ""lr"": 0.0003}",67.0
classification,Onion,PCA,RNN GRU,4,0.7865168539325843,758.0551382729318,645,185,"{""K"": 6, ""units"": 32, ""dropout"": 0.3, ""lr"": 0.001}",69.0
classification,Onion,PCA,RNN GRU,5,0.7755102040816326,588.7167521639494,636,183,"{""K"": 2, ""units"": 64, ""dropout"": 0.0, ""lr"": 0.0003}",56.0
classification,Onion,PCA,RNN GRU,6,0.82,585.3213576239068,634,187,"{""K"": 6, ""units"": 64, ""dropout"": 0.3, ""lr"": 0.0003}",102.0
classification,Onion,PCA,RNN GRU,7,0.8307692307692308,727.192519784905,635,187,"{""K"": 2, ""units"": 64, ""dropout"": 0.3, ""lr"": 0.0003}",99.0
classification,Onion,PCA,RNN GRU,8,0.7368421052631579,578.803283532965,641,185,"{""K"": 2, ""units"": 32, ""dropout"": 0.3, ""lr"": 0.0003}",119.0
classification,Onion,PCA,RNN GRU,9,0.8144329896907216,690.2854232520331,631,187,"{""K"": 6, ""units"": 64, ""dropout"": 0.1, ""lr"": 0.001}",67.0
classification,Onion,PCA,Random forest,0,0.7717391304347826,13.935694420244545,738,184,"{""n_estimators"": 100, ""max_depth"": 5, ""max_features"": ""sqrt"", ""min_samples_split"": 2}",
classification,Onion,PCA,Random forest,1,0.8235294117647058,13.810782867949456,739,183,"{""n_estimators"": 100, ""max_depth"": 5, ""max_features"": ""sqrt"", ""min_samples_split"": 5}",
classification,Onion,PCA,Random forest,2,0.7708333333333334,12.171581455972046,736,186,"{""n_estimators"": 100, ""max_depth"": 5, ""max_features"": ""sqrt"", ""min_samples_split"": 5}",
classification,Onion,PCA,Random forest,3,0.8167539267015707,12.325243258383123,735,187,"{""n_estimators"": 100, ""max_depth"": 5, ""max_features"": ""sqrt"", ""min_samples_split"": 10}",
classification,Onion,PCA,Random forest,4,0.7734806629834254,12.099704255815595,737,185,"{""n_estimators"": 100, ""max_depth"": 5, ""max_features"": ""sqrt"", ""min_samples_split"": 5}",
classification,Onion,PCA,Random forest,5,0.7741935483870968,12.1220295089297,739,183,"{""n_estimators"": 100, ""max_depth"": 5, ""max_features"": ""sqrt"", ""min_samples_split"": 10}",
classification,Onion,PCA,Random forest,6,0.8167539267015707,13.728705981746316,735,187,"{""n_estimators"": 100, ""max_depth"": 10, ""max_features"": ""sqrt"", ""min_samples_split"": 10}",
classification,Onion,PCA,Random forest,7,0.8290155440414507,13.809934719000012,735,187,"{""n_estimators"": 100, ""max_depth"": 5, ""max_features"": ""sqrt"", ""min_samples_split"": 5}",
classification,Onion,PCA,Random forest,8,0.7386363636363636,12.081344863865525,737,185,"{""n_estimators"": 100, ""max_depth"": 5, ""max_features"": ""sqrt"", ""min_samples_split"": 10}",
classification,Onion,PCA,Random forest,9,0.806282722513089,13.783962998073548,735,187,"{""n_estimators"": 100, ""max_depth"": 5, ""max_features"": ""sqrt"", ""min_samples_split"": 2}",
classification,Onion,PCA,TabPFN,0,0.7802197802197802,24.42775221599732,738,184,"{""model"": ""tabpfn-v3-default""}",
classification,Onion,PCA,TabPFN,1,0.806282722513089,24.68082869600039,739,183,"{""model"": ""tabpfn-v3-default""}",
classification,Onion,PCA,TabPFN,2,0.7692307692307693,21.96775756997522,736,186,"{""model"": ""tabpfn-v3-default""}",
classification,Onion,PCA,TabPFN,3,0.806282722513089,24.42638351698406,735,187,"{""model"": ""tabpfn-v3-default""}",
classification,Onion,PCA,TabPFN,4,0.7802197802197802,24.332439989084374,737,185,"{""model"": ""tabpfn-v3-default""}",
classification,Onion,PCA,TabPFN,5,0.7731958762886598,24.27037601498887,739,183,"{""model"": ""tabpfn-v3-default""}",
classification,Onion,PCA,TabPFN,6,0.81,24.03907397389412,735,187,"{""model"": ""tabpfn-v3-default""}",
classification,Onion,PCA,TabPFN,7,0.841025641025641,23.619409934966825,735,187,"{""model"": ""tabpfn-v3-default""}",
classification,Onion,PCA,TabPFN,8,0.7386363636363636,22.264423366985284,737,185,"{""model"": ""tabpfn-v3-default""}",
classification,Onion,PCA,TabPFN,9,0.8210526315789474,24.10208123398479,735,187,"{""model"": ""tabpfn-v3-default""}",
classification,Onion,PCA,k-NN,0,0.7582417582417582,0.1041947556659579,738,184,"{""n_neighbors"": 7, ""weights"": ""uniform"", ""metric"": ""euclidean""}",
classification,Onion,PCA,k-NN,1,0.8085106382978723,0.1073117293417453,739,183,"{""n_neighbors"": 7, ""weights"": ""uniform"", ""metric"": ""euclidean""}",
classification,Onion,PCA,k-NN,2,0.7634408602150538,0.1164311538450419,736,186,"{""n_neighbors"": 7, ""weights"": ""uniform"", ""metric"": ""euclidean""}",
classification,Onion,PCA,k-NN,3,0.8279569892473119,0.1423164741136133,735,187,"{""n_neighbors"": 7, ""weights"": ""uniform"", ""metric"": ""euclidean""}",
classification,Onion,PCA,k-NN,4,0.8068181818181818,0.1580948992632329,737,185,"{""n_neighbors"": 5, ""weights"": ""uniform"", ""metric"": ""euclidean""}",
classification,Onion,PCA,k-NN,5,0.8085106382978723,0.1166892768815159,739,183,"{""n_neighbors"": 7, ""weights"": ""uniform"", ""metric"": ""euclidean""}",
classification,Onion,PCA,k-NN,6,0.8186528497409327,0.1093148598447442,735,187,"{""n_neighbors"": 7, ""weights"": ""uniform"", ""metric"": ""euclidean""}",
classification,Onion,PCA,k-NN,7,0.806282722513089,0.1052496079355478,735,187,"{""n_neighbors"": 7, ""weights"": ""uniform"", ""metric"": ""euclidean""}",
classification,Onion,PCA,k-NN,8,0.7657142857142857,0.115912077948451,737,185,"{""n_neighbors"": 7, ""weights"": ""uniform"", ""metric"": ""euclidean""}",
classification,Onion,PCA,k-NN,9,0.8186528497409327,0.1222423752769827,735,187,"{""n_neighbors"": 7, ""weights"": ""uniform"", ""metric"": ""euclidean""}",
regression,Carrot,BOTCAST,Decision tree,0,0.2687998575498574,0.0809359741397202,320,79,"{""max_depth"": 4, ""min_samples_split"": 5}",
regression,Carrot,BOTCAST,Decision tree,1,0.332643387612634,0.0784579678438603,319,80,"{""max_depth"": 5, ""min_samples_split"": 5}",
regression,Carrot,BOTCAST,Decision tree,2,0.3499158937009898,0.0825634710490703,319,80,"{""max_depth"": 5, ""min_samples_split"": 5}",
regression,Carrot,BOTCAST,Decision tree,3,0.2580848638785074,0.080015814397484,319,80,"{""max_depth"": 4, ""min_samples_split"": 5}",
regression,Carrot,BOTCAST,Decision tree,4,0.2349579779743883,0.0826211618259549,320,79,"{""max_depth"": 4, ""min_samples_split"": 5}",
regression,Carrot,BOTCAST,Decision tree,5,0.3722628197238463,0.0780172641389072,319,80,"{""max_depth"": 5, ""min_samples_split"": 5}",
regression,Carrot,BOTCAST,Decision tree,6,0.1115309727407762,0.0769609222188592,319,80,"{""max_depth"": 5, ""min_samples_split"": 5}",
regression,Carrot,BOTCAST,Decision tree,7,0.2649134010473531,0.0778086809441447,319,80,"{""max_depth"": 5, ""min_samples_split"": 5}",
regression,Carrot,BOTCAST,Decision tree,8,0.3591158302032746,0.0791896358132362,319,80,"{""max_depth"": 5, ""min_samples_split"": 5}",
regression,Carrot,BOTCAST,Decision tree,9,0.1636006451554237,0.0780355930328369,319,80,"{""max_depth"": 3, ""min_samples_split"": 5}",
regression,Carrot,BOTCAST,LSTM,0,0.0161917805671691,324.7451880942099,280,79,"{""K"": 2, ""units"": 64, ""dropout"": 0.0, ""lr"": 0.0003}",25.0
regression,Carrot,BOTCAST,LSTM,1,0.3638442158699035,290.66959058796056,280,80,"{""K"": 2, ""units"": 64, ""dropout"": 0.1, ""lr"": 0.001}",42.0
regression,Carrot,BOTCAST,LSTM,2,0.3254626393318176,341.73044588509947,279,80,"{""K"": 2, ""units"": 64, ""dropout"": 0.3, ""lr"": 0.001}",40.0
regression,Carrot,BOTCAST,LSTM,3,0.2184205055236816,347.8185149691999,280,80,"{""K"": 2, ""units"": 64, ""dropout"": 0.0, ""lr"": 0.001}",43.0
regression,Carrot,BOTCAST,LSTM,4,0.0902099609375,391.5692806821317,280,79,"{""K"": 2, ""units"": 32, ""dropout"": 0.3, ""lr"": 0.001}",29.0
regression,Carrot,BOTCAST,LSTM,5,0.306928813457489,298.2790764768142,279,80,"{""K"": 2, ""units"": 64, ""dropout"": 0.3, ""lr"": 0.001}",58.0
regression,Carrot,BOTCAST,LSTM,6,0.1223264932632446,345.3070749088656,280,80,"{""K"": 2, ""units"": 64, ""dropout"": 0.1, ""lr"": 0.001}",40.0
regression,Carrot,BOTCAST,LSTM,7,0.1990630030632019,323.8837914040778,279,80,"{""K"": 2, ""units"": 64, ""dropout"": 0.3, ""lr"": 0.001}",61.0
regression,Carrot,BOTCAST,LSTM,8,0.2877997159957886,295.2748292849865,279,80,"{""K"": 2, ""units"": 64, ""dropout"": 0.4, ""lr"": 0.001}",42.0
regression,Carrot,BOTCAST,LSTM,9,0.1457912325859069,426.0970890028402,279,80,"{""K"": 2, ""units"": 64, ""dropout"": 0.3, ""lr"": 0.001}",43.0
regression,Carrot,BOTCAST,MLP,0,0.284307599067688,69.60190366208553,280,79,"{""hidden"": [128, 64], ""dropout"": 0.0, ""lr"": 0.001}",52.0
regression,Carrot,BOTCAST,MLP,1,0.3447907567024231,70.91768829431385,280,80,"{""hidden"": [128, 64], ""dropout"": 0.0, ""lr"": 0.001}",36.0
regression,Carrot,BOTCAST,MLP,2,0.3364014625549316,75.49372379202396,279,80,"{""hidden"": [128, 64], ""dropout"": 0.2, ""lr"": 0.001}",47.0
regression,Carrot,BOTCAST,MLP,3,0.2778630256652832,87.00223323889077,280,80,"{""hidden"": [128, 64], ""dropout"": 0.0, ""lr"": 0.001}",43.0
regression,Carrot,BOTCAST,MLP,4,0.2387160658836364,72.80984530877322,280,79,"{""hidden"": [128, 64], ""dropout"": 0.0, ""lr"": 0.001}",34.0
regression,Carrot,BOTCAST,MLP,5,0.3778640031814575,91.10409436793998,279,80,"{""hidden"": [128, 64], ""dropout"": 0.0, ""lr"": 0.001}",25.0
regression,Carrot,BOTCAST,MLP,6,0.0625050663948059,60.650081873871386,280,80,"{""hidden"": [128, 64], ""dropout"": 0.0, ""lr"": 0.0003}",24.0
regression,Carrot,BOTCAST,MLP,7,0.245900273323059,73.41853087861091,279,80,"{""hidden"": [128, 64], ""dropout"": 0.0, ""lr"": 0.001}",46.0
regression,Carrot,BOTCAST,MLP,8,0.2700293660163879,83.71392562007532,279,80,"{""hidden"": [128, 64], ""dropout"": 0.0, ""lr"": 0.0003}",25.0
regression,Carrot,BOTCAST,MLP,9,0.2023671269416809,69.16068930691108,279,80,"{""hidden"": [128, 64], ""dropout"": 0.0, ""lr"": 0.001}",61.0
regression,Carrot,BOTCAST,Mamba SSM,0,0.2053512334823608,1248.977788267075,280,79,"{""K"": 6, ""units"": 64, ""dropout"": 0.1, ""lr"": 0.001}",26.0
regression,Carrot,BOTCAST,Mamba SSM,1,0.3800874352455139,1033.44095307705,280,80,"{""K"": 2, ""units"": 64, ""dropout"": 0.0, ""lr"": 0.0003}",32.0
regression,Carrot,BOTCAST,Mamba SSM,2,0.266008198261261,1447.6021655669902,279,80,"{""K"": 6, ""units"": 64, ""dropout"": 0.3, ""lr"": 0.001}",41.0
regression,Carrot,BOTCAST,Mamba SSM,3,0.1672093868255615,1091.023527470068,280,80,"{""K"": 2, ""units"": 64, ""dropout"": 0.0, ""lr"": 0.001}",26.0
regression,Carrot,BOTCAST,Mamba SSM,4,0.2317936420440673,1264.2350575580494,280,79,"{""K"": 6, ""units"": 32, ""dropout"": 0.1, ""lr"": 0.001}",29.0
regression,Carrot,BOTCAST,Mamba SSM,5,0.3100615739822387,1377.12216514186,279,80,"{""K"": 6, ""units"": 64, ""dropout"": 0.1, ""lr"": 0.001}",35.0
regression,Carrot,BOTCAST,Mamba SSM,6,0.0901181697845459,1243.7232533481438,280,80,"{""K"": 6, ""units"": 64, ""dropout"": 0.1, ""lr"": 0.001}",27.0
regression,Carrot,BOTCAST,Mamba SSM,7,0.200532853603363,1517.1104407361709,279,80,"{""K"": 4, ""units"": 64, ""dropout"": 0.4, ""lr"": 0.001}",27.0
regression,Carrot,BOTCAST,Mamba SSM,8,0.2472299337387085,1281.5616130309645,279,80,"{""K"": 6, ""units"": 32, ""dropout"": 0.1, ""lr"": 0.001}",24.0
regression,Carrot,BOTCAST,Mamba SSM,9,0.1159046292304992,1479.3084803861566,279,80,"{""K"": 2, ""units"": 64, ""dropout"": 0.2, ""lr"": 0.001}",39.0
regression,Carrot,BOTCAST,RNN GRU,0,0.1871523857116699,368.3142729999963,280,79,"{""K"": 2, ""units"": 64, ""dropout"": 0.0, ""lr"": 0.001}",60.0
regression,Carrot,BOTCAST,RNN GRU,1,0.3375788927078247,363.2578802810749,280,80,"{""K"": 2, ""units"": 32, ""dropout"": 0.2, ""lr"": 0.001}",49.0
regression,Carrot,BOTCAST,RNN GRU,2,0.086991548538208,326.48469999502413,279,80,"{""K"": 2, ""units"": 64, ""dropout"": 0.3, ""lr"": 0.001}",21.0
regression,Carrot,BOTCAST,RNN GRU,3,0.2319728136062622,338.71642341907136,280,80,"{""K"": 2, ""units"": 64, ""dropout"": 0.2, ""lr"": 0.001}",43.0
regression,Carrot,BOTCAST,RNN GRU,4,0.2344745993614196,435.4890232550679,280,79,"{""K"": 2, ""units"": 64, ""dropout"": 0.1, ""lr"": 0.001}",48.0
regression,Carrot,BOTCAST,RNN GRU,5,0.322841465473175,326.3506151710171,279,80,"{""K"": 2, ""units"": 64, ""dropout"": 0.1, ""lr"": 0.001}",65.0
regression,Carrot,BOTCAST,RNN GRU,6,0.1150978207588195,373.3399882230442,280,80,"{""K"": 6, ""units"": 32, ""dropout"": 0.1, ""lr"": 0.001}",57.0
regression,Carrot,BOTCAST,RNN GRU,7,0.203264057636261,380.120695929043,279,80,"{""K"": 6, ""units"": 64, ""dropout"": 0.3, ""lr"": 0.001}",89.0
regression,Carrot,BOTCAST,RNN GRU,8,0.3360130786895752,397.3213463190477,279,80,"{""K"": 2, ""units"": 64, ""dropout"": 0.2, ""lr"": 0.001}",45.0
regression,Carrot,BOTCAST,RNN GRU,9,0.1312905550003051,357.33203675202094,279,80,"{""K"": 2, ""units"": 64, ""dropout"": 0.0, ""lr"": 0.001}",71.0
regression,Carrot,BOTCAST,Random forest,0,0.2443288166441717,5.553195224143565,320,79,"{""n_estimators"": 100, ""max_depth"": 5, ""max_features"": ""sqrt"", ""min_samples_split"": 10}",
regression,Carrot,BOTCAST,Random forest,1,0.3306813553287,5.581785102840513,319,80,"{""n_estimators"": 100, ""max_depth"": 10, ""max_features"": ""sqrt"", ""min_samples_split"": 2}",
regression,Carrot,BOTCAST,Random forest,2,0.3442007613530736,4.934187768958509,319,80,"{""n_estimators"": 100, ""max_depth"": 10, ""max_features"": ""sqrt"", ""min_samples_split"": 10}",
regression,Carrot,BOTCAST,Random forest,3,0.2595967038487211,4.916316834278405,319,80,"{""n_estimators"": 100, ""max_depth"": 10, ""max_features"": ""sqrt"", ""min_samples_split"": 10}",
regression,Carrot,BOTCAST,Random forest,4,0.2166111253069197,5.528181393630803,320,79,"{""n_estimators"": 100, ""max_depth"": 10, ""max_features"": ""sqrt"", ""min_samples_split"": 2}",
regression,Carrot,BOTCAST,Random forest,5,0.3645885972643418,5.488284477032721,319,80,"{""n_estimators"": 100, ""max_depth"": 10, ""max_features"": ""sqrt"", ""min_samples_split"": 10}",
regression,Carrot,BOTCAST,Random forest,6,0.1140977003092186,5.507606759201735,319,80,"{""n_estimators"": 100, ""max_depth"": 10, ""max_features"": ""sqrt"", ""min_samples_split"": 2}",
regression,Carrot,BOTCAST,Random forest,7,0.2326554625602942,4.915887088049203,319,80,"{""n_estimators"": 100, ""max_depth"": 10, ""max_features"": ""sqrt"", ""min_samples_split"": 10}",
regression,Carrot,BOTCAST,Random forest,8,0.3074901328657515,5.465252087917179,319,80,"{""n_estimators"": 100, ""max_depth"": 5, ""max_features"": ""sqrt"", ""min_samples_split"": 10}",
regression,Carrot,BOTCAST,Random forest,9,0.1837027180926032,5.516939925961196,319,80,"{""n_estimators"": 100, ""max_depth"": 10, ""max_features"": ""sqrt"", ""min_samples_split"": 2}",
regression,Carrot,BOTCAST,TabPFN,0,0.2628130316734314,13.481585178989915,320,79,"{""model"": ""tabpfn-v3-default""}",
regression,Carrot,BOTCAST,TabPFN,1,0.3535100817680359,13.361249388195574,319,80,"{""model"": ""tabpfn-v3-default""}",
regression,Carrot,BOTCAST,TabPFN,2,0.3704870343208313,13.609217204153538,319,80,"{""model"": ""tabpfn-v3-default""}",
regression,Carrot,BOTCAST,TabPFN,3,0.2984287738800049,13.69932834804058,319,80,"{""model"": ""tabpfn-v3-default""}",
regression,Carrot,BOTCAST,TabPFN,4,0.2352498769760131,12.848436477128416,320,79,"{""model"": ""tabpfn-v3-default""}",
regression,Carrot,BOTCAST,TabPFN,5,0.3605254292488098,13.401952096726744,319,80,"{""model"": ""tabpfn-v3-default""}",
regression,Carrot,BOTCAST,TabPFN,6,0.1280354857444763,13.394610884133726,319,80,"{""model"": ""tabpfn-v3-default""}",
regression,Carrot,BOTCAST,TabPFN,7,0.2556259036064148,13.172332242131231,319,80,"{""model"": ""tabpfn-v3-default""}",
regression,Carrot,BOTCAST,TabPFN,8,0.350430428981781,13.383336617145687,319,80,"{""model"": ""tabpfn-v3-default""}",
regression,Carrot,BOTCAST,TabPFN,9,0.2080658078193664,13.531984555069355,319,80,"{""model"": ""tabpfn-v3-default""}",
regression,Carrot,BOTCAST,k-NN,0,0.1573332548141479,0.0361736672930419,320,79,"{""n_neighbors"": 5, ""weights"": ""uniform"", ""metric"": ""euclidean""}",
regression,Carrot,BOTCAST,k-NN,1,0.2859700322151184,0.0362786590121686,319,80,"{""n_neighbors"": 7, ""weights"": ""uniform"", ""metric"": ""euclidean""}",
regression,Carrot,BOTCAST,k-NN,2,0.3207508325576782,0.037156768143177,319,80,"{""n_neighbors"": 7, ""weights"": ""uniform"", ""metric"": ""euclidean""}",
regression,Carrot,BOTCAST,k-NN,3,0.144005537033081,0.0357846729457378,319,80,"{""n_neighbors"": 7, ""weights"": ""uniform"", ""metric"": ""euclidean""}",
regression,Carrot,BOTCAST,k-NN,4,0.1834086775779724,0.0365292401984334,320,79,"{""n_neighbors"": 7, ""weights"": ""uniform"", ""metric"": ""euclidean""}",
regression,Carrot,BOTCAST,k-NN,5,0.3679723739624023,0.0371878878213465,319,80,"{""n_neighbors"": 7, ""weights"": ""uniform"", ""metric"": ""euclidean""}",
regression,Carrot,BOTCAST,k-NN,6,0.0176939368247985,0.0367952329106628,319,80,"{""n_neighbors"": 7, ""weights"": ""uniform"", ""metric"": ""euclidean""}",
regression,Carrot,BOTCAST,k-NN,7,0.2658706307411194,0.0360898068174719,319,80,"{""n_neighbors"": 5, ""weights"": ""uniform"", ""metric"": ""euclidean""}",
regression,Carrot,BOTCAST,k-NN,8,0.3248426914215088,0.0368353649973869,319,80,"{""n_neighbors"": 7, ""weights"": ""uniform"", ""metric"": ""euclidean""}",
regression,Carrot,BOTCAST,k-NN,9,0.1551020741462707,0.0360965258441865,319,80,"{""n_neighbors"": 7, ""weights"": ""uniform"", ""metric"": ""euclidean""}",
regression,Carrot,Isomap,Decision tree,0,0.2074925586798808,0.6220305757597089,320,79,"{""max_depth"": 3, ""min_samples_split"": 5}",
regression,Carrot,Isomap,Decision tree,1,0.248667364151497,0.6450915359891951,319,80,"{""max_depth"": 4, ""min_samples_split"": 20}",
regression,Carrot,Isomap,Decision tree,2,0.1368430381854731,0.7300038510002196,319,80,"{""max_depth"": 3, ""min_samples_split"": 20}",
regression,Carrot,Isomap,Decision tree,3,0.1410864580703742,0.7293477049097419,319,80,"{""max_depth"": 2, ""min_samples_split"": 5}",
regression,Carrot,Isomap,Decision tree,4,0.2051704297155566,0.6122665340080857,320,79,"{""max_depth"": 3, ""min_samples_split"": 5}",
regression,Carrot,Isomap,Decision tree,5,0.2878851381879964,0.6405072892084718,319,80,"{""max_depth"": 4, ""min_samples_split"": 20}",
regression,Carrot,Isomap,Decision tree,6,-0.0024101812417611,0.7232925221323967,319,80,"{""max_depth"": 4, ""min_samples_split"": 20}",
regression,Carrot,Isomap,Decision tree,7,0.1201455146535311,0.6628158213570714,319,80,"{""max_depth"": 3, ""min_samples_split"": 5}",
regression,Carrot,Isomap,Decision tree,8,0.1333351316954011,0.7242270619608462,319,80,"{""max_depth"": 3, ""min_samples_split"": 20}",
regression,Carrot,Isomap,Decision tree,9,0.1471955454306315,0.7193640801124275,319,80,"{""max_depth"": 3, ""min_samples_split"": 5}",
regression,Carrot,Isomap,LSTM,0,0.0701635479927063,204.66804817295636,280,79,"{""K"": 2, ""units"": 64, ""dropout"": 0.4, ""lr"": 0.001}",45.0
regression,Carrot,Isomap,LSTM,1,0.2020891904830932,205.98298475309275,280,80,"{""K"": 4, ""units"": 32, ""dropout"": 0.1, ""lr"": 0.001}",27.0
regression,Carrot,Isomap,LSTM,2,0.1687257885932922,173.8446705590468,279,80,"{""K"": 4, ""units"": 64, ""dropout"": 0.3, ""lr"": 0.001}",25.0
regression,Carrot,Isomap,LSTM,3,0.2356377840042114,167.37875588983297,280,80,"{""K"": 2, ""units"": 32, ""dropout"": 0.3, ""lr"": 0.001}",36.0
regression,Carrot,Isomap,LSTM,4,0.1801126599311828,202.71000298904252,280,79,"{""K"": 2, ""units"": 64, ""dropout"": 0.0, ""lr"": 0.001}",24.0
regression,Carrot,Isomap,LSTM,5,0.291369616985321,235.6534646239597,279,80,"{""K"": 2, ""units"": 64, ""dropout"": 0.1, ""lr"": 0.001}",43.0
regression,Carrot,Isomap,LSTM,6,0.0941937565803527,243.32468652003445,280,80,"{""K"": 4, ""units"": 64, ""dropout"": 0.0, ""lr"": 0.001}",58.0
regression,Carrot,Isomap,LSTM,7,0.1598489880561828,226.3599366811104,279,80,"{""K"": 4, ""units"": 64, ""dropout"": 0.4, ""lr"": 0.001}",68.0
regression,Carrot,Isomap,LSTM,8,-0.0698540210723877,218.37380910897627,279,80,"{""K"": 4, ""units"": 32, ""dropout"": 0.0, ""lr"": 0.001}",22.0
regression,Carrot,Isomap,LSTM,9,0.1673626899719238,243.78859223099423,279,80,"{""K"": 2, ""units"": 64, ""dropout"": 0.4, ""lr"": 0.001}",57.0
regression,Carrot,Isomap,MLP,0,0.2235392928123474,60.769837067928165,280,79,"{""hidden"": [128, 64], ""dropout"": 0.2, ""lr"": 0.001}",30.0
regression,Carrot,Isomap,MLP,1,0.3237296938896179,62.26408980414271,280,80,"{""hidden"": [32, 16], ""dropout"": 0.3, ""lr"": 0.001}",98.0
regression,Carrot,Isomap,MLP,2,0.2891163825988769,46.81073859799653,279,80,"{""hidden"": [128, 64], ""dropout"": 0.4, ""lr"": 0.001}",37.0
regression,Carrot,Isomap,MLP,3,0.3392476439476013,46.898991292808205,280,80,"{""hidden"": [128, 64], ""dropout"": 0.3, ""lr"": 0.001}",74.0
regression,Carrot,Isomap,MLP,4,0.1915957927703857,51.8374985079281,280,79,"{""hidden"": [32, 16], ""dropout"": 0.3, ""lr"": 0.001}",39.0
regression,Carrot,Isomap,MLP,5,0.3284443616867065,47.90356885595247,279,80,"{""hidden"": [128, 64], ""dropout"": 0.2, ""lr"": 0.001}",26.0
regression,Carrot,Isomap,MLP,6,0.1370202302932739,54.80244668619707,280,80,"{""hidden"": [64, 32], ""dropout"": 0.4, ""lr"": 0.001}",62.0
regression,Carrot,Isomap,MLP,7,0.064673364162445,66.08226101566106,279,80,"{""hidden"": [128, 64], ""dropout"": 0.2, ""lr"": 0.001}",49.0
regression,Carrot,Isomap,MLP,8,0.4003157019615173,64.82911718310788,279,80,"{""hidden"": [128, 64], ""dropout"": 0.1, ""lr"": 0.001}",21.0
regression,Carrot,Isomap,MLP,9,0.1168295741081237,61.91044497489929,279,80,"{""hidden"": [32, 16], ""dropout"": 0.1, ""lr"": 0.001}",35.0
regression,Carrot,Isomap,Mamba SSM,0,0.1357386112213134,1134.592159699998,280,79,"{""K"": 4, ""units"": 32, ""dropout"": 0.0, ""lr"": 0.001}",25.0
regression,Carrot,Isomap,Mamba SSM,1,0.3177286386489868,1005.1707357380074,280,80,"{""K"": 2, ""units"": 64, ""dropout"": 0.2, ""lr"": 0.0003}",24.0
regression,Carrot,Isomap,Mamba SSM,2,0.1466391682624817,933.4279279620388,279,80,"{""K"": 4, ""units"": 64, ""dropout"": 0.2, ""lr"": 0.001}",21.0
regression,Carrot,Isomap,Mamba SSM,3,0.2598384618759155,1031.6131767850602,280,80,"{""K"": 6, ""units"": 64, ""dropout"": 0.1, ""lr"": 0.001}",35.0
regression,Carrot,Isomap,Mamba SSM,4,0.0903810858726501,1277.5517405469436,280,79,"{""K"": 6, ""units"": 64, ""dropout"": 0.3, ""lr"": 0.001}",24.0
regression,Carrot,Isomap,Mamba SSM,5,0.2813077569007873,1041.3236801899038,279,80,"{""K"": 2, ""units"": 32, ""dropout"": 0.3, ""lr"": 0.001}",38.0
regression,Carrot,Isomap,Mamba SSM,6,0.0539891123771667,1026.2133614728227,280,80,"{""K"": 6, ""units"": 32, ""dropout"": 0.1, ""lr"": 0.001}",27.0
regression,Carrot,Isomap,Mamba SSM,7,0.1544443368911743,1156.6772631530184,279,80,"{""K"": 2, ""units"": 32, ""dropout"": 0.4, ""lr"": 0.001}",56.0
regression,Carrot,Isomap,Mamba SSM,8,0.3394036889076233,1104.3364962220658,279,80,"{""K"": 4, ""units"": 32, ""dropout"": 0.1, ""lr"": 0.001}",32.0
regression,Carrot,Isomap,Mamba SSM,9,0.1183217763900756,1219.3901714100502,279,80,"{""K"": 4, ""units"": 64, ""dropout"": 0.3, ""lr"": 0.001}",48.0
regression,Carrot,Isomap,RNN GRU,0,0.1409467458724975,195.1733602040913,280,79,"{""K"": 2, ""units"": 32, ""dropout"": 0.1, ""lr"": 0.001}",30.0
regression,Carrot,Isomap,RNN GRU,1,0.3344828486442566,264.59616739698686,280,80,"{""K"": 2, ""units"": 64, ""dropout"": 0.3, ""lr"": 0.001}",34.0
regression,Carrot,Isomap,RNN GRU,2,0.1939467787742614,225.0254588770913,279,80,"{""K"": 6, ""units"": 32, ""dropout"": 0.4, ""lr"": 0.001}",29.0
regression,Carrot,Isomap,RNN GRU,3,0.1489726901054382,227.91247715998907,280,80,"{""K"": 6, ""units"": 32, ""dropout"": 0.1, ""lr"": 0.001}",30.0
regression,Carrot,Isomap,RNN GRU,4,0.2128172516822815,230.47030560299757,280,79,"{""K"": 4, ""units"": 32, ""dropout"": 0.2, ""lr"": 0.001}",26.0
regression,Carrot,Isomap,RNN GRU,5,0.3184636831283569,256.3848637569463,279,80,"{""K"": 2, ""units"": 64, ""dropout"": 0.3, ""lr"": 0.001}",45.0
regression,Carrot,Isomap,RNN GRU,6,0.0711202025413513,233.4109596159542,280,80,"{""K"": 4, ""units"": 32, ""dropout"": 0.3, ""lr"": 0.001}",139.0
regression,Carrot,Isomap,RNN GRU,7,0.1665841341018676,288.4034683939535,279,80,"{""K"": 2, ""units"": 32, ""dropout"": 0.4, ""lr"": 0.001}",57.0
regression,Carrot,Isomap,RNN GRU,8,0.3703950643539428,227.69820439396423,279,80,"{""K"": 4, ""units"": 64, ""dropout"": 0.3, ""lr"": 0.001}",43.0
regression,Carrot,Isomap,RNN GRU,9,0.1437233090400695,239.5900621280307,279,80,"{""K"": 2, ""units"": 64, ""dropout"": 0.4, ""lr"": 0.001}",77.0
regression,Carrot,Isomap,Random forest,0,0.2113616472601126,8.417833914980292,320,79,"{""n_estimators"": 100, ""max_depth"": 5, ""max_features"": ""sqrt"", ""min_samples_split"": 2}",
regression,Carrot,Isomap,Random forest,1,0.305034626190795,8.212420003022999,319,80,"{""n_estimators"": 100, ""max_depth"": 5, ""max_features"": ""sqrt"", ""min_samples_split"": 10}",
regression,Carrot,Isomap,Random forest,2,0.3477292744428603,8.015759761910886,319,80,"{""n_estimators"": 100, ""max_depth"": 5, ""max_features"": ""sqrt"", ""min_samples_split"": 10}",
regression,Carrot,Isomap,Random forest,3,0.3033497425127819,7.978330271784216,319,80,"{""n_estimators"": 100, ""max_depth"": 5, ""max_features"": ""sqrt"", ""min_samples_split"": 10}",
regression,Carrot,Isomap,Random forest,4,0.2794083620738478,8.248562979977578,320,79,"{""n_estimators"": 100, ""max_depth"": 5, ""max_features"": ""sqrt"", ""min_samples_split"": 10}",
regression,Carrot,Isomap,Random forest,5,0.3315669552585922,8.509891935158521,319,80,"{""n_estimators"": 100, ""max_depth"": 5, ""max_features"": ""sqrt"", ""min_samples_split"": 2}",
regression,Carrot,Isomap,Random forest,6,0.0659827406594998,6.95094447908923,319,80,"{""n_estimators"": 100, ""max_depth"": 5, ""max_features"": ""sqrt"", ""min_samples_split"": 10}",
regression,Carrot,Isomap,Random forest,7,0.1889866556983145,7.026326055172831,319,80,"{""n_estimators"": 100, ""max_depth"": 5, ""max_features"": ""sqrt"", ""min_samples_split"": 5}",
regression,Carrot,Isomap,Random forest,8,0.3231511060406057,7.764387900941074,319,80,"{""n_estimators"": 100, ""max_depth"": 5, ""max_features"": ""sqrt"", ""min_samples_split"": 10}",
regression,Carrot,Isomap,Random forest,9,0.1333115872767226,7.163388214074075,319,80,"{""n_estimators"": 100, ""max_depth"": 5, ""max_features"": ""sqrt"", ""min_samples_split"": 10}",
regression,Carrot,Isomap,TabPFN,0,0.2368302345275879,17.641044854186475,320,79,"{""model"": ""tabpfn-v3-default""}",
regression,Carrot,Isomap,TabPFN,1,0.3423684239387512,18.06452880706638,319,80,"{""model"": ""tabpfn-v3-default""}",
regression,Carrot,Isomap,TabPFN,2,0.3620157241821289,17.531967462971807,319,80,"{""model"": ""tabpfn-v3-default""}",
regression,Carrot,Isomap,TabPFN,3,0.2717007994651794,18.01549846492708,319,80,"{""model"": ""tabpfn-v3-default""}",
regression,Carrot,Isomap,TabPFN,4,0.2430769801139831,17.434306961949915,320,79,"{""model"": ""tabpfn-v3-default""}",
regression,Carrot,Isomap,TabPFN,5,0.329396903514862,17.986573791131377,319,80,"{""model"": ""tabpfn-v3-default""}",
regression,Carrot,Isomap,TabPFN,6,0.0840140581130981,17.777111520059407,319,80,"{""model"": ""tabpfn-v3-default""}",
regression,Carrot,Isomap,TabPFN,7,0.2437213659286499,18.348866487387568,319,80,"{""model"": ""tabpfn-v3-default""}",
regression,Carrot,Isomap,TabPFN,8,0.3627750277519226,18.4015360288322,319,80,"{""model"": ""tabpfn-v3-default""}",
regression,Carrot,Isomap,TabPFN,9,0.2027080655097961,17.075656718108803,319,80,"{""model"": ""tabpfn-v3-default""}",
regression,Carrot,Isomap,k-NN,0,0.2465856075286865,0.4810860957950353,320,79,"{""n_neighbors"": 7, ""weights"": ""uniform"", ""metric"": ""euclidean""}",
regression,Carrot,Isomap,k-NN,1,0.3432561755180359,0.5605279048904777,319,80,"{""n_neighbors"": 7, ""weights"": ""uniform"", ""metric"": ""euclidean""}",
regression,Carrot,Isomap,k-NN,2,0.3299575448036194,0.5599664491601288,319,80,"{""n_neighbors"": 7, ""weights"": ""uniform"", ""metric"": ""euclidean""}",
regression,Carrot,Isomap,k-NN,3,0.2817996740341186,0.5828692279756069,319,80,"{""n_neighbors"": 7, ""weights"": ""uniform"", ""metric"": ""euclidean""}",
regression,Carrot,Isomap,k-NN,4,0.235754132270813,0.5373944942839444,320,79,"{""n_neighbors"": 7, ""weights"": ""uniform"", ""metric"": ""euclidean""}",
regression,Carrot,Isomap,k-NN,5,0.3516356348991394,0.6081338208168745,319,80,"{""n_neighbors"": 7, ""weights"": ""uniform"", ""metric"": ""euclidean""}",
regression,Carrot,Isomap,k-NN,6,0.0625815391540527,0.5518954652361572,319,80,"{""n_neighbors"": 7, ""weights"": ""uniform"", ""metric"": ""euclidean""}",
regression,Carrot,Isomap,k-NN,7,0.1441656947135925,0.4843436707742512,319,80,"{""n_neighbors"": 7, ""weights"": ""uniform"", ""metric"": ""euclidean""}",
regression,Carrot,Isomap,k-NN,8,0.3043833971023559,0.5621756119653583,319,80,"{""n_neighbors"": 7, ""weights"": ""uniform"", ""metric"": ""euclidean""}",
regression,Carrot,Isomap,k-NN,9,0.2153061628341674,0.5520494268275797,319,80,"{""n_neighbors"": 7, ""weights"": ""uniform"", ""metric"": ""euclidean""}",
regression,Carrot,KernelPCA,Decision tree,0,0.1961440676304047,0.2275549029000103,320,79,"{""max_depth"": 3, ""min_samples_split"": 20}",
regression,Carrot,KernelPCA,Decision tree,1,0.3329673341621381,0.2155629182234406,319,80,"{""max_depth"": 4, ""min_samples_split"": 20}",
regression,Carrot,KernelPCA,Decision tree,2,0.309963725878093,0.2151052430272102,319,80,"{""max_depth"": 3, ""min_samples_split"": 20}",
regression,Carrot,KernelPCA,Decision tree,3,0.1858885074573629,0.2176427999511361,319,80,"{""max_depth"": 3, ""min_samples_split"": 10}",
regression,Carrot,KernelPCA,Decision tree,4,0.1582164766977654,0.1891619930975139,320,79,"{""max_depth"": 3, ""min_samples_split"": 5}",
regression,Carrot,KernelPCA,Decision tree,5,0.1757246148328358,0.2233972288668155,319,80,"{""max_depth"": 3, ""min_samples_split"": 10}",
regression,Carrot,KernelPCA,Decision tree,6,0.0039395530410516,0.1959226229228079,319,80,"{""max_depth"": 4, ""min_samples_split"": 10}",
regression,Carrot,KernelPCA,Decision tree,7,0.2093981995920425,0.2179010021500289,319,80,"{""max_depth"": 3, ""min_samples_split"": 10}",
regression,Carrot,KernelPCA,Decision tree,8,0.292809724929608,0.1877888580784201,319,80,"{""max_depth"": 2, ""min_samples_split"": 5}",
regression,Carrot,KernelPCA,Decision tree,9,0.0719012277925909,0.4010716718621552,319,80,"{""max_depth"": 3, ""min_samples_split"": 10}",
regression,Carrot,KernelPCA,LSTM,0,0.0611012578010559,231.85296960105188,280,79,"{""K"": 4, ""units"": 64, ""dropout"": 0.4, ""lr"": 0.001}",44.0
regression,Carrot,KernelPCA,LSTM,1,0.2530343532562256,232.09031084994783,280,80,"{""K"": 4, ""units"": 64, ""dropout"": 0.3, ""lr"": 0.001}",27.0
regression,Carrot,KernelPCA,LSTM,2,0.163532555103302,214.47883057105355,279,80,"{""K"": 2, ""units"": 64, ""dropout"": 0.4, ""lr"": 0.001}",29.0
regression,Carrot,KernelPCA,LSTM,3,0.23658287525177,177.7368176379241,280,80,"{""K"": 4, ""units"": 32, ""dropout"": 0.2, ""lr"": 0.001}",43.0
regression,Carrot,KernelPCA,LSTM,4,0.2318055033683776,194.9756026628893,280,79,"{""K"": 4, ""units"": 64, ""dropout"": 0.3, ""lr"": 0.001}",35.0
regression,Carrot,KernelPCA,LSTM,5,0.3249502182006836,193.28072534804232,279,80,"{""K"": 4, ""units"": 32, ""dropout"": 0.1, ""lr"": 0.001}",62.0
regression,Carrot,KernelPCA,LSTM,6,0.1756801605224609,245.8604688241612,280,80,"{""K"": 4, ""units"": 32, ""dropout"": 0.1, ""lr"": 0.001}",50.0
regression,Carrot,KernelPCA,LSTM,7,0.1737804412841797,225.71212457609363,279,80,"{""K"": 2, ""units"": 64, ""dropout"": 0.3, ""lr"": 0.001}",68.0
regression,Carrot,KernelPCA,LSTM,8,0.3583508729934692,226.2782822509762,279,80,"{""K"": 4, ""units"": 64, ""dropout"": 0.2, ""lr"": 0.001}",54.0
regression,Carrot,KernelPCA,LSTM,9,0.1285105943679809,298.618906655116,279,80,"{""K"": 6, ""units"": 64, ""dropout"": 0.3, ""lr"": 0.001}",61.0
regression,Carrot,KernelPCA,MLP,0,0.2557795643806457,51.35253815492615,280,79,"{""hidden"": [64, 32], ""dropout"": 0.1, ""lr"": 0.0003}",87.0
regression,Carrot,KernelPCA,MLP,1,0.3485337495803833,61.52567454101518,280,80,"{""hidden"": [32, 16], ""dropout"": 0.2, ""lr"": 0.001}",50.0
regression,Carrot,KernelPCA,MLP,2,0.2636092901229858,45.233300684951246,279,80,"{""hidden"": [128, 64], ""dropout"": 0.2, ""lr"": 0.001}",23.0
regression,Carrot,KernelPCA,MLP,3,0.2833742499351501,42.16017030598596,280,80,"{""hidden"": [128, 64], ""dropout"": 0.3, ""lr"": 0.001}",28.0
regression,Carrot,KernelPCA,MLP,4,0.2327078580856323,52.958866266999394,280,79,"{""hidden"": [128, 64], ""dropout"": 0.1, ""lr"": 0.001}",42.0
regression,Carrot,KernelPCA,MLP,5,0.3343256115913391,52.2337251463905,279,80,"{""hidden"": [128, 64], ""dropout"": 0.4, ""lr"": 0.001}",24.0
regression,Carrot,KernelPCA,MLP,6,0.130014955997467,53.58018665807322,280,80,"{""hidden"": [32, 16], ""dropout"": 0.1, ""lr"": 0.001}",48.0
regression,Carrot,KernelPCA,MLP,7,0.1692899465560913,56.2294037793763,279,80,"{""hidden"": [64, 32], ""dropout"": 0.2, ""lr"": 0.001}",52.0
regression,Carrot,KernelPCA,MLP,8,0.3258891105651855,52.16784537024796,279,80,"{""hidden"": [32, 16], ""dropout"": 0.2, ""lr"": 0.001}",69.0
regression,Carrot,KernelPCA,MLP,9,0.1480695009231567,55.10394277609885,279,80,"{""hidden"": [128, 64], ""dropout"": 0.1, ""lr"": 0.001}",37.0
regression,Carrot,KernelPCA,Mamba SSM,0,0.1326913237571716,1095.4033596880035,280,79,"{""K"": 4, ""units"": 32, ""dropout"": 0.2, ""lr"": 0.0003}",52.0
regression,Carrot,KernelPCA,Mamba SSM,1,0.3413876891136169,1180.193773945095,280,80,"{""K"": 4, ""units"": 64, ""dropout"": 0.3, ""lr"": 0.001}",40.0
regression,Carrot,KernelPCA,Mamba SSM,2,0.2328723669052124,981.3918954279508,279,80,"{""K"": 6, ""units"": 32, ""dropout"": 0.3, ""lr"": 0.001}",24.0
regression,Carrot,KernelPCA,Mamba SSM,3,0.249815285205841,1264.051808304037,280,80,"{""K"": 2, ""units"": 32, ""dropout"": 0.1, ""lr"": 0.001}",33.0
regression,Carrot,KernelPCA,Mamba SSM,4,0.2336555123329162,1204.964596239035,280,79,"{""K"": 4, ""units"": 64, ""dropout"": 0.1, ""lr"": 0.001}",26.0
regression,Carrot,KernelPCA,Mamba SSM,5,0.2920272946357727,989.4487954839132,279,80,"{""K"": 2, ""units"": 64, ""dropout"": 0.1, ""lr"": 0.001}",40.0
regression,Carrot,KernelPCA,Mamba SSM,6,-0.0125812292098999,1019.8816327992828,280,80,"{""K"": 4, ""units"": 64, ""dropout"": 0.4, ""lr"": 0.001}",43.0
regression,Carrot,KernelPCA,Mamba SSM,7,0.1651886701583862,1224.428609496914,279,80,"{""K"": 2, ""units"": 32, ""dropout"": 0.1, ""lr"": 0.001}",25.0
regression,Carrot,KernelPCA,Mamba SSM,8,0.3038573265075683,1130.381193683017,279,80,"{""K"": 2, ""units"": 64, ""dropout"": 0.2, ""lr"": 0.001}",74.0
regression,Carrot,KernelPCA,Mamba SSM,9,0.0841817855834961,1247.950645943638,279,80,"{""K"": 6, ""units"": 32, ""dropout"": 0.2, ""lr"": 0.001}",29.0
regression,Carrot,KernelPCA,RNN GRU,0,0.2201955914497375,225.9831839860417,280,79,"{""K"": 6, ""units"": 32, ""dropout"": 0.3, ""lr"": 0.001}",55.0
regression,Carrot,KernelPCA,RNN GRU,1,0.3353971838951111,249.99698071402963,280,80,"{""K"": 6, ""units"": 32, ""dropout"": 0.2, ""lr"": 0.001}",34.0
regression,Carrot,KernelPCA,RNN GRU,2,0.1959418654441833,251.40863228798844,279,80,"{""K"": 2, ""units"": 32, ""dropout"": 0.4, ""lr"": 0.001}",30.0
regression,Carrot,KernelPCA,RNN GRU,3,0.2378627061843872,246.0094751050929,280,80,"{""K"": 6, ""units"": 64, ""dropout"": 0.2, ""lr"": 0.001}",34.0
regression,Carrot,KernelPCA,RNN GRU,4,0.1586152911186218,251.6652474299772,280,79,"{""K"": 2, ""units"": 64, ""dropout"": 0.2, ""lr"": 0.001}",27.0
regression,Carrot,KernelPCA,RNN GRU,5,0.3553816080093384,239.51804185495712,279,80,"{""K"": 4, ""units"": 64, ""dropout"": 0.2, ""lr"": 0.001}",41.0
regression,Carrot,KernelPCA,RNN GRU,6,0.1646374464035034,231.9075661629904,280,80,"{""K"": 6, ""units"": 64, ""dropout"": 0.1, ""lr"": 0.001}",31.0
regression,Carrot,KernelPCA,RNN GRU,7,0.2067183256149292,295.7389401810942,279,80,"{""K"": 4, ""units"": 32, ""dropout"": 0.4, ""lr"": 0.001}",57.0
regression,Carrot,KernelPCA,RNN GRU,8,0.3699663877487182,255.2766964270268,279,80,"{""K"": 4, ""units"": 64, ""dropout"": 0.4, ""lr"": 0.001}",57.0
regression,Carrot,KernelPCA,RNN GRU,9,0.1775360107421875,297.8247853158973,279,80,"{""K"": 6, ""units"": 64, ""dropout"": 0.3, ""lr"": 0.001}",40.0
regression,Carrot,KernelPCA,Random forest,0,0.2552871858472363,7.521246465854347,320,79,"{""n_estimators"": 100, ""max_depth"": 5, ""max_features"": ""sqrt"", ""min_samples_split"": 10}",
regression,Carrot,KernelPCA,Random forest,1,0.3527148729215489,7.70441269595176,319,80,"{""n_estimators"": 100, ""max_depth"": 5, ""max_features"": ""sqrt"", ""min_samples_split"": 5}",
regression,Carrot,KernelPCA,Random forest,2,0.3640912983833597,7.896875213366002,319,80,"{""n_estimators"": 100, ""max_depth"": 5, ""max_features"": ""sqrt"", ""min_samples_split"": 10}",
regression,Carrot,KernelPCA,Random forest,3,0.2676680134741728,7.465984560083598,319,80,"{""n_estimators"": 100, ""max_depth"": 5, ""max_features"": ""sqrt"", ""min_samples_split"": 10}",
regression,Carrot,KernelPCA,Random forest,4,0.2623714413563914,6.54049953026697,320,79,"{""n_estimators"": 100, ""max_depth"": 5, ""max_features"": ""sqrt"", ""min_samples_split"": 10}",
regression,Carrot,KernelPCA,Random forest,5,0.2955737191279535,7.446871010120958,319,80,"{""n_estimators"": 100, ""max_depth"": 5, ""max_features"": ""sqrt"", ""min_samples_split"": 5}",
regression,Carrot,KernelPCA,Random forest,6,0.0837048375113418,6.556502587161958,319,80,"{""n_estimators"": 100, ""max_depth"": 5, ""max_features"": ""sqrt"", ""min_samples_split"": 5}",
regression,Carrot,KernelPCA,Random forest,7,0.2212756713034234,7.431128636002541,319,80,"{""n_estimators"": 100, ""max_depth"": 5, ""max_features"": ""sqrt"", ""min_samples_split"": 10}",
regression,Carrot,KernelPCA,Random forest,8,0.3344549380638274,6.691321942023933,319,80,"{""n_estimators"": 100, ""max_depth"": 5, ""max_features"": ""sqrt"", ""min_samples_split"": 10}",
regression,Carrot,KernelPCA,Random forest,9,0.1302307765023677,7.400951991323382,319,80,"{""n_estimators"": 100, ""max_depth"": 5, ""max_features"": ""sqrt"", ""min_samples_split"": 2}",
regression,Carrot,KernelPCA,TabPFN,0,0.2533965110778808,17.131120488978922,320,79,"{""model"": ""tabpfn-v3-default""}",
regression,Carrot,KernelPCA,TabPFN,1,0.3332078456878662,17.791503231041133,319,80,"{""model"": ""tabpfn-v3-default""}",
regression,Carrot,KernelPCA,TabPFN,2,0.3553545475006103,17.109806871041656,319,80,"{""model"": ""tabpfn-v3-default""}",
regression,Carrot,KernelPCA,TabPFN,3,0.2714573740959167,17.15017428714782,319,80,"{""model"": ""tabpfn-v3-default""}",
regression,Carrot,KernelPCA,TabPFN,4,0.2195318937301635,17.2297500083223,320,79,"{""model"": ""tabpfn-v3-default""}",
regression,Carrot,KernelPCA,TabPFN,5,0.3655673265457153,16.886058568023145,319,80,"{""model"": ""tabpfn-v3-default""}",
regression,Carrot,KernelPCA,TabPFN,6,0.0890198349952697,17.556692653801292,319,80,"{""model"": ""tabpfn-v3-default""}",
regression,Carrot,KernelPCA,TabPFN,7,0.2514969110488891,18.127251410856843,319,80,"{""model"": ""tabpfn-v3-default""}",
regression,Carrot,KernelPCA,TabPFN,8,0.3615660667419433,17.60547962365672,319,80,"{""model"": ""tabpfn-v3-default""}",
regression,Carrot,KernelPCA,TabPFN,9,0.1893730163574218,18.165224737022072,319,80,"{""model"": ""tabpfn-v3-default""}",
regression,Carrot,KernelPCA,k-NN,0,0.25382000207901,0.0817718226462602,320,79,"{""n_neighbors"": 7, ""weights"": ""uniform"", ""metric"": ""euclidean""}",
regression,Carrot,KernelPCA,k-NN,1,0.3412102460861206,0.0703407027758658,319,80,"{""n_neighbors"": 7, ""weights"": ""uniform"", ""metric"": ""euclidean""}",
regression,Carrot,KernelPCA,k-NN,2,0.3299575448036194,0.087419172283262,319,80,"{""n_neighbors"": 7, ""weights"": ""uniform"", ""metric"": ""euclidean""}",
regression,Carrot,KernelPCA,k-NN,3,0.2744923830032348,0.0679022879339754,319,80,"{""n_neighbors"": 7, ""weights"": ""uniform"", ""metric"": ""euclidean""}",
regression,Carrot,KernelPCA,k-NN,4,0.233660340309143,0.2208525431342423,320,79,"{""n_neighbors"": 7, ""weights"": ""uniform"", ""metric"": ""euclidean""}",
regression,Carrot,KernelPCA,k-NN,5,0.3189621567726135,0.0859008762054145,319,80,"{""n_neighbors"": 7, ""weights"": ""uniform"", ""metric"": ""euclidean""}",
regression,Carrot,KernelPCA,k-NN,6,0.0448352694511413,0.075807430781424,319,80,"{""n_neighbors"": 7, ""weights"": ""uniform"", ""metric"": ""euclidean""}",
regression,Carrot,KernelPCA,k-NN,7,0.1400609612464904,0.0842214883305132,319,80,"{""n_neighbors"": 7, ""weights"": ""uniform"", ""metric"": ""euclidean""}",
regression,Carrot,KernelPCA,k-NN,8,0.356554627418518,0.0804551187902689,319,80,"{""n_neighbors"": 7, ""weights"": ""uniform"", ""metric"": ""euclidean""}",
regression,Carrot,KernelPCA,k-NN,9,0.1285713911056518,0.088436571881175,319,80,"{""n_neighbors"": 7, ""weights"": ""uniform"", ""metric"": ""euclidean""}",
regression,Carrot,MDS,Decision tree,0,0.0973515624861323,0.8493980271741748,320,79,"{""max_depth"": 3, ""min_samples_split"": 5}",
regression,Carrot,MDS,Decision tree,1,0.3231140268013657,0.7875145208090544,319,80,"{""max_depth"": 3, ""min_samples_split"": 20}",
regression,Carrot,MDS,Decision tree,2,0.2726675047538773,0.8375010029412806,319,80,"{""max_depth"": 4, ""min_samples_split"": 20}",
regression,Carrot,MDS,Decision tree,3,0.3160024433148436,0.6717510549351573,319,80,"{""max_depth"": 3, ""min_samples_split"": 5}",
regression,Carrot,MDS,Decision tree,4,0.0079889552232536,0.7196695441380143,320,79,"{""max_depth"": 4, ""min_samples_split"": 20}",
regression,Carrot,MDS,Decision tree,5,0.3331441236933998,0.932356731966138,319,80,"{""max_depth"": 3, ""min_samples_split"": 20}",
regression,Carrot,MDS,Decision tree,6,0.1005504598274703,0.6583753554150462,319,80,"{""max_depth"": 2, ""min_samples_split"": 5}",
regression,Carrot,MDS,Decision tree,7,0.2043052052879578,0.6706137121655047,319,80,"{""max_depth"": 3, ""min_samples_split"": 20}",
regression,Carrot,MDS,Decision tree,8,0.2720670627087421,0.7872908590361476,319,80,"{""max_depth"": 3, ""min_samples_split"": 10}",
regression,Carrot,MDS,Decision tree,9,0.0551980212998352,0.7653095098212361,319,80,"{""max_depth"": 4, ""min_samples_split"": 20}",
regression,Carrot,MDS,LSTM,0,0.1662870049476623,243.5662003280595,280,79,"{""K"": 2, ""units"": 64, ""dropout"": 0.1, ""lr"": 0.001}",52.0
regression,Carrot,MDS,LSTM,1,0.3440266251564026,254.05141276307404,280,80,"{""K"": 6, ""units"": 64, ""dropout"": 0.2, ""lr"": 0.001}",47.0
regression,Carrot,MDS,LSTM,2,0.2920612692832947,245.35364846722223,279,80,"{""K"": 2, ""units"": 64, ""dropout"": 0.3, ""lr"": 0.001}",29.0
regression,Carrot,MDS,LSTM,3,0.2146214842796325,246.00905423099172,280,80,"{""K"": 2, ""units"": 32, ""dropout"": 0.2, ""lr"": 0.001}",43.0
regression,Carrot,MDS,LSTM,4,0.1631603837013244,231.93593305000104,280,79,"{""K"": 4, ""units"": 64, ""dropout"": 0.3, ""lr"": 0.001}",26.0
regression,Carrot,MDS,LSTM,5,0.3395226597785949,285.62351440498605,279,80,"{""K"": 4, ""units"": 64, ""dropout"": 0.2, ""lr"": 0.001}",76.0
regression,Carrot,MDS,LSTM,6,0.1018460988998413,309.8047584129963,280,80,"{""K"": 4, ""units"": 32, ""dropout"": 0.2, ""lr"": 0.001}",62.0
regression,Carrot,MDS,LSTM,7,0.2223641872406005,259.455874446081,279,80,"{""K"": 2, ""units"": 64, ""dropout"": 0.4, ""lr"": 0.001}",68.0
regression,Carrot,MDS,LSTM,8,0.3392931818962097,294.4176213629544,279,80,"{""K"": 2, ""units"": 64, ""dropout"": 0.2, ""lr"": 0.001}",54.0
regression,Carrot,MDS,LSTM,9,0.1692333221435547,275.7407448422164,279,80,"{""K"": 4, ""units"": 32, ""dropout"": 0.1, ""lr"": 0.001}",55.0
regression,Carrot,MDS,MLP,0,0.2843066453933716,45.1560445278883,280,79,"{""hidden"": [128, 64], ""dropout"": 0.2, ""lr"": 0.001}",48.0
regression,Carrot,MDS,MLP,1,0.1122524738311767,56.45755612617359,280,80,"{""hidden"": [128, 64], ""dropout"": 0.2, ""lr"": 0.001}",21.0
regression,Carrot,MDS,MLP,2,0.3011791706085205,41.39127779379487,279,80,"{""hidden"": [128, 64], ""dropout"": 0.2, ""lr"": 0.001}",23.0
regression,Carrot,MDS,MLP,3,0.2437913417816162,47.19578292919323,280,80,"{""hidden"": [128, 64], ""dropout"": 0.0, ""lr"": 0.001}",32.0
regression,Carrot,MDS,MLP,4,0.2113537788391113,44.0645508361049,280,79,"{""hidden"": [128, 64], ""dropout"": 0.2, ""lr"": 0.001}",25.0
regression,Carrot,MDS,MLP,5,0.3499037027359009,56.65803617797792,279,80,"{""hidden"": [128, 64], ""dropout"": 0.1, ""lr"": 0.001}",28.0
regression,Carrot,MDS,MLP,6,0.1666590571403503,44.26023549772799,280,80,"{""hidden"": [128, 64], ""dropout"": 0.2, ""lr"": 0.001}",50.0
regression,Carrot,MDS,MLP,7,0.2194176912307739,59.73240952473134,279,80,"{""hidden"": [128, 64], ""dropout"": 0.1, ""lr"": 0.001}",51.0
regression,Carrot,MDS,MLP,8,0.2459145188331604,57.551896556746215,279,80,"{""hidden"": [64, 32], ""dropout"": 0.2, ""lr"": 0.001}",25.0
regression,Carrot,MDS,MLP,9,0.1629329919815063,64.69119684491307,279,80,"{""hidden"": [128, 64], ""dropout"": 0.0, ""lr"": 0.001}",23.0
regression,Carrot,MDS,Mamba SSM,0,0.177213430404663,1247.82407838793,280,79,"{""K"": 6, ""units"": 64, ""dropout"": 0.2, ""lr"": 0.0003}",30.0
regression,Carrot,MDS,Mamba SSM,1,0.338318407535553,1338.107725859969,280,80,"{""K"": 2, ""units"": 32, ""dropout"": 0.3, ""lr"": 0.001}",50.0
regression,Carrot,MDS,Mamba SSM,2,0.2800055146217346,1181.763056128053,279,80,"{""K"": 4, ""units"": 64, ""dropout"": 0.2, ""lr"": 0.001}",42.0
regression,Carrot,MDS,Mamba SSM,3,0.2275859117507934,1100.7579176550498,280,80,"{""K"": 2, ""units"": 32, ""dropout"": 0.1, ""lr"": 0.001}",33.0
regression,Carrot,MDS,Mamba SSM,4,0.1765331029891967,1391.778438873007,280,79,"{""K"": 4, ""units"": 64, ""dropout"": 0.1, ""lr"": 0.001}",25.0
regression,Carrot,MDS,Mamba SSM,5,0.3697651624679565,1285.5736502220389,279,80,"{""K"": 6, ""units"": 64, ""dropout"": 0.3, ""lr"": 0.001}",41.0
regression,Carrot,MDS,Mamba SSM,6,0.1186612844467163,1239.3709897720255,280,80,"{""K"": 2, ""units"": 64, ""dropout"": 0.2, ""lr"": 0.001}",44.0
regression,Carrot,MDS,Mamba SSM,7,0.2048488855361938,1460.5053496048786,279,80,"{""K"": 2, ""units"": 64, ""dropout"": 0.2, ""lr"": 0.001}",47.0
regression,Carrot,MDS,Mamba SSM,8,0.3427619338035583,1262.560194168007,279,80,"{""K"": 2, ""units"": 32, ""dropout"": 0.1, ""lr"": 0.001}",37.0
regression,Carrot,MDS,Mamba SSM,9,0.1614664196968078,1342.093099253019,279,80,"{""K"": 4, ""units"": 64, ""dropout"": 0.2, ""lr"": 0.001}",50.0
regression,Carrot,MDS,RNN GRU,0,0.2036699652671814,269.1302962079644,280,79,"{""K"": 2, ""units"": 32, ""dropout"": 0.0, ""lr"": 0.001}",60.0
regression,Carrot,MDS,RNN GRU,1,0.2632359266281128,276.2605536439223,280,80,"{""K"": 4, ""units"": 32, ""dropout"": 0.3, ""lr"": 0.001}",35.0
regression,Carrot,MDS,RNN GRU,2,0.3624971508979797,286.2977604609914,279,80,"{""K"": 4, ""units"": 32, ""dropout"": 0.1, ""lr"": 0.001}",40.0
regression,Carrot,MDS,RNN GRU,3,0.1794695258140564,311.17493715591263,280,80,"{""K"": 4, ""units"": 32, ""dropout"": 0.0, ""lr"": 0.001}",32.0
regression,Carrot,MDS,RNN GRU,4,0.1579097509384155,271.36138814210426,280,79,"{""K"": 2, ""units"": 64, ""dropout"": 0.2, ""lr"": 0.001}",27.0
regression,Carrot,MDS,RNN GRU,5,0.283798336982727,317.95268725801725,279,80,"{""K"": 4, ""units"": 64, ""dropout"": 0.4, ""lr"": 0.001}",41.0
regression,Carrot,MDS,RNN GRU,6,0.137675940990448,267.2693538570311,280,80,"{""K"": 2, ""units"": 64, ""dropout"": 0.2, ""lr"": 0.001}",34.0
regression,Carrot,MDS,RNN GRU,7,0.2335026860237121,294.5014478850644,279,80,"{""K"": 2, ""units"": 32, ""dropout"": 0.1, ""lr"": 0.001}",27.0
regression,Carrot,MDS,RNN GRU,8,0.3279857635498047,267.51045713899657,279,80,"{""K"": 4, ""units"": 32, ""dropout"": 0.1, ""lr"": 0.001}",47.0
regression,Carrot,MDS,RNN GRU,9,0.1538612246513366,270.5455880629597,279,80,"{""K"": 2, ""units"": 64, ""dropout"": 0.1, ""lr"": 0.001}",53.0
regression,Carrot,MDS,Random forest,0,0.2670082614133318,7.145554088056088,320,79,"{""n_estimators"": 100, ""max_depth"": 5, ""max_features"": ""sqrt"", ""min_samples_split"": 5}",
regression,Carrot,MDS,Random forest,1,0.3695529148379534,7.053327545989305,319,80,"{""n_estimators"": 100, ""max_depth"": 5, ""max_features"": ""sqrt"", ""min_samples_split"": 10}",
regression,Carrot,MDS,Random forest,2,0.3747432603326467,7.025149403139949,319,80,"{""n_estimators"": 100, ""max_depth"": 5, ""max_features"": ""sqrt"", ""min_samples_split"": 10}",
regression,Carrot,MDS,Random forest,3,0.2995794129187694,7.995149557013065,319,80,"{""n_estimators"": 100, ""max_depth"": 5, ""max_features"": ""sqrt"", ""min_samples_split"": 2}",
regression,Carrot,MDS,Random forest,4,0.2368613853788582,7.970913475379348,320,79,"{""n_estimators"": 100, ""max_depth"": 5, ""max_features"": ""sqrt"", ""min_samples_split"": 10}",
regression,Carrot,MDS,Random forest,5,0.3482671998445326,7.922865473665297,319,80,"{""n_estimators"": 100, ""max_depth"": 5, ""max_features"": ""sqrt"", ""min_samples_split"": 10}",
regression,Carrot,MDS,Random forest,6,0.1181613776715814,7.002573398407549,319,80,"{""n_estimators"": 100, ""max_depth"": 5, ""max_features"": ""sqrt"", ""min_samples_split"": 10}",
regression,Carrot,MDS,Random forest,7,0.1785088315029631,7.108316590078175,319,80,"{""n_estimators"": 100, ""max_depth"": 5, ""max_features"": ""sqrt"", ""min_samples_split"": 10}",
regression,Carrot,MDS,Random forest,8,0.3588826687508417,8.034762640018016,319,80,"{""n_estimators"": 100, ""max_depth"": 5, ""max_features"": ""sqrt"", ""min_samples_split"": 10}",
regression,Carrot,MDS,Random forest,9,0.1441812851549386,6.976383263710886,319,80,"{""n_estimators"": 100, ""max_depth"": 5, ""max_features"": ""sqrt"", ""min_samples_split"": 10}",
regression,Carrot,MDS,TabPFN,0,0.26649010181427,17.131782334763557,320,79,"{""model"": ""tabpfn-v3-default""}",
regression,Carrot,MDS,TabPFN,1,0.3509663939476013,18.04402532614768,319,80,"{""model"": ""tabpfn-v3-default""}",
regression,Carrot,MDS,TabPFN,2,0.3526918292045593,17.113307142164558,319,80,"{""model"": ""tabpfn-v3-default""}",
regression,Carrot,MDS,TabPFN,3,0.2802409529685974,17.20284317107871,319,80,"{""model"": ""tabpfn-v3-default""}",
regression,Carrot,MDS,TabPFN,4,0.2117169499397277,17.380008953157812,320,79,"{""model"": ""tabpfn-v3-default""}",
regression,Carrot,MDS,TabPFN,5,0.3645148277282715,18.0748712499626,319,80,"{""model"": ""tabpfn-v3-default""}",
regression,Carrot,MDS,TabPFN,6,0.0979364514350891,18.488099582958966,319,80,"{""model"": ""tabpfn-v3-default""}",
regression,Carrot,MDS,TabPFN,7,0.252463698387146,18.020849706139416,319,80,"{""model"": ""tabpfn-v3-default""}",
regression,Carrot,MDS,TabPFN,8,0.3739153146743774,17.452765290159732,319,80,"{""model"": ""tabpfn-v3-default""}",
regression,Carrot,MDS,TabPFN,9,0.2010785341262817,17.94241226138547,319,80,"{""model"": ""tabpfn-v3-default""}",
regression,Carrot,MDS,k-NN,0,0.2476191520690918,0.6773636532016098,320,79,"{""n_neighbors"": 7, ""weights"": ""uniform"", ""metric"": ""euclidean""}",
regression,Carrot,MDS,k-NN,1,0.3401872515678406,0.571541478857398,319,80,"{""n_neighbors"": 7, ""weights"": ""uniform"", ""metric"": ""euclidean""}",
regression,Carrot,MDS,k-NN,2,0.3586006164550781,0.6322496719658375,319,80,"{""n_neighbors"": 7, ""weights"": ""uniform"", ""metric"": ""euclidean""}",
regression,Carrot,MDS,k-NN,3,0.3026776313781738,0.5437217690050602,319,80,"{""n_neighbors"": 7, ""weights"": ""uniform"", ""metric"": ""euclidean""}",
regression,Carrot,MDS,k-NN,4,0.2598330974578857,0.6790836309082806,320,79,"{""n_neighbors"": 7, ""weights"": ""uniform"", ""metric"": ""euclidean""}",
regression,Carrot,MDS,k-NN,5,0.3414251208305359,0.6657372917979956,319,80,"{""n_neighbors"": 7, ""weights"": ""uniform"", ""metric"": ""euclidean""}",
regression,Carrot,MDS,k-NN,6,0.0542303919792175,0.6294166631996632,319,80,"{""n_neighbors"": 7, ""weights"": ""uniform"", ""metric"": ""euclidean""}",
regression,Carrot,MDS,k-NN,7,0.1267206072807312,0.6368242502212524,319,80,"{""n_neighbors"": 7, ""weights"": ""uniform"", ""metric"": ""euclidean""}",
regression,Carrot,MDS,k-NN,8,0.3586006164550781,0.6618870920501649,319,80,"{""n_neighbors"": 7, ""weights"": ""uniform"", ""metric"": ""euclidean""}",
regression,Carrot,MDS,k-NN,9,0.140816330909729,0.6277164849452674,319,80,"{""n_neighbors"": 7, ""weights"": ""uniform"", ""metric"": ""euclidean""}",
regression,Carrot,No Reduction,Decision tree,0,0.1957234534014297,0.2632289649918675,320,79,"{""max_depth"": 5, ""min_samples_split"": 20}",
regression,Carrot,No Reduction,Decision tree,1,0.3387361507238099,0.181827655993402,319,80,"{""max_depth"": 3, ""min_samples_split"": 5}",
regression,Carrot,No Reduction,Decision tree,2,0.3810716043997825,0.2126946370117366,319,80,"{""max_depth"": 3, ""min_samples_split"": 5}",
regression,Carrot,No Reduction,Decision tree,3,0.3251492227849913,0.1523077478632331,319,80,"{""max_depth"": 3, ""min_samples_split"": 5}",
regression,Carrot,No Reduction,Decision tree,4,0.1936977987133711,0.1719681932590901,320,79,"{""max_depth"": 3, ""min_samples_split"": 5}",
regression,Carrot,No Reduction,Decision tree,5,0.3357778627349157,0.134455812163651,319,80,"{""max_depth"": 3, ""min_samples_split"": 5}",
regression,Carrot,No Reduction,Decision tree,6,0.1257183738483351,0.1474353270605206,319,80,"{""max_depth"": 3, ""min_samples_split"": 5}",
regression,Carrot,No Reduction,Decision tree,7,0.2035122236796954,0.1519514941610396,319,80,"{""max_depth"": 4, ""min_samples_split"": 5}",
regression,Carrot,No Reduction,Decision tree,8,0.3139689397638203,0.1333441901952028,319,80,"{""max_depth"": 3, ""min_samples_split"": 20}",
regression,Carrot,No Reduction,Decision tree,9,0.1214284188927502,0.1384967043995857,319,80,"{""max_depth"": 4, ""min_samples_split"": 20}",
regression,Carrot,No Reduction,LSTM,0,0.1962862014770507,193.57488813181408,280,79,"{""K"": 4, ""units"": 32, ""dropout"": 0.1, ""lr"": 0.001}",52.0
regression,Carrot,No Reduction,LSTM,1,0.3054996132850647,217.7437534420751,280,80,"{""K"": 2, ""units"": 32, ""dropout"": 0.2, ""lr"": 0.001}",31.0
regression,Carrot,No Reduction,LSTM,2,0.2222110033035278,212.16661312012,279,80,"{""K"": 4, ""units"": 32, ""dropout"": 0.2, ""lr"": 0.001}",22.0
regression,Carrot,No Reduction,LSTM,3,0.2532678842544555,231.1953578570392,280,80,"{""K"": 4, ""units"": 32, ""dropout"": 0.2, ""lr"": 0.001}",48.0
regression,Carrot,No Reduction,LSTM,4,0.2571751475334167,243.4922305678483,280,79,"{""K"": 2, ""units"": 32, ""dropout"": 0.3, ""lr"": 0.001}",50.0
regression,Carrot,No Reduction,LSTM,5,0.3039530515670776,232.49223374505527,279,80,"{""K"": 6, ""units"": 64, ""dropout"": 0.2, ""lr"": 0.001}",36.0
regression,Carrot,No Reduction,LSTM,6,0.1117532849311828,231.6839957949705,280,80,"{""K"": 2, ""units"": 64, ""dropout"": 0.2, ""lr"": 0.001}",37.0
regression,Carrot,No Reduction,LSTM,7,0.2315977811813354,218.1367604001425,279,80,"{""K"": 2, ""units"": 64, ""dropout"": 0.3, ""lr"": 0.001}",82.0
regression,Carrot,No Reduction,LSTM,8,0.3664122819900512,243.2174207321368,279,80,"{""K"": 4, ""units"": 32, ""dropout"": 0.3, ""lr"": 0.001}",60.0
regression,Carrot,No Reduction,LSTM,9,0.1721974611282348,268.8746956179384,279,80,"{""K"": 6, ""units"": 64, ""dropout"": 0.2, ""lr"": 0.001}",63.0
regression,Carrot,No Reduction,MLP,0,0.244229257106781,35.07153181871399,280,79,"{""hidden"": [128, 64], ""dropout"": 0.0, ""lr"": 0.001}",33.0
regression,Carrot,No Reduction,MLP,1,0.3248202204704284,34.38062573503703,280,80,"{""hidden"": [128, 64], ""dropout"": 0.1, ""lr"": 0.001}",50.0
regression,Carrot,No Reduction,MLP,2,0.3115468025207519,35.510266333352774,279,80,"{""hidden"": [128, 64], ""dropout"": 0.0, ""lr"": 0.001}",26.0
regression,Carrot,No Reduction,MLP,3,0.1972185969352722,36.41885218815878,280,80,"{""hidden"": [32, 16], ""dropout"": 0.1, ""lr"": 0.001}",25.0
regression,Carrot,No Reduction,MLP,4,0.2281951904296875,37.37680096365512,280,79,"{""hidden"": [64, 32], ""dropout"": 0.1, ""lr"": 0.001}",36.0
regression,Carrot,No Reduction,MLP,5,0.3659651279449463,36.7563620749861,279,80,"{""hidden"": [128, 64], ""dropout"": 0.0, ""lr"": 0.001}",31.0
regression,Carrot,No Reduction,MLP,6,0.0895332098007202,34.55363792786375,280,80,"{""hidden"": [64, 32], ""dropout"": 0.1, ""lr"": 0.001}",22.0
regression,Carrot,No Reduction,MLP,7,0.1772509813308715,41.49131483025849,279,80,"{""hidden"": [128, 64], ""dropout"": 0.0, ""lr"": 0.001}",23.0
regression,Carrot,No Reduction,MLP,8,0.2910568118095398,37.17246842896566,279,80,"{""hidden"": [128, 64], ""dropout"": 0.1, ""lr"": 0.001}",23.0
regression,Carrot,No Reduction,MLP,9,0.1902543902397155,38.44182066665962,279,80,"{""hidden"": [128, 64], ""dropout"": 0.1, ""lr"": 0.001}",41.0
regression,Carrot,No Reduction,Mamba SSM,0,0.2019112110137939,1128.9601362450048,280,79,"{""K"": 2, ""units"": 64, ""dropout"": 0.1, ""lr"": 0.001}",27.0
regression,Carrot,No Reduction,Mamba SSM,1,0.3137405514717102,1212.7490659849718,280,80,"{""K"": 2, ""units"": 64, ""dropout"": 0.2, ""lr"": 0.001}",33.0
regression,Carrot,No Reduction,Mamba SSM,2,0.3128602504730224,1288.9853799981065,279,80,"{""K"": 4, ""units"": 64, ""dropout"": 0.1, ""lr"": 0.001}",21.0
regression,Carrot,No Reduction,Mamba SSM,3,0.2257367968559265,1235.635366996983,280,80,"{""K"": 2, ""units"": 32, ""dropout"": 0.1, ""lr"": 0.001}",31.0
regression,Carrot,No Reduction,Mamba SSM,4,0.2556701302528381,1285.1598542761058,280,79,"{""K"": 6, ""units"": 64, ""dropout"": 0.1, ""lr"": 0.001}",34.0
regression,Carrot,No Reduction,Mamba SSM,5,0.3544966578483581,1303.0979906050488,279,80,"{""K"": 6, ""units"": 32, ""dropout"": 0.2, ""lr"": 0.001}",46.0
regression,Carrot,No Reduction,Mamba SSM,6,0.0972523689270019,1195.610710917972,280,80,"{""K"": 2, ""units"": 32, ""dropout"": 0.2, ""lr"": 0.001}",44.0
regression,Carrot,No Reduction,Mamba SSM,7,0.234804630279541,1266.3256271011196,279,80,"{""K"": 4, ""units"": 64, ""dropout"": 0.0, ""lr"": 0.001}",39.0
regression,Carrot,No Reduction,Mamba SSM,8,0.3476209044456482,1230.6072123143822,279,80,"{""K"": 2, ""units"": 64, ""dropout"": 0.2, ""lr"": 0.001}",27.0
regression,Carrot,No Reduction,Mamba SSM,9,0.2119753360748291,1431.4836956802756,279,80,"{""K"": 2, ""units"": 64, ""dropout"": 0.4, ""lr"": 0.001}",34.0
regression,Carrot,No Reduction,RNN GRU,0,0.1623982787132263,231.23233155207708,280,79,"{""K"": 6, ""units"": 64, ""dropout"": 0.1, ""lr"": 0.001}",35.0
regression,Carrot,No Reduction,RNN GRU,1,0.2109246850013733,233.552587814047,280,80,"{""K"": 6, ""units"": 64, ""dropout"": 0.3, ""lr"": 0.001}",25.0
regression,Carrot,No Reduction,RNN GRU,2,0.2592434287071228,227.84070759802125,279,80,"{""K"": 4, ""units"": 64, ""dropout"": 0.1, ""lr"": 0.001}",25.0
regression,Carrot,No Reduction,RNN GRU,3,0.2308396100997924,247.25879594800065,280,80,"{""K"": 2, ""units"": 64, ""dropout"": 0.1, ""lr"": 0.001}",27.0
regression,Carrot,No Reduction,RNN GRU,4,0.1980233788490295,240.12414839607663,280,79,"{""K"": 6, ""units"": 32, ""dropout"": 0.2, ""lr"": 0.001}",79.0
regression,Carrot,No Reduction,RNN GRU,5,0.3296874761581421,245.17316079395823,279,80,"{""K"": 6, ""units"": 64, ""dropout"": 0.2, ""lr"": 0.001}",48.0
regression,Carrot,No Reduction,RNN GRU,6,0.0855640769004821,238.6968072099844,280,80,"{""K"": 2, ""units"": 32, ""dropout"": 0.2, ""lr"": 0.001}",26.0
regression,Carrot,No Reduction,RNN GRU,7,0.2415840625762939,263.7216237260727,279,80,"{""K"": 2, ""units"": 64, ""dropout"": 0.4, ""lr"": 0.001}",68.0
regression,Carrot,No Reduction,RNN GRU,8,0.142418622970581,245.03603204409592,279,80,"{""K"": 4, ""units"": 32, ""dropout"": 0.1, ""lr"": 0.001}",24.0
regression,Carrot,No Reduction,RNN GRU,9,0.1559349298477172,237.0119596249424,279,80,"{""K"": 6, ""units"": 32, ""dropout"": 0.1, ""lr"": 0.001}",34.0
regression,Carrot,No Reduction,Random forest,0,0.2803273200275639,6.029270907863975,320,79,"{""n_estimators"": 100, ""max_depth"": 5, ""max_features"": ""log2"", ""min_samples_split"": 10}",
regression,Carrot,No Reduction,Random forest,1,0.3662052324076651,7.223995256237686,319,80,"{""n_estimators"": 100, ""max_depth"": 5, ""max_features"": ""log2"", ""min_samples_split"": 10}",
regression,Carrot,No Reduction,Random forest,2,0.3743137116254318,6.018042090814561,319,80,"{""n_estimators"": 100, ""max_depth"": 5, ""max_features"": ""sqrt"", ""min_samples_split"": 10}",
regression,Carrot,No Reduction,Random forest,3,0.3076641242198469,7.471694208215922,319,80,"{""n_estimators"": 100, ""max_depth"": 5, ""max_features"": ""sqrt"", ""min_samples_split"": 10}",
regression,Carrot,No Reduction,Random forest,4,0.2516088757294575,7.099085242953152,320,79,"{""n_estimators"": 100, ""max_depth"": 5, ""max_features"": ""log2"", ""min_samples_split"": 10}",
regression,Carrot,No Reduction,Random forest,5,0.3609474792588565,7.498606759123504,319,80,"{""n_estimators"": 100, ""max_depth"": 5, ""max_features"": ""log2"", ""min_samples_split"": 10}",
regression,Carrot,No Reduction,Random forest,6,0.1371562849036506,7.040838205721229,319,80,"{""n_estimators"": 100, ""max_depth"": 5, ""max_features"": ""log2"", ""min_samples_split"": 10}",
regression,Carrot,No Reduction,Random forest,7,0.2095927936872048,6.849258908070624,319,80,"{""n_estimators"": 100, ""max_depth"": 5, ""max_features"": ""log2"", ""min_samples_split"": 10}",
regression,Carrot,No Reduction,Random forest,8,0.3628039684879074,6.886514716781676,319,80,"{""n_estimators"": 100, ""max_depth"": 5, ""max_features"": ""sqrt"", ""min_samples_split"": 10}",
regression,Carrot,No Reduction,Random forest,9,0.1593501540043899,6.065872960258275,319,80,"{""n_estimators"": 100, ""max_depth"": 5, ""max_features"": ""log2"", ""min_samples_split"": 2}",
regression,Carrot,No Reduction,TabPFN,0,0.2638899087905884,45.57526071975008,320,79,"{""model"": ""tabpfn-v3-default""}",
regression,Carrot,No Reduction,TabPFN,1,0.340367317199707,45.88229475682601,319,80,"{""model"": ""tabpfn-v3-default""}",
regression,Carrot,No Reduction,TabPFN,2,0.3492573499679565,44.23553034290671,319,80,"{""model"": ""tabpfn-v3-default""}",
regression,Carrot,No Reduction,TabPFN,3,0.2800136804580688,46.1737026758492,319,80,"{""model"": ""tabpfn-v3-default""}",
regression,Carrot,No Reduction,TabPFN,4,0.2320330142974853,43.88950965227559,320,79,"{""model"": ""tabpfn-v3-default""}",
regression,Carrot,No Reduction,TabPFN,5,0.3495616912841797,45.65773021103814,319,80,"{""model"": ""tabpfn-v3-default""}",
regression,Carrot,No Reduction,TabPFN,6,0.1070755124092102,46.35303569724783,319,80,"{""model"": ""tabpfn-v3-default""}",
regression,Carrot,No Reduction,TabPFN,7,0.2577534914016723,46.89286015089601,319,80,"{""model"": ""tabpfn-v3-default""}",
regression,Carrot,No Reduction,TabPFN,8,0.3547796607017517,46.162730725016445,319,80,"{""model"": ""tabpfn-v3-default""}",
regression,Carrot,No Reduction,TabPFN,9,0.1993370056152343,45.53390207607299,319,80,"{""model"": ""tabpfn-v3-default""}",
regression,Carrot,No Reduction,k-NN,0,0.2527865767478943,0.0344705991446971,320,79,"{""n_neighbors"": 7, ""weights"": ""uniform"", ""metric"": ""euclidean""}",
regression,Carrot,No Reduction,k-NN,1,0.3412102460861206,0.0318865617737174,319,80,"{""n_neighbors"": 7, ""weights"": ""uniform"", ""metric"": ""euclidean""}",
regression,Carrot,No Reduction,k-NN,2,0.3207508325576782,0.0365793518722057,319,80,"{""n_neighbors"": 7, ""weights"": ""uniform"", ""metric"": ""euclidean""}",
regression,Carrot,No Reduction,k-NN,3,0.2744923830032348,0.0544192572124302,319,80,"{""n_neighbors"": 7, ""weights"": ""uniform"", ""metric"": ""euclidean""}",
regression,Carrot,No Reduction,k-NN,4,0.233660340309143,0.0280459220521152,320,79,"{""n_neighbors"": 7, ""weights"": ""uniform"", ""metric"": ""euclidean""}",
regression,Carrot,No Reduction,k-NN,5,0.3046674728393554,0.0339221036992967,319,80,"{""n_neighbors"": 7, ""weights"": ""uniform"", ""metric"": ""euclidean""}",
regression,Carrot,No Reduction,k-NN,6,0.0469231009483337,0.0337333916686475,319,80,"{""n_neighbors"": 7, ""weights"": ""uniform"", ""metric"": ""euclidean""}",
regression,Carrot,No Reduction,k-NN,7,0.144165813922882,0.0444598542526364,319,80,"{""n_neighbors"": 7, ""weights"": ""uniform"", ""metric"": ""euclidean""}",
regression,Carrot,No Reduction,k-NN,8,0.3555316925048828,0.0280732428655028,319,80,"{""n_neighbors"": 7, ""weights"": ""uniform"", ""metric"": ""euclidean""}",
regression,Carrot,No Reduction,k-NN,9,0.1397959589958191,0.0348584037274122,319,80,"{""n_neighbors"": 7, ""weights"": ""uniform"", ""metric"": ""euclidean""}",
regression,Carrot,PCA,Decision tree,0,0.3068454046694019,0.1386511060409248,320,79,"{""max_depth"": 3, ""min_samples_split"": 5}",
regression,Carrot,PCA,Decision tree,1,0.2493942036450649,0.1356559838168323,319,80,"{""max_depth"": 2, ""min_samples_split"": 5}",
regression,Carrot,PCA,Decision tree,2,0.2566967871160008,0.1174833849072456,319,80,"{""max_depth"": 2, ""min_samples_split"": 5}",
regression,Carrot,PCA,Decision tree,3,0.256610303063267,0.1218380210921168,319,80,"{""max_depth"": 4, ""min_samples_split"": 5}",
regression,Carrot,PCA,Decision tree,4,0.2088044360904621,0.1120825591497123,320,79,"{""max_depth"": 3, ""min_samples_split"": 10}",
regression,Carrot,PCA,Decision tree,5,0.3458477948034844,0.110602883156389,319,80,"{""max_depth"": 2, ""min_samples_split"": 5}",
regression,Carrot,PCA,Decision tree,6,0.1495276001452096,0.111245070118457,319,80,"{""max_depth"": 3, ""min_samples_split"": 5}",
regression,Carrot,PCA,Decision tree,7,0.3298442487063139,0.1118078758008778,319,80,"{""max_depth"": 3, ""min_samples_split"": 10}",
regression,Carrot,PCA,Decision tree,8,0.2754172277229079,0.1339524863287806,319,80,"{""max_depth"": 2, ""min_samples_split"": 5}",
regression,Carrot,PCA,Decision tree,9,0.1155577275260881,0.1319248359650373,319,80,"{""max_depth"": 4, ""min_samples_split"": 20}",
regression,Carrot,PCA,LSTM,0,0.1920278668403625,233.73065263498572,280,79,"{""K"": 2, ""units"": 64, ""dropout"": 0.3, ""lr"": 0.001}",87.0
regression,Carrot,PCA,LSTM,1,0.3206335306167602,220.88871384691447,280,80,"{""K"": 2, ""units"": 64, ""dropout"": 0.1, ""lr"": 0.001}",37.0
regression,Carrot,PCA,LSTM,2,0.1040576696395874,241.83965563192032,279,80,"{""K"": 2, ""units"": 64, ""dropout"": 0.3, ""lr"": 0.001}",23.0
regression,Carrot,PCA,LSTM,3,0.266011118888855,238.2094963958953,280,80,"{""K"": 2, ""units"": 64, ""dropout"": 0.4, ""lr"": 0.001}",40.0
regression,Carrot,PCA,LSTM,4,0.145685076713562,277.9530852739699,280,79,"{""K"": 2, ""units"": 64, ""dropout"": 0.1, ""lr"": 0.001}",26.0
regression,Carrot,PCA,LSTM,5,0.33566814661026,222.41935559501871,279,80,"{""K"": 4, ""units"": 64, ""dropout"": 0.2, ""lr"": 0.001}",48.0
regression,Carrot,PCA,LSTM,6,0.1288020610809326,281.0098402209114,280,80,"{""K"": 2, ""units"": 32, ""dropout"": 0.0, ""lr"": 0.0003}",59.0
regression,Carrot,PCA,LSTM,7,0.2597568035125732,264.34054239606485,279,80,"{""K"": 2, ""units"": 64, ""dropout"": 0.2, ""lr"": 0.001}",44.0
regression,Carrot,PCA,LSTM,8,0.3642341494560241,283.024721683003,279,80,"{""K"": 6, ""units"": 64, ""dropout"": 0.1, ""lr"": 0.001}",51.0
regression,Carrot,PCA,LSTM,9,0.1544646024703979,296.8006816999987,279,80,"{""K"": 2, ""units"": 64, ""dropout"": 0.3, ""lr"": 0.001}",65.0
regression,Carrot,PCA,MLP,0,0.2433840632438659,43.59393586823717,280,79,"{""hidden"": [128, 64], ""dropout"": 0.2, ""lr"": 0.001}",38.0
regression,Carrot,PCA,MLP,1,0.3488438129425049,36.41745039727539,280,80,"{""hidden"": [128, 64], ""dropout"": 0.0, ""lr"": 0.001}",21.0
regression,Carrot,PCA,MLP,2,0.2375646233558654,37.03895990690216,279,80,"{""hidden"": [128, 64], ""dropout"": 0.1, ""lr"": 0.001}",21.0
regression,Carrot,PCA,MLP,3,0.2415418624877929,49.64734719134867,280,80,"{""hidden"": [128, 64], ""dropout"": 0.0, ""lr"": 0.001}",50.0
regression,Carrot,PCA,MLP,4,0.2334433197975158,45.06022721482441,280,79,"{""hidden"": [128, 64], ""dropout"": 0.3, ""lr"": 0.001}",55.0
regression,Carrot,PCA,MLP,5,0.3643375039100647,43.55802311608568,279,80,"{""hidden"": [128, 64], ""dropout"": 0.2, ""lr"": 0.001}",34.0
regression,Carrot,PCA,MLP,6,0.1380838751792907,39.99073535995558,280,80,"{""hidden"": [128, 64], ""dropout"": 0.0, ""lr"": 0.001}",36.0
regression,Carrot,PCA,MLP,7,0.2412983179092407,42.55312523199245,279,80,"{""hidden"": [128, 64], ""dropout"": 0.0, ""lr"": 0.001}",43.0
regression,Carrot,PCA,MLP,8,0.3494770526885986,48.93088072258979,279,80,"{""hidden"": [64, 32], ""dropout"": 0.0, ""lr"": 0.001}",69.0
regression,Carrot,PCA,MLP,9,0.1674572229385376,51.97175132622942,279,80,"{""hidden"": [128, 64], ""dropout"": 0.1, ""lr"": 0.001}",39.0
regression,Carrot,PCA,Mamba SSM,0,0.2326976060867309,1089.861606986029,280,79,"{""K"": 4, ""units"": 32, ""dropout"": 0.1, ""lr"": 0.001}",28.0
regression,Carrot,PCA,Mamba SSM,1,0.3530493974685669,1309.914768257062,280,80,"{""K"": 2, ""units"": 32, ""dropout"": 0.2, ""lr"": 0.001}",56.0
regression,Carrot,PCA,Mamba SSM,2,0.325552761554718,1235.590566165978,279,80,"{""K"": 2, ""units"": 64, ""dropout"": 0.1, ""lr"": 0.001}",44.0
regression,Carrot,PCA,Mamba SSM,3,0.1493982076644897,1253.5437410039594,280,80,"{""K"": 2, ""units"": 64, ""dropout"": 0.1, ""lr"": 0.0003}",25.0
regression,Carrot,PCA,Mamba SSM,4,0.2440775036811828,1291.2305730020162,280,79,"{""K"": 4, ""units"": 64, ""dropout"": 0.3, ""lr"": 0.001}",36.0
regression,Carrot,PCA,Mamba SSM,5,0.3594894409179687,1210.7286030938849,279,80,"{""K"": 2, ""units"": 32, ""dropout"": 0.2, ""lr"": 0.001}",41.0
regression,Carrot,PCA,Mamba SSM,6,0.1118170619010925,1167.4413609672338,280,80,"{""K"": 4, ""units"": 64, ""dropout"": 0.2, ""lr"": 0.001}",39.0
regression,Carrot,PCA,Mamba SSM,7,0.2566859722137451,1284.0927503481507,279,80,"{""K"": 4, ""units"": 64, ""dropout"": 0.2, ""lr"": 0.001}",24.0
regression,Carrot,PCA,Mamba SSM,8,0.2339732050895691,1293.4091356205754,279,80,"{""K"": 6, ""units"": 32, ""dropout"": 0.3, ""lr"": 0.001}",22.0
regression,Carrot,PCA,Mamba SSM,9,0.1684595942497253,1253.4701171279885,279,80,"{""K"": 4, ""units"": 32, ""dropout"": 0.3, ""lr"": 0.001}",61.0
regression,Carrot,PCA,RNN GRU,0,0.173017680644989,361.8009596760385,280,79,"{""K"": 4, ""units"": 64, ""dropout"": 0.1, ""lr"": 0.001}",35.0
regression,Carrot,PCA,RNN GRU,1,0.2779751420021057,251.13982473500076,280,80,"{""K"": 4, ""units"": 64, ""dropout"": 0.4, ""lr"": 0.001}",42.0
regression,Carrot,PCA,RNN GRU,2,0.0788800120353698,249.56430983706375,279,80,"{""K"": 2, ""units"": 32, ""dropout"": 0.2, ""lr"": 0.001}",23.0
regression,Carrot,PCA,RNN GRU,3,0.1910902857780456,270.50335827993695,280,80,"{""K"": 2, ""units"": 32, ""dropout"": 0.2, ""lr"": 0.001}",27.0
regression,Carrot,PCA,RNN GRU,4,0.2102965712547302,288.64597181696445,280,79,"{""K"": 6, ""units"": 32, ""dropout"": 0.3, ""lr"": 0.001}",30.0
regression,Carrot,PCA,RNN GRU,5,0.2944160103797912,352.2680033269571,279,80,"{""K"": 4, ""units"": 64, ""dropout"": 0.3, ""lr"": 0.001}",43.0
regression,Carrot,PCA,RNN GRU,6,0.1257779598236084,287.5910428930074,280,80,"{""K"": 4, ""units"": 32, ""dropout"": 0.1, ""lr"": 0.001}",89.0
regression,Carrot,PCA,RNN GRU,7,0.2669380903244018,266.20759454602376,279,80,"{""K"": 6, ""units"": 32, ""dropout"": 0.0, ""lr"": 0.0003}",71.0
regression,Carrot,PCA,RNN GRU,8,0.3481667637825012,263.1031200800789,279,80,"{""K"": 6, ""units"": 64, ""dropout"": 0.3, ""lr"": 0.001}",53.0
regression,Carrot,PCA,RNN GRU,9,0.1699914932250976,308.7922737420304,279,80,"{""K"": 2, ""units"": 64, ""dropout"": 0.2, ""lr"": 0.001}",49.0
regression,Carrot,PCA,Random forest,0,0.2647914721591716,5.888469859957695,320,79,"{""n_estimators"": 100, ""max_depth"": 5, ""max_features"": ""sqrt"", ""min_samples_split"": 10}",
regression,Carrot,PCA,Random forest,1,0.3556504610587059,5.902739388868213,319,80,"{""n_estimators"": 100, ""max_depth"": 5, ""max_features"": ""sqrt"", ""min_samples_split"": 10}",
regression,Carrot,PCA,Random forest,2,0.3649540894207097,5.905283365864307,319,80,"{""n_estimators"": 100, ""max_depth"": 5, ""max_features"": ""sqrt"", ""min_samples_split"": 10}",
regression,Carrot,PCA,Random forest,3,0.3099784265109098,5.833293464966118,319,80,"{""n_estimators"": 100, ""max_depth"": 5, ""max_features"": ""sqrt"", ""min_samples_split"": 10}",
regression,Carrot,PCA,Random forest,4,0.2463938255461142,5.8312503839842975,320,79,"{""n_estimators"": 100, ""max_depth"": 5, ""max_features"": ""sqrt"", ""min_samples_split"": 10}",
regression,Carrot,PCA,Random forest,5,0.347557945663867,5.864999945741147,319,80,"{""n_estimators"": 100, ""max_depth"": 5, ""max_features"": ""sqrt"", ""min_samples_split"": 10}",
regression,Carrot,PCA,Random forest,6,0.0920067418141048,5.826277111656964,319,80,"{""n_estimators"": 100, ""max_depth"": 5, ""max_features"": ""sqrt"", ""min_samples_split"": 10}",
regression,Carrot,PCA,Random forest,7,0.1916500371103163,5.870206868741661,319,80,"{""n_estimators"": 100, ""max_depth"": 5, ""max_features"": ""sqrt"", ""min_samples_split"": 10}",
regression,Carrot,PCA,Random forest,8,0.3562458397421916,6.930661077145487,319,80,"{""n_estimators"": 100, ""max_depth"": 5, ""max_features"": ""sqrt"", ""min_samples_split"": 10}",
regression,Carrot,PCA,Random forest,9,0.1479871228391905,6.742938939947635,319,80,"{""n_estimators"": 100, ""max_depth"": 5, ""max_features"": ""sqrt"", ""min_samples_split"": 10}",
regression,Carrot,PCA,TabPFN,0,0.2580820322036743,14.755706999916583,320,79,"{""model"": ""tabpfn-v3-default""}",
regression,Carrot,PCA,TabPFN,1,0.3275114297866821,14.648706926964223,319,80,"{""model"": ""tabpfn-v3-default""}",
regression,Carrot,PCA,TabPFN,2,0.3444252014160156,14.255303089041265,319,80,"{""model"": ""tabpfn-v3-default""}",
regression,Carrot,PCA,TabPFN,3,0.2901973724365234,14.207382016815243,319,80,"{""model"": ""tabpfn-v3-default""}",
regression,Carrot,PCA,TabPFN,4,0.2257032990455627,14.315790712833405,320,79,"{""model"": ""tabpfn-v3-default""}",
regression,Carrot,PCA,TabPFN,5,0.371694803237915,14.884441514965149,319,80,"{""model"": ""tabpfn-v3-default""}",
regression,Carrot,PCA,TabPFN,6,0.0900200009346008,14.613576455973089,319,80,"{""model"": ""tabpfn-v3-default""}",
regression,Carrot,PCA,TabPFN,7,0.2556470036506653,15.133312995079905,319,80,"{""model"": ""tabpfn-v3-default""}",
regression,Carrot,PCA,TabPFN,8,0.360589325428009,14.970833697821943,319,80,"{""model"": ""tabpfn-v3-default""}",
regression,Carrot,PCA,TabPFN,9,0.200883686542511,15.221947407349944,319,80,"{""model"": ""tabpfn-v3-default""}",
regression,Carrot,PCA,k-NN,0,0.2300497889518737,0.0665025128982961,320,79,"{""n_neighbors"": 7, ""weights"": ""uniform"", ""metric"": ""euclidean""}",
regression,Carrot,PCA,k-NN,1,0.3309805989265442,0.0634535020217299,319,80,"{""n_neighbors"": 7, ""weights"": ""uniform"", ""metric"": ""euclidean""}",
regression,Carrot,PCA,k-NN,2,0.3309805393218994,0.0633564409799873,319,80,"{""n_neighbors"": 7, ""weights"": ""uniform"", ""metric"": ""euclidean""}",
regression,Carrot,PCA,k-NN,3,0.2744923830032348,0.0623155999928712,319,80,"{""n_neighbors"": 7, ""weights"": ""uniform"", ""metric"": ""euclidean""}",
regression,Carrot,PCA,k-NN,4,0.2462232708930969,0.0621582390740513,320,79,"{""n_neighbors"": 7, ""weights"": ""uniform"", ""metric"": ""euclidean""}",
regression,Carrot,PCA,k-NN,5,0.3128358125686645,0.0976164080202579,319,80,"{""n_neighbors"": 7, ""weights"": ""uniform"", ""metric"": ""euclidean""}",
regression,Carrot,PCA,k-NN,6,0.0406597852706909,0.059114936273545,319,80,"{""n_neighbors"": 7, ""weights"": ""uniform"", ""metric"": ""euclidean""}",
regression,Carrot,PCA,k-NN,7,0.1400609612464904,0.0597413731738925,319,80,"{""n_neighbors"": 7, ""weights"": ""uniform"", ""metric"": ""euclidean""}",
regression,Carrot,PCA,k-NN,8,0.3596235513687134,0.1032327758148312,319,80,"{""n_neighbors"": 7, ""weights"": ""uniform"", ""metric"": ""euclidean""}",
regression,Carrot,PCA,k-NN,9,0.1234694719314575,0.0630352669395506,319,80,"{""n_neighbors"": 7, ""weights"": ""uniform"", ""metric"": ""euclidean""}",
regression,Lettuce,BOTCAST,Decision tree,0,0.5109127782882343,0.0880897492170333,426,114,"{""max_depth"": 5, ""min_samples_split"": 5}",
regression,Lettuce,BOTCAST,Decision tree,1,0.4994650975863979,0.0749549213796854,431,109,"{""max_depth"": 5, ""min_samples_split"": 5}",
regression,Lettuce,BOTCAST,Decision tree,2,0.4318994701935357,0.0728397201746702,428,112,"{""max_depth"": 5, ""min_samples_split"": 5}",
regression,Lettuce,BOTCAST,Decision tree,3,0.4394000852324117,0.1321834390982985,425,115,"{""max_depth"": 5, ""min_samples_split"": 5}",
regression,Lettuce,BOTCAST,Decision tree,4,0.5597394653926859,0.0831338572315871,439,101,"{""max_depth"": 5, ""min_samples_split"": 5}",
regression,Lettuce,BOTCAST,Decision tree,5,0.3754874513121971,0.0870513282716274,442,98,"{""max_depth"": 5, ""min_samples_split"": 20}",
regression,Lettuce,BOTCAST,Decision tree,6,0.3210211710166505,0.0850982568226754,437,103,"{""max_depth"": 5, ""min_samples_split"": 5}",
regression,Lettuce,BOTCAST,Decision tree,7,0.5295181177597161,0.087386311031878,429,111,"{""max_depth"": 4, ""min_samples_split"": 5}",
regression,Lettuce,BOTCAST,Decision tree,8,0.4461835468184013,0.083924985025078,436,104,"{""max_depth"": 5, ""min_samples_split"": 5}",
regression,Lettuce,BOTCAST,Decision tree,9,0.5353737185119083,0.0834015300497412,439,101,"{""max_depth"": 5, ""min_samples_split"": 5}",
regression,Lettuce,BOTCAST,LSTM,0,0.6790919899940491,518.5631368330214,368,114,"{""K"": 4, ""units"": 64, ""dropout"": 0.3, ""lr"": 0.001}",96.0
regression,Lettuce,BOTCAST,LSTM,1,0.7380917072296143,432.9373278620187,376,109,"{""K"": 4, ""units"": 64, ""dropout"": 0.1, ""lr"": 0.001}",41.0
regression,Lettuce,BOTCAST,LSTM,2,0.6535112857818604,523.0524298439268,377,112,"{""K"": 6, ""units"": 64, ""dropout"": 0.0, ""lr"": 0.0003}",185.0
regression,Lettuce,BOTCAST,LSTM,3,0.7270915508270264,444.4157789070159,369,115,"{""K"": 4, ""units"": 64, ""dropout"": 0.1, ""lr"": 0.001}",62.0
regression,Lettuce,BOTCAST,LSTM,4,0.7107141017913818,455.7190731149167,382,101,"{""K"": 4, ""units"": 64, ""dropout"": 0.1, ""lr"": 0.001}",47.0
regression,Lettuce,BOTCAST,LSTM,5,0.6743130087852478,575.0594278292265,389,98,"{""K"": 4, ""units"": 32, ""dropout"": 0.0, ""lr"": 0.001}",52.0
regression,Lettuce,BOTCAST,LSTM,6,0.6516380310058594,537.2512735771015,385,103,"{""K"": 4, ""units"": 64, ""dropout"": 0.1, ""lr"": 0.001}",70.0
regression,Lettuce,BOTCAST,LSTM,7,0.6834462285041809,428.1284268889576,374,111,"{""K"": 4, ""units"": 32, ""dropout"": 0.1, ""lr"": 0.001}",52.0
regression,Lettuce,BOTCAST,LSTM,8,0.6144519448280334,547.4043074001092,383,104,"{""K"": 4, ""units"": 64, ""dropout"": 0.1, ""lr"": 0.001}",84.0
regression,Lettuce,BOTCAST,LSTM,9,0.6567766666412354,473.1765767838806,392,101,"{""K"": 4, ""units"": 32, ""dropout"": 0.0, ""lr"": 0.001}",50.0
regression,Lettuce,BOTCAST,MLP,0,0.5572813749313354,215.21864433819428,368,114,"{""hidden"": [64, 32], ""dropout"": 0.0, ""lr"": 0.001}",104.0
regression,Lettuce,BOTCAST,MLP,1,0.5472626090049744,172.3860853780061,376,109,"{""hidden"": [128, 64], ""dropout"": 0.0, ""lr"": 0.001}",48.0
regression,Lettuce,BOTCAST,MLP,2,0.5379748344421387,179.0903365770355,377,112,"{""hidden"": [128, 64], ""dropout"": 0.0, ""lr"": 0.001}",128.0
regression,Lettuce,BOTCAST,MLP,3,0.5002480745315552,215.0270279953256,369,115,"{""hidden"": [128, 64], ""dropout"": 0.1, ""lr"": 0.001}",178.0
regression,Lettuce,BOTCAST,MLP,4,0.5929441452026367,220.85673594707623,382,101,"{""hidden"": [128, 64], ""dropout"": 0.2, ""lr"": 0.001}",140.0
regression,Lettuce,BOTCAST,MLP,5,0.5774711966514587,179.3311910093762,389,98,"{""hidden"": [128, 64], ""dropout"": 0.2, ""lr"": 0.001}",75.0
regression,Lettuce,BOTCAST,MLP,6,0.4598802328109741,164.27560485200956,385,103,"{""hidden"": [128, 64], ""dropout"": 0.0, ""lr"": 0.001}",40.0
regression,Lettuce,BOTCAST,MLP,7,0.4585104584693908,197.20328063890335,374,111,"{""hidden"": [128, 64], ""dropout"": 0.1, ""lr"": 0.001}",66.0
regression,Lettuce,BOTCAST,MLP,8,0.5159222483634949,231.27662154799327,383,104,"{""hidden"": [128, 64], ""dropout"": 0.1, ""lr"": 0.001}",84.0
regression,Lettuce,BOTCAST,MLP,9,0.6078993082046509,198.5844096271321,392,101,"{""hidden"": [128, 64], ""dropout"": 0.0, ""lr"": 0.001}",145.0
regression,Lettuce,BOTCAST,Mamba SSM,0,0.6290943622589111,1447.082700673025,368,114,"{""K"": 2, ""units"": 32, ""dropout"": 0.2, ""lr"": 0.001}",24.0
regression,Lettuce,BOTCAST,Mamba SSM,1,0.7591570615768433,1682.0778632109286,376,109,"{""K"": 4, ""units"": 64, ""dropout"": 0.3, ""lr"": 0.0003}",52.0
regression,Lettuce,BOTCAST,Mamba SSM,2,0.6619890928268433,1336.3222744599916,377,112,"{""K"": 2, ""units"": 64, ""dropout"": 0.1, ""lr"": 0.001}",28.0
regression,Lettuce,BOTCAST,Mamba SSM,3,0.7447391748428345,1558.8587600010214,369,115,"{""K"": 4, ""units"": 32, ""dropout"": 0.2, ""lr"": 0.001}",34.0
regression,Lettuce,BOTCAST,Mamba SSM,4,0.7495989799499512,1722.420738228015,382,101,"{""K"": 4, ""units"": 64, ""dropout"": 0.1, ""lr"": 0.0003}",31.0
regression,Lettuce,BOTCAST,Mamba SSM,5,0.6503494381904602,1681.88392616692,389,98,"{""K"": 6, ""units"": 64, ""dropout"": 0.1, ""lr"": 0.001}",22.0
regression,Lettuce,BOTCAST,Mamba SSM,6,0.6816298961639404,1576.3808418728877,385,103,"{""K"": 2, ""units"": 64, ""dropout"": 0.1, ""lr"": 0.0003}",28.0
regression,Lettuce,BOTCAST,Mamba SSM,7,0.704542875289917,1524.2924765001517,374,111,"{""K"": 2, ""units"": 64, ""dropout"": 0.2, ""lr"": 0.001}",77.0
regression,Lettuce,BOTCAST,Mamba SSM,8,0.6249744892120361,1865.1218448330185,383,104,"{""K"": 6, ""units"": 64, ""dropout"": 0.0, ""lr"": 0.0003}",65.0
regression,Lettuce,BOTCAST,Mamba SSM,9,0.6376581192016602,1522.8728988110088,392,101,"{""K"": 6, ""units"": 32, ""dropout"": 0.0, ""lr"": 0.001}",43.0
regression,Lettuce,BOTCAST,RNN GRU,0,0.71421217918396,546.6862015110673,368,114,"{""K"": 4, ""units"": 64, ""dropout"": 0.1, ""lr"": 0.001}",79.0
regression,Lettuce,BOTCAST,RNN GRU,1,0.7419491410255432,615.0966504960088,376,109,"{""K"": 4, ""units"": 32, ""dropout"": 0.0, ""lr"": 0.001}",76.0
regression,Lettuce,BOTCAST,RNN GRU,2,0.6540850400924683,754.2712239680113,377,112,"{""K"": 6, ""units"": 64, ""dropout"": 0.2, ""lr"": 0.001}",106.0
regression,Lettuce,BOTCAST,RNN GRU,3,0.7339797019958496,559.6398032269208,369,115,"{""K"": 4, ""units"": 64, ""dropout"": 0.1, ""lr"": 0.001}",58.0
regression,Lettuce,BOTCAST,RNN GRU,4,0.7358025312423706,600.9270062660798,382,101,"{""K"": 6, ""units"": 64, ""dropout"": 0.2, ""lr"": 0.001}",89.0
regression,Lettuce,BOTCAST,RNN GRU,5,0.6782057285308838,609.9239261199255,389,98,"{""K"": 6, ""units"": 32, ""dropout"": 0.0, ""lr"": 0.0003}",136.0
regression,Lettuce,BOTCAST,RNN GRU,6,0.6821174621582031,624.1498144629877,385,103,"{""K"": 6, ""units"": 64, ""dropout"": 0.1, ""lr"": 0.001}",63.0
regression,Lettuce,BOTCAST,RNN GRU,7,0.6726967692375183,520.4152673080098,374,111,"{""K"": 4, ""units"": 32, ""dropout"": 0.0, ""lr"": 0.001}",50.0
regression,Lettuce,BOTCAST,RNN GRU,8,0.6359577178955078,594.1765118730254,383,104,"{""K"": 4, ""units"": 64, ""dropout"": 0.1, ""lr"": 0.001}",87.0
regression,Lettuce,BOTCAST,RNN GRU,9,0.6338861584663391,557.5674781840062,392,101,"{""K"": 4, ""units"": 64, ""dropout"": 0.1, ""lr"": 0.001}",44.0
regression,Lettuce,BOTCAST,Random forest,0,0.6285085882113117,6.014828528743237,426,114,"{""n_estimators"": 100, ""max_depth"": null, ""max_features"": ""sqrt"", ""min_samples_split"": 10}",
regression,Lettuce,BOTCAST,Random forest,1,0.5947930865941768,5.839476214721799,431,109,"{""n_estimators"": 100, ""max_depth"": null, ""max_features"": ""sqrt"", ""min_samples_split"": 2}",
regression,Lettuce,BOTCAST,Random forest,2,0.528158616069837,5.247054771985859,428,112,"{""n_estimators"": 100, ""max_depth"": 10, ""max_features"": ""sqrt"", ""min_samples_split"": 10}",
regression,Lettuce,BOTCAST,Random forest,3,0.5060874291271836,5.918350340798497,425,115,"{""n_estimators"": 100, ""max_depth"": 10, ""max_features"": ""sqrt"", ""min_samples_split"": 10}",
regression,Lettuce,BOTCAST,Random forest,4,0.6133709469371235,5.1433251281268895,439,101,"{""n_estimators"": 100, ""max_depth"": 10, ""max_features"": ""sqrt"", ""min_samples_split"": 2}",
regression,Lettuce,BOTCAST,Random forest,5,0.5874844265849875,5.8853413560427725,442,98,"{""n_estimators"": 100, ""max_depth"": 10, ""max_features"": ""sqrt"", ""min_samples_split"": 10}",
regression,Lettuce,BOTCAST,Random forest,6,0.4871407057563491,5.2122116181999445,437,103,"{""n_estimators"": 100, ""max_depth"": 10, ""max_features"": ""sqrt"", ""min_samples_split"": 10}",
regression,Lettuce,BOTCAST,Random forest,7,0.5228100331393845,5.095676920842379,429,111,"{""n_estimators"": 100, ""max_depth"": 10, ""max_features"": ""sqrt"", ""min_samples_split"": 10}",
regression,Lettuce,BOTCAST,Random forest,8,0.5084957373835974,5.946910990867764,436,104,"{""n_estimators"": 100, ""max_depth"": null, ""max_features"": ""sqrt"", ""min_samples_split"": 2}",
regression,Lettuce,BOTCAST,Random forest,9,0.6049638413177387,5.918526785913855,439,101,"{""n_estimators"": 100, ""max_depth"": 10, ""max_features"": ""sqrt"", ""min_samples_split"": 2}",
regression,Lettuce,BOTCAST,TabPFN,0,0.6238625049591064,15.594890726730227,426,114,"{""model"": ""tabpfn-v3-default""}",
regression,Lettuce,BOTCAST,TabPFN,1,0.5865890383720398,15.693963180761784,431,109,"{""model"": ""tabpfn-v3-default""}",
regression,Lettuce,BOTCAST,TabPFN,2,0.5258833169937134,15.505679361056536,428,112,"{""model"": ""tabpfn-v3-default""}",
regression,Lettuce,BOTCAST,TabPFN,3,0.5122199058532715,15.64986495161429,425,115,"{""model"": ""tabpfn-v3-default""}",
regression,Lettuce,BOTCAST,TabPFN,4,0.6190212965011597,16.19569469289854,439,101,"{""model"": ""tabpfn-v3-default""}",
regression,Lettuce,BOTCAST,TabPFN,5,0.5983312129974365,16.351636851672083,442,98,"{""model"": ""tabpfn-v3-default""}",
regression,Lettuce,BOTCAST,TabPFN,6,0.4895789623260498,15.644374799914658,437,103,"{""model"": ""tabpfn-v3-default""}",
regression,Lettuce,BOTCAST,TabPFN,7,0.5265810489654541,15.515340600162745,429,111,"{""model"": ""tabpfn-v3-default""}",
regression,Lettuce,BOTCAST,TabPFN,8,0.5099927186965942,16.00081823579967,436,104,"{""model"": ""tabpfn-v3-default""}",
regression,Lettuce,BOTCAST,TabPFN,9,0.6014610528945923,14.895995264872909,439,101,"{""model"": ""tabpfn-v3-default""}",
regression,Lettuce,BOTCAST,k-NN,0,0.401610255241394,0.0423109009861946,426,114,"{""n_neighbors"": 7, ""weights"": ""uniform"", ""metric"": ""euclidean""}",
regression,Lettuce,BOTCAST,k-NN,1,0.2646567225456238,0.0463832137174904,431,109,"{""n_neighbors"": 7, ""weights"": ""uniform"", ""metric"": ""euclidean""}",
regression,Lettuce,BOTCAST,k-NN,2,0.2533936500549316,0.0459294086322188,428,112,"{""n_neighbors"": 7, ""weights"": ""uniform"", ""metric"": ""euclidean""}",
regression,Lettuce,BOTCAST,k-NN,3,0.2648022770881653,0.0431729899719357,425,115,"{""n_neighbors"": 7, ""weights"": ""uniform"", ""metric"": ""euclidean""}",
regression,Lettuce,BOTCAST,k-NN,4,0.4149723649024963,0.047433044295758,439,101,"{""n_neighbors"": 7, ""weights"": ""uniform"", ""metric"": ""euclidean""}",
regression,Lettuce,BOTCAST,k-NN,5,0.5786517858505249,0.051503256894648,442,98,"{""n_neighbors"": 7, ""weights"": ""uniform"", ""metric"": ""euclidean""}",
regression,Lettuce,BOTCAST,k-NN,6,0.438576340675354,0.0442470107227563,437,103,"{""n_neighbors"": 7, ""weights"": ""uniform"", ""metric"": ""euclidean""}",
regression,Lettuce,BOTCAST,k-NN,7,0.5091603994369507,0.0436320551671087,429,111,"{""n_neighbors"": 7, ""weights"": ""uniform"", ""metric"": ""euclidean""}",
regression,Lettuce,BOTCAST,k-NN,8,0.3782531023025512,0.0463926326483488,436,104,"{""n_neighbors"": 7, ""weights"": ""uniform"", ""metric"": ""euclidean""}",
regression,Lettuce,BOTCAST,k-NN,9,0.3662269711494446,0.0524752880446612,439,101,"{""n_neighbors"": 7, ""weights"": ""uniform"", ""metric"": ""euclidean""}",
regression,Lettuce,Isomap,Decision tree,0,0.7070419986211025,1.2396503272466362,426,114,"{""max_depth"": 5, ""min_samples_split"": 20}",
regression,Lettuce,Isomap,Decision tree,1,0.7407104409366445,1.2230136622674763,431,109,"{""max_depth"": 5, ""min_samples_split"": 20}",
regression,Lettuce,Isomap,Decision tree,2,0.6574524676879971,1.3010506560094657,428,112,"{""max_depth"": 5, ""min_samples_split"": 5}",
regression,Lettuce,Isomap,Decision tree,3,0.6786119823507053,1.1486321077682078,425,115,"{""max_depth"": 4, ""min_samples_split"": 20}",
regression,Lettuce,Isomap,Decision tree,4,0.7004180095226786,1.3121329620480535,439,101,"{""max_depth"": 5, ""min_samples_split"": 20}",
regression,Lettuce,Isomap,Decision tree,5,0.528006878775088,1.245771940331906,442,98,"{""max_depth"": 4, ""min_samples_split"": 5}",
regression,Lettuce,Isomap,Decision tree,6,0.6484282310395766,1.194770788308233,437,103,"{""max_depth"": 5, ""min_samples_split"": 20}",
regression,Lettuce,Isomap,Decision tree,7,0.6701365225725607,1.2913656951859591,429,111,"{""max_depth"": 5, ""min_samples_split"": 20}",
regression,Lettuce,Isomap,Decision tree,8,0.6468650732320307,1.2215494182892144,436,104,"{""max_depth"": 5, ""min_samples_split"": 20}",
regression,Lettuce,Isomap,Decision tree,9,0.5285533146515516,1.1851713177748024,439,101,"{""max_depth"": 4, ""min_samples_split"": 20}",
regression,Lettuce,Isomap,LSTM,0,0.7410237789154053,342.5706835498568,368,114,"{""K"": 6, ""units"": 64, ""dropout"": 0.3, ""lr"": 0.001}",54.0
regression,Lettuce,Isomap,LSTM,1,0.7249741554260254,376.7491980269551,376,109,"{""K"": 6, ""units"": 64, ""dropout"": 0.2, ""lr"": 0.001}",36.0
regression,Lettuce,Isomap,LSTM,2,0.6994597911834717,341.09282823093235,377,112,"{""K"": 4, ""units"": 64, ""dropout"": 0.1, ""lr"": 0.001}",49.0
regression,Lettuce,Isomap,LSTM,3,0.7226204872131348,364.5211606288794,369,115,"{""K"": 2, ""units"": 32, ""dropout"": 0.3, ""lr"": 0.001}",51.0
regression,Lettuce,Isomap,LSTM,4,0.7628979682922363,289.6008791369386,382,101,"{""K"": 6, ""units"": 64, ""dropout"": 0.0, ""lr"": 0.001}",47.0
regression,Lettuce,Isomap,LSTM,5,0.6709089279174805,388.2479394460097,389,98,"{""K"": 6, ""units"": 64, ""dropout"": 0.0, ""lr"": 0.001}",68.0
regression,Lettuce,Isomap,LSTM,6,0.656733512878418,404.0999308801256,385,103,"{""K"": 6, ""units"": 32, ""dropout"": 0.1, ""lr"": 0.001}",47.0
regression,Lettuce,Isomap,LSTM,7,0.7123891115188599,355.6417566188611,374,111,"{""K"": 6, ""units"": 64, ""dropout"": 0.0, ""lr"": 0.001}",64.0
regression,Lettuce,Isomap,LSTM,8,0.6155796051025391,357.43298300588503,383,104,"{""K"": 4, ""units"": 32, ""dropout"": 0.1, ""lr"": 0.001}",76.0
regression,Lettuce,Isomap,LSTM,9,0.6577962636947632,455.4786401730962,392,101,"{""K"": 4, ""units"": 64, ""dropout"": 0.1, ""lr"": 0.001}",50.0
regression,Lettuce,Isomap,MLP,0,0.7734348773956299,71.82874127384275,368,114,"{""hidden"": [128, 64], ""dropout"": 0.2, ""lr"": 0.001}",62.0
regression,Lettuce,Isomap,MLP,1,0.7356492877006531,90.08611113205552,376,109,"{""hidden"": [128, 64], ""dropout"": 0.1, ""lr"": 0.001}",72.0
regression,Lettuce,Isomap,MLP,2,0.687736988067627,79.05429147509858,377,112,"{""hidden"": [64, 32], ""dropout"": 0.1, ""lr"": 0.001}",41.0
regression,Lettuce,Isomap,MLP,3,0.7054906487464905,72.22731248196214,369,115,"{""hidden"": [128, 64], ""dropout"": 0.0, ""lr"": 0.001}",50.0
regression,Lettuce,Isomap,MLP,4,0.770306408405304,82.61695164069533,382,101,"{""hidden"": [128, 64], ""dropout"": 0.0, ""lr"": 0.001}",35.0
regression,Lettuce,Isomap,MLP,5,0.6251993775367737,90.23201081110165,389,98,"{""hidden"": [64, 32], ""dropout"": 0.0, ""lr"": 0.001}",28.0
regression,Lettuce,Isomap,MLP,6,0.6943674087524414,93.0050747198984,385,103,"{""hidden"": [128, 64], ""dropout"": 0.1, ""lr"": 0.001}",26.0
regression,Lettuce,Isomap,MLP,7,0.6944005489349365,82.86228333273903,374,111,"{""hidden"": [128, 64], ""dropout"": 0.1, ""lr"": 0.001}",47.0
regression,Lettuce,Isomap,MLP,8,0.6635432243347168,82.54922278085724,383,104,"{""hidden"": [128, 64], ""dropout"": 0.3, ""lr"": 0.001}",79.0
regression,Lettuce,Isomap,MLP,9,0.6589842438697815,80.94873484410346,392,101,"{""hidden"": [128, 64], ""dropout"": 0.0, ""lr"": 0.001}",48.0
regression,Lettuce,Isomap,Mamba SSM,0,0.7057334184646606,1459.4578039969783,368,114,"{""K"": 6, ""units"": 64, ""dropout"": 0.3, ""lr"": 0.001}",29.0
regression,Lettuce,Isomap,Mamba SSM,1,0.7233548164367676,1653.4493590469938,376,109,"{""K"": 2, ""units"": 64, ""dropout"": 0.3, ""lr"": 0.001}",23.0
regression,Lettuce,Isomap,Mamba SSM,2,0.6768522262573242,1649.0549536069157,377,112,"{""K"": 2, ""units"": 32, ""dropout"": 0.0, ""lr"": 0.001}",27.0
regression,Lettuce,Isomap,Mamba SSM,3,0.737605094909668,1517.172715108958,369,115,"{""K"": 2, ""units"": 64, ""dropout"": 0.2, ""lr"": 0.001}",43.0
regression,Lettuce,Isomap,Mamba SSM,4,0.7453379034996033,1769.8317190150265,382,101,"{""K"": 4, ""units"": 32, ""dropout"": 0.3, ""lr"": 0.0003}",60.0
regression,Lettuce,Isomap,Mamba SSM,5,0.652324378490448,1954.5299916490912,389,98,"{""K"": 6, ""units"": 64, ""dropout"": 0.2, ""lr"": 0.001}",28.0
regression,Lettuce,Isomap,Mamba SSM,6,0.6941971778869629,1827.2088219781872,385,103,"{""K"": 4, ""units"": 64, ""dropout"": 0.0, ""lr"": 0.001}",23.0
regression,Lettuce,Isomap,Mamba SSM,7,0.7047456502914429,1692.2751657268964,374,111,"{""K"": 2, ""units"": 64, ""dropout"": 0.1, ""lr"": 0.001}",39.0
regression,Lettuce,Isomap,Mamba SSM,8,0.5627309083938599,2013.082352821017,383,104,"{""K"": 6, ""units"": 64, ""dropout"": 0.0, ""lr"": 0.001}",79.0
regression,Lettuce,Isomap,Mamba SSM,9,0.6763445734977722,1971.871877668891,392,101,"{""K"": 2, ""units"": 64, ""dropout"": 0.3, ""lr"": 0.001}",35.0
regression,Lettuce,Isomap,RNN GRU,0,0.7767047882080078,348.75305117992684,368,114,"{""K"": 4, ""units"": 64, ""dropout"": 0.1, ""lr"": 0.001}",98.0
regression,Lettuce,Isomap,RNN GRU,1,0.7249133586883545,364.7483558760723,376,109,"{""K"": 6, ""units"": 64, ""dropout"": 0.2, ""lr"": 0.001}",45.0
regression,Lettuce,Isomap,RNN GRU,2,0.66843181848526,389.8833560839994,377,112,"{""K"": 2, ""units"": 32, ""dropout"": 0.0, ""lr"": 0.001}",45.0
regression,Lettuce,Isomap,RNN GRU,3,0.7263438701629639,433.883409014903,369,115,"{""K"": 6, ""units"": 64, ""dropout"": 0.2, ""lr"": 0.001}",55.0
regression,Lettuce,Isomap,RNN GRU,4,0.7250020503997803,390.2542206819635,382,101,"{""K"": 4, ""units"": 64, ""dropout"": 0.4, ""lr"": 0.001}",54.0
regression,Lettuce,Isomap,RNN GRU,5,0.6611241102218628,496.2121403430356,389,98,"{""K"": 4, ""units"": 32, ""dropout"": 0.0, ""lr"": 0.001}",68.0
regression,Lettuce,Isomap,RNN GRU,6,0.6790884733200073,438.7470377379796,385,103,"{""K"": 4, ""units"": 64, ""dropout"": 0.2, ""lr"": 0.001}",47.0
regression,Lettuce,Isomap,RNN GRU,7,0.7262332439422607,426.4853344629519,374,111,"{""K"": 6, ""units"": 64, ""dropout"": 0.2, ""lr"": 0.001}",60.0
regression,Lettuce,Isomap,RNN GRU,8,0.6393293142318726,376.8039657030022,383,104,"{""K"": 6, ""units"": 32, ""dropout"": 0.1, ""lr"": 0.001}",105.0
regression,Lettuce,Isomap,RNN GRU,9,0.6430730819702148,429.5221950529376,392,101,"{""K"": 4, ""units"": 64, ""dropout"": 0.2, ""lr"": 0.001}",76.0
regression,Lettuce,Isomap,Random forest,0,0.7776246398871233,9.813999020960182,426,114,"{""n_estimators"": 100, ""max_depth"": 10, ""max_features"": ""sqrt"", ""min_samples_split"": 10}",
regression,Lettuce,Isomap,Random forest,1,0.7809909069039946,9.86003393260762,431,109,"{""n_estimators"": 100, ""max_depth"": 10, ""max_features"": ""sqrt"", ""min_samples_split"": 2}",
regression,Lettuce,Isomap,Random forest,2,0.6749903955196248,10.129272017627954,428,112,"{""n_estimators"": 100, ""max_depth"": 10, ""max_features"": ""sqrt"", ""min_samples_split"": 2}",
regression,Lettuce,Isomap,Random forest,3,0.7573458616719193,9.82168909162283,425,115,"{""n_estimators"": 100, ""max_depth"": 10, ""max_features"": ""sqrt"", ""min_samples_split"": 10}",
regression,Lettuce,Isomap,Random forest,4,0.7574146131155352,8.588382456917316,439,101,"{""n_estimators"": 100, ""max_depth"": null, ""max_features"": ""sqrt"", ""min_samples_split"": 10}",
regression,Lettuce,Isomap,Random forest,5,0.6429271461248106,9.962406613864005,442,98,"{""n_estimators"": 100, ""max_depth"": 10, ""max_features"": ""sqrt"", ""min_samples_split"": 5}",
regression,Lettuce,Isomap,Random forest,6,0.7574268834425855,9.43222319195047,437,103,"{""n_estimators"": 100, ""max_depth"": 10, ""max_features"": ""sqrt"", ""min_samples_split"": 2}",
regression,Lettuce,Isomap,Random forest,7,0.7074290617373953,10.12924581207335,429,111,"{""n_estimators"": 100, ""max_depth"": 10, ""max_features"": ""sqrt"", ""min_samples_split"": 2}",
regression,Lettuce,Isomap,Random forest,8,0.6936164644999808,10.373062034137549,436,104,"{""n_estimators"": 100, ""max_depth"": 10, ""max_features"": ""sqrt"", ""min_samples_split"": 5}",
regression,Lettuce,Isomap,Random forest,9,0.670442359253033,10.097013568971306,439,101,"{""n_estimators"": 100, ""max_depth"": 10, ""max_features"": ""sqrt"", ""min_samples_split"": 2}",
regression,Lettuce,Isomap,TabPFN,0,0.7427287697792053,20.97663508355617,426,114,"{""model"": ""tabpfn-v3-default""}",
regression,Lettuce,Isomap,TabPFN,1,0.7710540294647217,21.27748516621068,431,109,"{""model"": ""tabpfn-v3-default""}",
regression,Lettuce,Isomap,TabPFN,2,0.6717119812965393,21.13970966311172,428,112,"{""model"": ""tabpfn-v3-default""}",
regression,Lettuce,Isomap,TabPFN,3,0.7579371333122253,21.196183629333973,425,115,"{""model"": ""tabpfn-v3-default""}",
regression,Lettuce,Isomap,TabPFN,4,0.7650052905082703,20.807751696091145,439,101,"{""model"": ""tabpfn-v3-default""}",
regression,Lettuce,Isomap,TabPFN,5,0.6800007820129395,22.359264363069087,442,98,"{""model"": ""tabpfn-v3-default""}",
regression,Lettuce,Isomap,TabPFN,6,0.7160852551460266,22.04676936613396,437,103,"{""model"": ""tabpfn-v3-default""}",
regression,Lettuce,Isomap,TabPFN,7,0.7097852826118469,21.229891601018608,429,111,"{""model"": ""tabpfn-v3-default""}",
regression,Lettuce,Isomap,TabPFN,8,0.6819078326225281,22.11133733065799,436,104,"{""model"": ""tabpfn-v3-default""}",
regression,Lettuce,Isomap,TabPFN,9,0.6571440696716309,21.95123426383361,439,101,"{""model"": ""tabpfn-v3-default""}",
regression,Lettuce,Isomap,k-NN,0,0.766293466091156,0.9241443960927428,426,114,"{""n_neighbors"": 5, ""weights"": ""uniform"", ""metric"": ""euclidean""}",
regression,Lettuce,Isomap,k-NN,1,0.7810996770858765,0.9700492350384592,431,109,"{""n_neighbors"": 3, ""weights"": ""uniform"", ""metric"": ""euclidean""}",
regression,Lettuce,Isomap,k-NN,2,0.6621417999267578,1.016365627758205,428,112,"{""n_neighbors"": 3, ""weights"": ""uniform"", ""metric"": ""euclidean""}",
regression,Lettuce,Isomap,k-NN,3,0.7969715595245361,1.091329869814217,425,115,"{""n_neighbors"": 7, ""weights"": ""uniform"", ""metric"": ""euclidean""}",
regression,Lettuce,Isomap,k-NN,4,0.7373758554458618,0.9171435539610684,439,101,"{""n_neighbors"": 5, ""weights"": ""uniform"", ""metric"": ""euclidean""}",
regression,Lettuce,Isomap,k-NN,5,0.6337567567825317,1.0182207566685977,442,98,"{""n_neighbors"": 5, ""weights"": ""uniform"", ""metric"": ""euclidean""}",
regression,Lettuce,Isomap,k-NN,6,0.7095971703529358,1.0539692086167634,437,103,"{""n_neighbors"": 7, ""weights"": ""uniform"", ""metric"": ""euclidean""}",
regression,Lettuce,Isomap,k-NN,7,0.6983323097229004,1.3024859307333827,429,111,"{""n_neighbors"": 3, ""weights"": ""uniform"", ""metric"": ""euclidean""}",
regression,Lettuce,Isomap,k-NN,8,0.6470810174942017,1.0380572341382504,436,104,"{""n_neighbors"": 5, ""weights"": ""uniform"", ""metric"": ""euclidean""}",
regression,Lettuce,Isomap,k-NN,9,0.6951004862785339,1.0312041430734098,439,101,"{""n_neighbors"": 5, ""weights"": ""uniform"", ""metric"": ""euclidean""}",
regression,Lettuce,KernelPCA,Decision tree,0,0.7452539959778708,0.2410175027325749,426,114,"{""max_depth"": 3, ""min_samples_split"": 5}",
regression,Lettuce,KernelPCA,Decision tree,1,0.7768405838264268,0.2461722870357334,431,109,"{""max_depth"": 4, ""min_samples_split"": 20}",
regression,Lettuce,KernelPCA,Decision tree,2,0.6325948757104971,0.2418872220441699,428,112,"{""max_depth"": 5, ""min_samples_split"": 20}",
regression,Lettuce,KernelPCA,Decision tree,3,0.6699714536520136,0.2374164159409701,425,115,"{""max_depth"": 4, ""min_samples_split"": 5}",
regression,Lettuce,KernelPCA,Decision tree,4,0.7485843775181185,0.2436770000495016,439,101,"{""max_depth"": 5, ""min_samples_split"": 20}",
regression,Lettuce,KernelPCA,Decision tree,5,0.5501636303549988,0.250417351257056,442,98,"{""max_depth"": 4, ""min_samples_split"": 5}",
regression,Lettuce,KernelPCA,Decision tree,6,0.6399194569992868,0.241949712857604,437,103,"{""max_depth"": 4, ""min_samples_split"": 20}",
regression,Lettuce,KernelPCA,Decision tree,7,0.6264312946022533,0.2394244261085987,429,111,"{""max_depth"": 4, ""min_samples_split"": 20}",
regression,Lettuce,KernelPCA,Decision tree,8,0.6592773064630321,0.2687170119024813,436,104,"{""max_depth"": 4, ""min_samples_split"": 10}",
regression,Lettuce,KernelPCA,Decision tree,9,0.6801466447000714,0.2429681038483977,439,101,"{""max_depth"": 5, ""min_samples_split"": 20}",
regression,Lettuce,KernelPCA,LSTM,0,0.6490998864173889,343.5158665839117,368,114,"{""K"": 6, ""units"": 64, ""dropout"": 0.3, ""lr"": 0.001}",32.0
regression,Lettuce,KernelPCA,LSTM,1,0.7482722997665405,309.0764553397894,376,109,"{""K"": 2, ""units"": 64, ""dropout"": 0.3, ""lr"": 0.001}",33.0
regression,Lettuce,KernelPCA,LSTM,2,0.6853787302970886,290.8045985728968,377,112,"{""K"": 4, ""units"": 64, ""dropout"": 0.3, ""lr"": 0.001}",45.0
regression,Lettuce,KernelPCA,LSTM,3,0.7472907304763794,298.2811198139097,369,115,"{""K"": 6, ""units"": 64, ""dropout"": 0.0, ""lr"": 0.001}",50.0
regression,Lettuce,KernelPCA,LSTM,4,0.7331859469413757,312.6985271370504,382,101,"{""K"": 4, ""units"": 64, ""dropout"": 0.1, ""lr"": 0.001}",29.0
regression,Lettuce,KernelPCA,LSTM,5,0.689990758895874,364.0901275400538,389,98,"{""K"": 2, ""units"": 64, ""dropout"": 0.0, ""lr"": 0.001}",39.0
regression,Lettuce,KernelPCA,LSTM,6,0.669529914855957,289.5712838980835,385,103,"{""K"": 6, ""units"": 64, ""dropout"": 0.1, ""lr"": 0.001}",56.0
regression,Lettuce,KernelPCA,LSTM,7,0.7173831462860107,277.5295222268905,374,111,"{""K"": 6, ""units"": 64, ""dropout"": 0.1, ""lr"": 0.001}",66.0
regression,Lettuce,KernelPCA,LSTM,8,0.6728359460830688,306.95532667194493,383,104,"{""K"": 2, ""units"": 64, ""dropout"": 0.2, ""lr"": 0.001}",47.0
regression,Lettuce,KernelPCA,LSTM,9,0.6523046493530273,350.8699932359159,392,101,"{""K"": 6, ""units"": 32, ""dropout"": 0.0, ""lr"": 0.001}",60.0
regression,Lettuce,KernelPCA,MLP,0,0.7567946910858154,68.09023439511657,368,114,"{""hidden"": [64, 32], ""dropout"": 0.1, ""lr"": 0.001}",62.0
regression,Lettuce,KernelPCA,MLP,1,0.7641863822937012,70.60400055488572,376,109,"{""hidden"": [128, 64], ""dropout"": 0.1, ""lr"": 0.001}",49.0
regression,Lettuce,KernelPCA,MLP,2,0.6399762630462646,69.75879011489451,377,112,"{""hidden"": [128, 64], ""dropout"": 0.1, ""lr"": 0.001}",22.0
regression,Lettuce,KernelPCA,MLP,3,0.7643915414810181,75.05254549719393,369,115,"{""hidden"": [128, 64], ""dropout"": 0.1, ""lr"": 0.001}",56.0
regression,Lettuce,KernelPCA,MLP,4,0.6922675371170044,71.40380781004205,382,101,"{""hidden"": [64, 32], ""dropout"": 0.3, ""lr"": 0.001}",26.0
regression,Lettuce,KernelPCA,MLP,5,0.6747846603393555,72.10438905283809,389,98,"{""hidden"": [128, 64], ""dropout"": 0.2, ""lr"": 0.001}",68.0
regression,Lettuce,KernelPCA,MLP,6,0.7172582149505615,74.88807073282078,385,103,"{""hidden"": [128, 64], ""dropout"": 0.0, ""lr"": 0.001}",27.0
regression,Lettuce,KernelPCA,MLP,7,0.7138820886611938,66.55204012989998,374,111,"{""hidden"": [128, 64], ""dropout"": 0.0, ""lr"": 0.001}",30.0
regression,Lettuce,KernelPCA,MLP,8,0.694836437702179,79.26240224717185,383,104,"{""hidden"": [128, 64], ""dropout"": 0.1, ""lr"": 0.001}",47.0
regression,Lettuce,KernelPCA,MLP,9,0.6753062009811401,65.6813069828786,392,101,"{""hidden"": [128, 64], ""dropout"": 0.1, ""lr"": 0.001}",33.0
regression,Lettuce,KernelPCA,Mamba SSM,0,0.7118945121765137,1794.2110325190006,368,114,"{""K"": 4, ""units"": 64, ""dropout"": 0.3, ""lr"": 0.0003}",57.0
regression,Lettuce,KernelPCA,Mamba SSM,1,0.751231849193573,1695.2449613820063,376,109,"{""K"": 6, ""units"": 32, ""dropout"": 0.1, ""lr"": 0.001}",25.0
regression,Lettuce,KernelPCA,Mamba SSM,2,0.6484045386314392,1538.833902038983,377,112,"{""K"": 4, ""units"": 32, ""dropout"": 0.1, ""lr"": 0.001}",23.0
regression,Lettuce,KernelPCA,Mamba SSM,3,0.731266438961029,1642.1040811260464,369,115,"{""K"": 4, ""units"": 64, ""dropout"": 0.1, ""lr"": 0.0003}",41.0
regression,Lettuce,KernelPCA,Mamba SSM,4,0.7652455568313599,1676.6176884369925,382,101,"{""K"": 4, ""units"": 64, ""dropout"": 0.0, ""lr"": 0.001}",30.0
regression,Lettuce,KernelPCA,Mamba SSM,5,0.6862902641296387,1944.360386590939,389,98,"{""K"": 6, ""units"": 64, ""dropout"": 0.2, ""lr"": 0.001}",39.0
regression,Lettuce,KernelPCA,Mamba SSM,6,0.6986289024353027,1898.9560869582929,385,103,"{""K"": 4, ""units"": 64, ""dropout"": 0.2, ""lr"": 0.001}",26.0
regression,Lettuce,KernelPCA,Mamba SSM,7,0.7071056365966797,1524.9224990857765,374,111,"{""K"": 6, ""units"": 32, ""dropout"": 0.1, ""lr"": 0.001}",47.0
regression,Lettuce,KernelPCA,Mamba SSM,8,0.641242504119873,1727.6869317810051,383,104,"{""K"": 4, ""units"": 64, ""dropout"": 0.2, ""lr"": 0.0003}",76.0
regression,Lettuce,KernelPCA,Mamba SSM,9,0.6594055891036987,1609.5767326778732,392,101,"{""K"": 6, ""units"": 64, ""dropout"": 0.0, ""lr"": 0.001}",30.0
regression,Lettuce,KernelPCA,RNN GRU,0,0.7422932386398315,356.4962245139759,368,114,"{""K"": 4, ""units"": 32, ""dropout"": 0.0, ""lr"": 0.001}",48.0
regression,Lettuce,KernelPCA,RNN GRU,1,0.7462583780288696,374.9616000580136,376,109,"{""K"": 6, ""units"": 32, ""dropout"": 0.0, ""lr"": 0.001}",36.0
regression,Lettuce,KernelPCA,RNN GRU,2,0.662611722946167,359.0419520760188,377,112,"{""K"": 2, ""units"": 64, ""dropout"": 0.4, ""lr"": 0.001}",48.0
regression,Lettuce,KernelPCA,RNN GRU,3,0.7509726285934448,400.3088563350029,369,115,"{""K"": 6, ""units"": 64, ""dropout"": 0.1, ""lr"": 0.001}",56.0
regression,Lettuce,KernelPCA,RNN GRU,4,0.7398101091384888,323.4091800119495,382,101,"{""K"": 6, ""units"": 32, ""dropout"": 0.2, ""lr"": 0.001}",36.0
regression,Lettuce,KernelPCA,RNN GRU,5,0.6957069635391235,424.3141155010089,389,98,"{""K"": 6, ""units"": 32, ""dropout"": 0.0, ""lr"": 0.001}",29.0
regression,Lettuce,KernelPCA,RNN GRU,6,0.6832288503646851,365.2643718610052,385,103,"{""K"": 6, ""units"": 64, ""dropout"": 0.0, ""lr"": 0.001}",32.0
regression,Lettuce,KernelPCA,RNN GRU,7,0.7207855582237244,346.8832657650346,374,111,"{""K"": 6, ""units"": 64, ""dropout"": 0.0, ""lr"": 0.001}",66.0
regression,Lettuce,KernelPCA,RNN GRU,8,0.6750321984291077,379.6302202360239,383,104,"{""K"": 2, ""units"": 64, ""dropout"": 0.2, ""lr"": 0.001}",47.0
regression,Lettuce,KernelPCA,RNN GRU,9,0.6587441563606262,334.1344955469249,392,101,"{""K"": 2, ""units"": 64, ""dropout"": 0.0, ""lr"": 0.001}",48.0
regression,Lettuce,KernelPCA,Random forest,0,0.7703380703189618,7.301677723880857,426,114,"{""n_estimators"": 100, ""max_depth"": 5, ""max_features"": ""sqrt"", ""min_samples_split"": 2}",
regression,Lettuce,KernelPCA,Random forest,1,0.7902025137253476,7.379629438742995,431,109,"{""n_estimators"": 100, ""max_depth"": 5, ""max_features"": ""sqrt"", ""min_samples_split"": 5}",
regression,Lettuce,KernelPCA,Random forest,2,0.6869456489586192,7.394775858148932,428,112,"{""n_estimators"": 100, ""max_depth"": 5, ""max_features"": ""sqrt"", ""min_samples_split"": 2}",
regression,Lettuce,KernelPCA,Random forest,3,0.7809242187304123,7.414157650899142,425,115,"{""n_estimators"": 100, ""max_depth"": 5, ""max_features"": ""sqrt"", ""min_samples_split"": 5}",
regression,Lettuce,KernelPCA,Random forest,4,0.7532536267406718,7.326011538971215,439,101,"{""n_estimators"": 100, ""max_depth"": 5, ""max_features"": ""sqrt"", ""min_samples_split"": 2}",
regression,Lettuce,KernelPCA,Random forest,5,0.6869553752831041,7.415008029900491,442,98,"{""n_estimators"": 100, ""max_depth"": 10, ""max_features"": ""sqrt"", ""min_samples_split"": 10}",
regression,Lettuce,KernelPCA,Random forest,6,0.7302067687548469,7.338398290332407,437,103,"{""n_estimators"": 100, ""max_depth"": 5, ""max_features"": ""sqrt"", ""min_samples_split"": 10}",
regression,Lettuce,KernelPCA,Random forest,7,0.7353544079443608,7.586949017830193,429,111,"{""n_estimators"": 100, ""max_depth"": 5, ""max_features"": ""sqrt"", ""min_samples_split"": 2}",
regression,Lettuce,KernelPCA,Random forest,8,0.7063132187555051,7.372763104736805,436,104,"{""n_estimators"": 100, ""max_depth"": 5, ""max_features"": ""sqrt"", ""min_samples_split"": 2}",
regression,Lettuce,KernelPCA,Random forest,9,0.6813348585002654,8.461634370032698,439,101,"{""n_estimators"": 100, ""max_depth"": 5, ""max_features"": ""sqrt"", ""min_samples_split"": 2}",
regression,Lettuce,KernelPCA,TabPFN,0,0.7317932844161987,20.779407696332783,426,114,"{""model"": ""tabpfn-v3-default""}",
regression,Lettuce,KernelPCA,TabPFN,1,0.7681679725646973,21.51848547067493,431,109,"{""model"": ""tabpfn-v3-default""}",
regression,Lettuce,KernelPCA,TabPFN,2,0.6581501960754395,21.521351255942136,428,112,"{""model"": ""tabpfn-v3-default""}",
regression,Lettuce,KernelPCA,TabPFN,3,0.7556459307670593,21.073148464784023,425,115,"{""model"": ""tabpfn-v3-default""}",
regression,Lettuce,KernelPCA,TabPFN,4,0.7584598064422607,20.533361487090588,439,101,"{""model"": ""tabpfn-v3-default""}",
regression,Lettuce,KernelPCA,TabPFN,5,0.6890192031860352,21.747554752975702,442,98,"{""model"": ""tabpfn-v3-default""}",
regression,Lettuce,KernelPCA,TabPFN,6,0.7131646275520325,21.15086586214602,437,103,"{""model"": ""tabpfn-v3-default""}",
regression,Lettuce,KernelPCA,TabPFN,7,0.6967414617538452,21.382316722068936,429,111,"{""model"": ""tabpfn-v3-default""}",
regression,Lettuce,KernelPCA,TabPFN,8,0.6904972791671753,21.72987132985145,436,104,"{""model"": ""tabpfn-v3-default""}",
regression,Lettuce,KernelPCA,TabPFN,9,0.6611436009407043,21.6259931367822,439,101,"{""model"": ""tabpfn-v3-default""}",
regression,Lettuce,KernelPCA,k-NN,0,0.7733273506164551,0.1068425639532506,426,114,"{""n_neighbors"": 5, ""weights"": ""uniform"", ""metric"": ""euclidean""}",
regression,Lettuce,KernelPCA,k-NN,1,0.7486481070518494,0.1093768109567463,431,109,"{""n_neighbors"": 7, ""weights"": ""uniform"", ""metric"": ""euclidean""}",
regression,Lettuce,KernelPCA,k-NN,2,0.6600302457809448,0.1058101532980799,428,112,"{""n_neighbors"": 3, ""weights"": ""uniform"", ""metric"": ""euclidean""}",
regression,Lettuce,KernelPCA,k-NN,3,0.7726231217384338,0.1060801767744124,425,115,"{""n_neighbors"": 7, ""weights"": ""uniform"", ""metric"": ""euclidean""}",
regression,Lettuce,KernelPCA,k-NN,4,0.7456474900245667,0.1082635992206633,439,101,"{""n_neighbors"": 5, ""weights"": ""uniform"", ""metric"": ""euclidean""}",
regression,Lettuce,KernelPCA,k-NN,5,0.6409380435943604,0.1099087558686733,442,98,"{""n_neighbors"": 5, ""weights"": ""uniform"", ""metric"": ""euclidean""}",
regression,Lettuce,KernelPCA,k-NN,6,0.7286534309387207,0.1070387661457061,437,103,"{""n_neighbors"": 3, ""weights"": ""uniform"", ""metric"": ""euclidean""}",
regression,Lettuce,KernelPCA,k-NN,7,0.7167066335678101,0.1058148629963398,429,111,"{""n_neighbors"": 5, ""weights"": ""uniform"", ""metric"": ""euclidean""}",
regression,Lettuce,KernelPCA,k-NN,8,0.6560266017913818,0.1549665760248899,436,104,"{""n_neighbors"": 5, ""weights"": ""uniform"", ""metric"": ""euclidean""}",
regression,Lettuce,KernelPCA,k-NN,9,0.657947838306427,0.1323098386637866,439,101,"{""n_neighbors"": 3, ""weights"": ""uniform"", ""metric"": ""euclidean""}",
regression,Lettuce,MDS,Decision tree,0,0.7537742578648701,1.3812285321764648,426,114,"{""max_depth"": 5, ""min_samples_split"": 20}",
regression,Lettuce,MDS,Decision tree,1,0.734481886710251,1.457464117091149,431,109,"{""max_depth"": 5, ""min_samples_split"": 20}",
regression,Lettuce,MDS,Decision tree,2,0.6872169984253733,1.410897491965443,428,112,"{""max_depth"": 5, ""min_samples_split"": 5}",
regression,Lettuce,MDS,Decision tree,3,0.7316815521315856,1.3624762771651149,425,115,"{""max_depth"": 5, ""min_samples_split"": 10}",
regression,Lettuce,MDS,Decision tree,4,0.665813574337893,1.3085932251997292,439,101,"{""max_depth"": 5, ""min_samples_split"": 20}",
regression,Lettuce,MDS,Decision tree,5,0.6068767248720616,1.4909553271718323,442,98,"{""max_depth"": 5, ""min_samples_split"": 20}",
regression,Lettuce,MDS,Decision tree,6,0.6530820425636741,1.6103363707661629,437,103,"{""max_depth"": 4, ""min_samples_split"": 20}",
regression,Lettuce,MDS,Decision tree,7,0.5797132527112929,1.4303656639531257,429,111,"{""max_depth"": 4, ""min_samples_split"": 5}",
regression,Lettuce,MDS,Decision tree,8,0.5985972215085166,1.9477725797332823,436,104,"{""max_depth"": 4, ""min_samples_split"": 20}",
regression,Lettuce,MDS,Decision tree,9,0.5503880610144575,1.4815114280208943,439,101,"{""max_depth"": 4, ""min_samples_split"": 5}",
regression,Lettuce,MDS,LSTM,0,0.7043552994728088,390.41934147803113,368,114,"{""K"": 2, ""units"": 64, ""dropout"": 0.3, ""lr"": 0.001}",54.0
regression,Lettuce,MDS,LSTM,1,0.7565487623214722,330.74684341810644,376,109,"{""K"": 4, ""units"": 32, ""dropout"": 0.1, ""lr"": 0.001}",40.0
regression,Lettuce,MDS,LSTM,2,0.6595900058746338,328.90938189299777,377,112,"{""K"": 4, ""units"": 32, ""dropout"": 0.1, ""lr"": 0.001}",49.0
regression,Lettuce,MDS,LSTM,3,0.7535814642906189,353.58409144100733,369,115,"{""K"": 6, ""units"": 64, ""dropout"": 0.0, ""lr"": 0.001}",30.0
regression,Lettuce,MDS,LSTM,4,0.7555449604988098,352.14527396904305,382,101,"{""K"": 6, ""units"": 64, ""dropout"": 0.1, ""lr"": 0.001}",47.0
regression,Lettuce,MDS,LSTM,5,0.6651673316955566,394.051274035126,389,98,"{""K"": 4, ""units"": 64, ""dropout"": 0.1, ""lr"": 0.001}",95.0
regression,Lettuce,MDS,LSTM,6,0.6816215515136719,366.8601618229877,385,103,"{""K"": 2, ""units"": 32, ""dropout"": 0.1, ""lr"": 0.001}",57.0
regression,Lettuce,MDS,LSTM,7,0.6915120482444763,386.1804239770863,374,111,"{""K"": 6, ""units"": 64, ""dropout"": 0.0, ""lr"": 0.001}",31.0
regression,Lettuce,MDS,LSTM,8,0.6734151840209961,426.1821918070782,383,104,"{""K"": 4, ""units"": 64, ""dropout"": 0.2, ""lr"": 0.001}",47.0
regression,Lettuce,MDS,LSTM,9,0.6592123508453369,372.2807559480425,392,101,"{""K"": 4, ""units"": 64, ""dropout"": 0.0, ""lr"": 0.001}",48.0
regression,Lettuce,MDS,MLP,0,0.74619460105896,76.45686262799427,368,114,"{""hidden"": [128, 64], ""dropout"": 0.0, ""lr"": 0.001}",48.0
regression,Lettuce,MDS,MLP,1,0.7596824765205383,74.2941257879138,376,109,"{""hidden"": [128, 64], ""dropout"": 0.2, ""lr"": 0.001}",31.0
regression,Lettuce,MDS,MLP,2,0.6713716983795166,72.96747624035925,377,112,"{""hidden"": [128, 64], ""dropout"": 0.1, ""lr"": 0.001}",45.0
regression,Lettuce,MDS,MLP,3,0.7565311789512634,81.53163992194459,369,115,"{""hidden"": [128, 64], ""dropout"": 0.1, ""lr"": 0.001}",53.0
regression,Lettuce,MDS,MLP,4,0.7616226673126221,70.08548859972507,382,101,"{""hidden"": [128, 64], ""dropout"": 0.1, ""lr"": 0.001}",39.0
regression,Lettuce,MDS,MLP,5,0.7097089290618896,67.1524827950634,389,98,"{""hidden"": [128, 64], ""dropout"": 0.1, ""lr"": 0.001}",39.0
regression,Lettuce,MDS,MLP,6,0.7090713977813721,83.32415175298229,385,103,"{""hidden"": [128, 64], ""dropout"": 0.2, ""lr"": 0.001}",28.0
regression,Lettuce,MDS,MLP,7,0.7063210010528564,70.74627731693909,374,111,"{""hidden"": [128, 64], ""dropout"": 0.1, ""lr"": 0.001}",47.0
regression,Lettuce,MDS,MLP,8,0.6838390231132507,83.33687267871574,383,104,"{""hidden"": [64, 32], ""dropout"": 0.1, ""lr"": 0.001}",29.0
regression,Lettuce,MDS,MLP,9,0.6583304405212402,87.11223124200478,392,101,"{""hidden"": [128, 64], ""dropout"": 0.0, ""lr"": 0.001}",48.0
regression,Lettuce,MDS,Mamba SSM,0,0.6083349585533142,1677.3446778999642,368,114,"{""K"": 4, ""units"": 64, ""dropout"": 0.1, ""lr"": 0.001}",22.0
regression,Lettuce,MDS,Mamba SSM,1,0.7663877606391907,1653.063504658989,376,109,"{""K"": 4, ""units"": 64, ""dropout"": 0.1, ""lr"": 0.001}",82.0
regression,Lettuce,MDS,Mamba SSM,2,0.6716391444206238,1583.6883020460373,377,112,"{""K"": 6, ""units"": 32, ""dropout"": 0.1, ""lr"": 0.001}",41.0
regression,Lettuce,MDS,Mamba SSM,3,0.7545105218887329,1499.299364694045,369,115,"{""K"": 2, ""units"": 64, ""dropout"": 0.1, ""lr"": 0.001}",31.0
regression,Lettuce,MDS,Mamba SSM,4,0.701183557510376,1709.94906943792,382,101,"{""K"": 2, ""units"": 64, ""dropout"": 0.1, ""lr"": 0.001}",24.0
regression,Lettuce,MDS,Mamba SSM,5,0.7060449123382568,1931.470618295949,389,98,"{""K"": 2, ""units"": 64, ""dropout"": 0.0, ""lr"": 0.001}",24.0
regression,Lettuce,MDS,Mamba SSM,6,0.7075455188751221,1754.3472359890584,385,103,"{""K"": 2, ""units"": 64, ""dropout"": 0.3, ""lr"": 0.001}",29.0
regression,Lettuce,MDS,Mamba SSM,7,0.6857280731201172,1590.6500348588452,374,111,"{""K"": 6, ""units"": 64, ""dropout"": 0.1, ""lr"": 0.001}",24.0
regression,Lettuce,MDS,Mamba SSM,8,0.640521764755249,1995.3945155399847,383,104,"{""K"": 6, ""units"": 64, ""dropout"": 0.0, ""lr"": 0.001}",57.0
regression,Lettuce,MDS,Mamba SSM,9,0.6536723375320435,1730.743769749999,392,101,"{""K"": 2, ""units"": 64, ""dropout"": 0.0, ""lr"": 0.001}",59.0
regression,Lettuce,MDS,RNN GRU,0,0.7193582057952881,383.5564251020551,368,114,"{""K"": 6, ""units"": 64, ""dropout"": 0.2, ""lr"": 0.001}",69.0
regression,Lettuce,MDS,RNN GRU,1,0.7559007406234741,383.2543545400258,376,109,"{""K"": 4, ""units"": 64, ""dropout"": 0.2, ""lr"": 0.001}",49.0
regression,Lettuce,MDS,RNN GRU,2,0.6695122718811035,445.9261651439592,377,112,"{""K"": 6, ""units"": 64, ""dropout"": 0.4, ""lr"": 0.001}",61.0
regression,Lettuce,MDS,RNN GRU,3,0.7571299076080322,420.1154491120251,369,115,"{""K"": 4, ""units"": 64, ""dropout"": 0.3, ""lr"": 0.001}",53.0
regression,Lettuce,MDS,RNN GRU,4,0.704474925994873,380.0752895979677,382,101,"{""K"": 6, ""units"": 64, ""dropout"": 0.1, ""lr"": 0.001}",29.0
regression,Lettuce,MDS,RNN GRU,5,0.715955376625061,423.3300522309728,389,98,"{""K"": 4, ""units"": 64, ""dropout"": 0.1, ""lr"": 0.001}",39.0
regression,Lettuce,MDS,RNN GRU,6,0.68660569190979,375.7938419349957,385,103,"{""K"": 2, ""units"": 64, ""dropout"": 0.2, ""lr"": 0.001}",56.0
regression,Lettuce,MDS,RNN GRU,7,0.6859283447265625,390.4204680660041,374,111,"{""K"": 2, ""units"": 64, ""dropout"": 0.0, ""lr"": 0.001}",31.0
regression,Lettuce,MDS,RNN GRU,8,0.6701983213424683,442.3568860810483,383,104,"{""K"": 2, ""units"": 64, ""dropout"": 0.2, ""lr"": 0.001}",47.0
regression,Lettuce,MDS,RNN GRU,9,0.6465842127799988,413.0782687260071,392,101,"{""K"": 6, ""units"": 64, ""dropout"": 0.1, ""lr"": 0.001}",44.0
regression,Lettuce,MDS,Random forest,0,0.7767694282728765,8.49227545876056,426,114,"{""n_estimators"": 100, ""max_depth"": null, ""max_features"": ""sqrt"", ""min_samples_split"": 2}",
regression,Lettuce,MDS,Random forest,1,0.7768259195903452,9.92197141610086,431,109,"{""n_estimators"": 100, ""max_depth"": 5, ""max_features"": ""sqrt"", ""min_samples_split"": 5}",
regression,Lettuce,MDS,Random forest,2,0.6839309465377506,9.792258949950336,428,112,"{""n_estimators"": 100, ""max_depth"": 5, ""max_features"": ""sqrt"", ""min_samples_split"": 2}",
regression,Lettuce,MDS,Random forest,3,0.7766943383122027,8.667494060005993,425,115,"{""n_estimators"": 100, ""max_depth"": 5, ""max_features"": ""sqrt"", ""min_samples_split"": 10}",
regression,Lettuce,MDS,Random forest,4,0.7510712339619767,9.998385698068889,439,101,"{""n_estimators"": 100, ""max_depth"": 5, ""max_features"": ""sqrt"", ""min_samples_split"": 5}",
regression,Lettuce,MDS,Random forest,5,0.6795461844950161,8.688229639548808,442,98,"{""n_estimators"": 100, ""max_depth"": 10, ""max_features"": ""sqrt"", ""min_samples_split"": 5}",
regression,Lettuce,MDS,Random forest,6,0.6944929176512007,8.833048664964736,437,103,"{""n_estimators"": 100, ""max_depth"": 5, ""max_features"": ""sqrt"", ""min_samples_split"": 2}",
regression,Lettuce,MDS,Random forest,7,0.7157680458911255,8.627470076084137,429,111,"{""n_estimators"": 100, ""max_depth"": 5, ""max_features"": ""sqrt"", ""min_samples_split"": 2}",
regression,Lettuce,MDS,Random forest,8,0.6703751518730315,8.858789596240968,436,104,"{""n_estimators"": 100, ""max_depth"": 5, ""max_features"": ""sqrt"", ""min_samples_split"": 2}",
regression,Lettuce,MDS,Random forest,9,0.678379655242712,8.781211415305734,439,101,"{""n_estimators"": 100, ""max_depth"": 5, ""max_features"": ""sqrt"", ""min_samples_split"": 2}",
regression,Lettuce,MDS,TabPFN,0,0.7367504835128784,21.243891661055383,426,114,"{""model"": ""tabpfn-v3-default""}",
regression,Lettuce,MDS,TabPFN,1,0.765355110168457,21.47413171920925,431,109,"{""model"": ""tabpfn-v3-default""}",
regression,Lettuce,MDS,TabPFN,2,0.6614655256271362,21.26754365907982,428,112,"{""model"": ""tabpfn-v3-default""}",
regression,Lettuce,MDS,TabPFN,3,0.7568958401679993,21.528877653181556,425,115,"{""model"": ""tabpfn-v3-default""}",
regression,Lettuce,MDS,TabPFN,4,0.7471774816513062,21.03994129225612,439,101,"{""model"": ""tabpfn-v3-default""}",
regression,Lettuce,MDS,TabPFN,5,0.6866360902786255,22.119919335003942,442,98,"{""model"": ""tabpfn-v3-default""}",
regression,Lettuce,MDS,TabPFN,6,0.7059277296066284,21.208128684200343,437,103,"{""model"": ""tabpfn-v3-default""}",
regression,Lettuce,MDS,TabPFN,7,0.7010986804962158,21.634551020804796,429,111,"{""model"": ""tabpfn-v3-default""}",
regression,Lettuce,MDS,TabPFN,8,0.6809784173965454,21.950303366407752,436,104,"{""model"": ""tabpfn-v3-default""}",
regression,Lettuce,MDS,TabPFN,9,0.6575921773910522,21.14953472977504,439,101,"{""model"": ""tabpfn-v3-default""}",
regression,Lettuce,MDS,k-NN,0,0.7653858661651611,1.0576233379542828,426,114,"{""n_neighbors"": 5, ""weights"": ""uniform"", ""metric"": ""euclidean""}",
regression,Lettuce,MDS,k-NN,1,0.7638202905654907,1.277314170729369,431,109,"{""n_neighbors"": 7, ""weights"": ""uniform"", ""metric"": ""euclidean""}",
regression,Lettuce,MDS,k-NN,2,0.6799638271331787,1.258021580055356,428,112,"{""n_neighbors"": 5, ""weights"": ""uniform"", ""metric"": ""euclidean""}",
regression,Lettuce,MDS,k-NN,3,0.7992191314697266,1.0503214015625415,425,115,"{""n_neighbors"": 7, ""weights"": ""uniform"", ""metric"": ""euclidean""}",
regression,Lettuce,MDS,k-NN,4,0.7089613676071167,1.1886415570043027,439,101,"{""n_neighbors"": 3, ""weights"": ""uniform"", ""metric"": ""euclidean""}",
regression,Lettuce,MDS,k-NN,5,0.6830679178237915,1.2360082445666194,442,98,"{""n_neighbors"": 5, ""weights"": ""uniform"", ""metric"": ""euclidean""}",
regression,Lettuce,MDS,k-NN,6,0.6868340969085693,1.334885340183973,437,103,"{""n_neighbors"": 5, ""weights"": ""uniform"", ""metric"": ""euclidean""}",
regression,Lettuce,MDS,k-NN,7,0.6879782676696777,1.106141421943903,429,111,"{""n_neighbors"": 7, ""weights"": ""uniform"", ""metric"": ""euclidean""}",
regression,Lettuce,MDS,k-NN,8,0.6579877138137817,1.3289301521144807,436,104,"{""n_neighbors"": 7, ""weights"": ""uniform"", ""metric"": ""euclidean""}",
regression,Lettuce,MDS,k-NN,9,0.7169492244720459,1.3330011758953333,439,101,"{""n_neighbors"": 7, ""weights"": ""uniform"", ""metric"": ""euclidean""}",
regression,Lettuce,No Reduction,Decision tree,0,0.7194707660493316,0.1930434531532228,426,114,"{""max_depth"": 3, ""min_samples_split"": 5}",
regression,Lettuce,No Reduction,Decision tree,1,0.7393668109103261,0.1964208977296948,431,109,"{""max_depth"": 3, ""min_samples_split"": 5}",
regression,Lettuce,No Reduction,Decision tree,2,0.6239516786578259,0.1938134310767054,428,112,"{""max_depth"": 3, ""min_samples_split"": 5}",
regression,Lettuce,No Reduction,Decision tree,3,0.7389576010083982,0.1956205801106989,425,115,"{""max_depth"": 4, ""min_samples_split"": 20}",
regression,Lettuce,No Reduction,Decision tree,4,0.7575780969755763,0.1976085295900702,439,101,"{""max_depth"": 5, ""min_samples_split"": 20}",
regression,Lettuce,No Reduction,Decision tree,5,0.6561904699448289,0.1948840818367898,442,98,"{""max_depth"": 3, ""min_samples_split"": 5}",
regression,Lettuce,No Reduction,Decision tree,6,0.6908663958633117,0.1952484962530434,437,103,"{""max_depth"": 4, ""min_samples_split"": 20}",
regression,Lettuce,No Reduction,Decision tree,7,0.6568488379008846,0.1946123200468719,429,111,"{""max_depth"": 5, ""min_samples_split"": 20}",
regression,Lettuce,No Reduction,Decision tree,8,0.6835534397526686,0.1946877297013998,436,104,"{""max_depth"": 4, ""min_samples_split"": 20}",
regression,Lettuce,No Reduction,Decision tree,9,0.6136886987634238,0.1948649720288813,439,101,"{""max_depth"": 4, ""min_samples_split"": 20}",
regression,Lettuce,No Reduction,LSTM,0,0.7345589995384216,276.260277033085,368,114,"{""K"": 4, ""units"": 64, ""dropout"": 0.1, ""lr"": 0.001}",57.0
regression,Lettuce,No Reduction,LSTM,1,0.7600795030593872,336.5134947011247,376,109,"{""K"": 6, ""units"": 32, ""dropout"": 0.2, ""lr"": 0.001}",72.0
regression,Lettuce,No Reduction,LSTM,2,0.6582522392272949,302.4944780259393,377,112,"{""K"": 4, ""units"": 64, ""dropout"": 0.1, ""lr"": 0.001}",40.0
regression,Lettuce,No Reduction,LSTM,3,0.7479085922241211,285.90369138191454,369,115,"{""K"": 4, ""units"": 32, ""dropout"": 0.1, ""lr"": 0.001}",41.0
regression,Lettuce,No Reduction,LSTM,4,0.7510301470756531,301.0042600319721,382,101,"{""K"": 4, ""units"": 64, ""dropout"": 0.1, ""lr"": 0.001}",47.0
regression,Lettuce,No Reduction,LSTM,5,0.6830745935440063,314.0679451539181,389,98,"{""K"": 2, ""units"": 32, ""dropout"": 0.2, ""lr"": 0.001}",68.0
regression,Lettuce,No Reduction,LSTM,6,0.7120887041091919,300.2662040370051,385,103,"{""K"": 6, ""units"": 32, ""dropout"": 0.2, ""lr"": 0.001}",48.0
regression,Lettuce,No Reduction,LSTM,7,0.707046389579773,266.6664638770744,374,111,"{""K"": 2, ""units"": 64, ""dropout"": 0.3, ""lr"": 0.001}",63.0
regression,Lettuce,No Reduction,LSTM,8,0.6527570486068726,320.4666311580222,383,104,"{""K"": 2, ""units"": 64, ""dropout"": 0.1, ""lr"": 0.001}",47.0
regression,Lettuce,No Reduction,LSTM,9,0.6415392756462097,354.3673330920283,392,101,"{""K"": 2, ""units"": 64, ""dropout"": 0.1, ""lr"": 0.001}",66.0
regression,Lettuce,No Reduction,MLP,0,0.721307635307312,54.48007008712739,368,114,"{""hidden"": [128, 64], ""dropout"": 0.2, ""lr"": 0.001}",48.0
regression,Lettuce,No Reduction,MLP,1,0.7693634033203125,57.79008375480771,376,109,"{""hidden"": [128, 64], ""dropout"": 0.1, ""lr"": 0.001}",82.0
regression,Lettuce,No Reduction,MLP,2,0.6609065532684326,48.471033638343215,377,112,"{""hidden"": [64, 32], ""dropout"": 0.2, ""lr"": 0.001}",48.0
regression,Lettuce,No Reduction,MLP,3,0.7366417646408081,58.86652784794569,369,115,"{""hidden"": [64, 32], ""dropout"": 0.2, ""lr"": 0.001}",57.0
regression,Lettuce,No Reduction,MLP,4,0.7704627513885498,61.63972582807765,382,101,"{""hidden"": [128, 64], ""dropout"": 0.2, ""lr"": 0.001}",22.0
regression,Lettuce,No Reduction,MLP,5,0.6615558862686157,54.916929456871,389,98,"{""hidden"": [128, 64], ""dropout"": 0.0, ""lr"": 0.001}",28.0
regression,Lettuce,No Reduction,MLP,6,0.7225748300552368,61.40441181091592,385,103,"{""hidden"": [128, 64], ""dropout"": 0.2, ""lr"": 0.001}",46.0
regression,Lettuce,No Reduction,MLP,7,0.7226406335830688,61.95102479122579,374,111,"{""hidden"": [128, 64], ""dropout"": 0.2, ""lr"": 0.001}",30.0
regression,Lettuce,No Reduction,MLP,8,0.6814422607421875,62.93298068502918,383,104,"{""hidden"": [128, 64], ""dropout"": 0.2, ""lr"": 0.001}",40.0
regression,Lettuce,No Reduction,MLP,9,0.630521297454834,61.910277384798974,392,101,"{""hidden"": [32, 16], ""dropout"": 0.1, ""lr"": 0.001}",30.0
regression,Lettuce,No Reduction,Mamba SSM,0,0.7559073567390442,1632.0376726469258,368,114,"{""K"": 2, ""units"": 64, ""dropout"": 0.0, ""lr"": 0.001}",40.0
regression,Lettuce,No Reduction,Mamba SSM,1,0.7571207880973816,1921.047064076993,376,109,"{""K"": 4, ""units"": 64, ""dropout"": 0.1, ""lr"": 0.001}",31.0
regression,Lettuce,No Reduction,Mamba SSM,2,0.6687417030334473,1646.51455161802,377,112,"{""K"": 2, ""units"": 64, ""dropout"": 0.0, ""lr"": 0.001}",24.0
regression,Lettuce,No Reduction,Mamba SSM,3,0.7633796334266663,1684.7178088059882,369,115,"{""K"": 4, ""units"": 32, ""dropout"": 0.1, ""lr"": 0.001}",49.0
regression,Lettuce,No Reduction,Mamba SSM,4,0.7469234466552734,1677.4697027700022,382,101,"{""K"": 6, ""units"": 64, ""dropout"": 0.1, ""lr"": 0.0003}",32.0
regression,Lettuce,No Reduction,Mamba SSM,5,0.6724811792373657,1686.1591528388672,389,98,"{""K"": 4, ""units"": 64, ""dropout"": 0.1, ""lr"": 0.0003}",39.0
regression,Lettuce,No Reduction,Mamba SSM,6,0.7050333023071289,1710.4402272221632,385,103,"{""K"": 6, ""units"": 64, ""dropout"": 0.1, ""lr"": 0.001}",27.0
regression,Lettuce,No Reduction,Mamba SSM,7,0.727478563785553,1387.4410780617036,374,111,"{""K"": 6, ""units"": 64, ""dropout"": 0.3, ""lr"": 0.001}",43.0
regression,Lettuce,No Reduction,Mamba SSM,8,0.6555269956588745,1800.422837200109,383,104,"{""K"": 2, ""units"": 32, ""dropout"": 0.2, ""lr"": 0.001}",37.0
regression,Lettuce,No Reduction,Mamba SSM,9,0.6312928199768066,1632.1026464817114,392,101,"{""K"": 2, ""units"": 64, ""dropout"": 0.2, ""lr"": 0.001}",38.0
regression,Lettuce,No Reduction,RNN GRU,0,0.7489951252937317,313.1221345700324,368,114,"{""K"": 4, ""units"": 32, ""dropout"": 0.0, ""lr"": 0.001}",50.0
regression,Lettuce,No Reduction,RNN GRU,1,0.7633224129676819,348.7895293259062,376,109,"{""K"": 4, ""units"": 64, ""dropout"": 0.2, ""lr"": 0.001}",49.0
regression,Lettuce,No Reduction,RNN GRU,2,0.6629149913787842,332.92228294396773,377,112,"{""K"": 2, ""units"": 64, ""dropout"": 0.1, ""lr"": 0.001}",40.0
regression,Lettuce,No Reduction,RNN GRU,3,0.755114734172821,343.8723871539114,369,115,"{""K"": 4, ""units"": 64, ""dropout"": 0.2, ""lr"": 0.001}",41.0
regression,Lettuce,No Reduction,RNN GRU,4,0.751820981502533,335.80067713500466,382,101,"{""K"": 6, ""units"": 64, ""dropout"": 0.3, ""lr"": 0.001}",34.0
regression,Lettuce,No Reduction,RNN GRU,5,0.6952599287033081,379.00207228108775,389,98,"{""K"": 6, ""units"": 64, ""dropout"": 0.1, ""lr"": 0.001}",38.0
regression,Lettuce,No Reduction,RNN GRU,6,0.7063400745391846,359.72828704002313,385,103,"{""K"": 4, ""units"": 64, ""dropout"": 0.2, ""lr"": 0.001}",45.0
regression,Lettuce,No Reduction,RNN GRU,7,0.6787073612213135,330.26295790995937,374,111,"{""K"": 4, ""units"": 32, ""dropout"": 0.2, ""lr"": 0.001}",30.0
regression,Lettuce,No Reduction,RNN GRU,8,0.6631861925125122,430.5713135279948,383,104,"{""K"": 2, ""units"": 64, ""dropout"": 0.2, ""lr"": 0.001}",57.0
regression,Lettuce,No Reduction,RNN GRU,9,0.6337549686431885,391.9029386140173,392,101,"{""K"": 2, ""units"": 32, ""dropout"": 0.1, ""lr"": 0.001}",66.0
regression,Lettuce,No Reduction,Random forest,0,0.7604817994119384,7.401167565025389,426,114,"{""n_estimators"": 100, ""max_depth"": 5, ""max_features"": ""log2"", ""min_samples_split"": 2}",
regression,Lettuce,No Reduction,Random forest,1,0.7772625349692112,7.590458116028458,431,109,"{""n_estimators"": 100, ""max_depth"": 5, ""max_features"": ""sqrt"", ""min_samples_split"": 2}",
regression,Lettuce,No Reduction,Random forest,2,0.6776948332545787,6.476506109815091,428,112,"{""n_estimators"": 100, ""max_depth"": 5, ""max_features"": ""sqrt"", ""min_samples_split"": 2}",
regression,Lettuce,No Reduction,Random forest,3,0.7784716720290377,7.374357447959483,425,115,"{""n_estimators"": 100, ""max_depth"": 5, ""max_features"": ""sqrt"", ""min_samples_split"": 2}",
regression,Lettuce,No Reduction,Random forest,4,0.760057344969173,7.490141789894551,439,101,"{""n_estimators"": 100, ""max_depth"": 5, ""max_features"": ""sqrt"", ""min_samples_split"": 2}",
regression,Lettuce,No Reduction,Random forest,5,0.6794155597789606,7.552150257863104,442,98,"{""n_estimators"": 100, ""max_depth"": 5, ""max_features"": ""log2"", ""min_samples_split"": 2}",
regression,Lettuce,No Reduction,Random forest,6,0.7147414736694141,7.463377899955958,437,103,"{""n_estimators"": 100, ""max_depth"": null, ""max_features"": ""sqrt"", ""min_samples_split"": 10}",
regression,Lettuce,No Reduction,Random forest,7,0.7156191764391758,7.353079488035291,429,111,"{""n_estimators"": 100, ""max_depth"": 5, ""max_features"": ""log2"", ""min_samples_split"": 2}",
regression,Lettuce,No Reduction,Random forest,8,0.6956229731001728,7.465139088686556,436,104,"{""n_estimators"": 100, ""max_depth"": 5, ""max_features"": ""sqrt"", ""min_samples_split"": 2}",
regression,Lettuce,No Reduction,Random forest,9,0.6793372540779671,6.583946706261486,439,101,"{""n_estimators"": 100, ""max_depth"": 5, ""max_features"": ""log2"", ""min_samples_split"": 2}",
regression,Lettuce,No Reduction,TabPFN,0,0.7356411218643188,60.66262398287654,426,114,"{""model"": ""tabpfn-v3-default""}",
regression,Lettuce,No Reduction,TabPFN,1,0.7637543678283691,60.43594411481172,431,109,"{""model"": ""tabpfn-v3-default""}",
regression,Lettuce,No Reduction,TabPFN,2,0.6550856828689575,61.12931959610432,428,112,"{""model"": ""tabpfn-v3-default""}",
regression,Lettuce,No Reduction,TabPFN,3,0.7510169148445129,61.50765557074919,425,115,"{""model"": ""tabpfn-v3-default""}",
regression,Lettuce,No Reduction,TabPFN,4,0.7483718991279602,60.52722920989618,439,101,"{""model"": ""tabpfn-v3-default""}",
regression,Lettuce,No Reduction,TabPFN,5,0.6728641986846924,61.325899456162006,442,98,"{""model"": ""tabpfn-v3-default""}",
regression,Lettuce,No Reduction,TabPFN,6,0.7091031074523926,61.91755007999018,437,103,"{""model"": ""tabpfn-v3-default""}",
regression,Lettuce,No Reduction,TabPFN,7,0.7006827592849731,60.720344566740096,429,111,"{""model"": ""tabpfn-v3-default""}",
regression,Lettuce,No Reduction,TabPFN,8,0.6788830757141113,61.36609410494566,436,104,"{""model"": ""tabpfn-v3-default""}",
regression,Lettuce,No Reduction,TabPFN,9,0.6504868268966675,61.61016631219536,439,101,"{""model"": ""tabpfn-v3-default""}",
regression,Lettuce,No Reduction,k-NN,0,0.7665203213691711,0.0403848509304225,426,114,"{""n_neighbors"": 5, ""weights"": ""uniform"", ""metric"": ""euclidean""}",
regression,Lettuce,No Reduction,k-NN,1,0.7834125757217407,0.0402034292928874,431,109,"{""n_neighbors"": 5, ""weights"": ""uniform"", ""metric"": ""euclidean""}",
regression,Lettuce,No Reduction,k-NN,2,0.6600301861763,0.0407672352157533,428,112,"{""n_neighbors"": 3, ""weights"": ""uniform"", ""metric"": ""euclidean""}",
regression,Lettuce,No Reduction,k-NN,3,0.7724982500076294,0.0403534709475934,425,115,"{""n_neighbors"": 7, ""weights"": ""uniform"", ""metric"": ""euclidean""}",
regression,Lettuce,No Reduction,k-NN,4,0.7501279711723328,0.0409197560511529,439,101,"{""n_neighbors"": 5, ""weights"": ""uniform"", ""metric"": ""euclidean""}",
regression,Lettuce,No Reduction,k-NN,5,0.6485979557037354,0.0405173418112099,442,98,"{""n_neighbors"": 5, ""weights"": ""uniform"", ""metric"": ""euclidean""}",
regression,Lettuce,No Reduction,k-NN,6,0.7472752332687378,0.0390478773042559,437,103,"{""n_neighbors"": 3, ""weights"": ""uniform"", ""metric"": ""euclidean""}",
regression,Lettuce,No Reduction,k-NN,7,0.7065596580505371,0.040792834945023,429,111,"{""n_neighbors"": 5, ""weights"": ""uniform"", ""metric"": ""euclidean""}",
regression,Lettuce,No Reduction,k-NN,8,0.6586236953735352,0.0393688911572098,436,104,"{""n_neighbors"": 5, ""weights"": ""uniform"", ""metric"": ""euclidean""}",
regression,Lettuce,No Reduction,k-NN,9,0.6524895429611206,0.0386015828698873,439,101,"{""n_neighbors"": 3, ""weights"": ""uniform"", ""metric"": ""euclidean""}",
regression,Lettuce,PCA,Decision tree,0,0.7547803125099712,0.1616397551260888,426,114,"{""max_depth"": 4, ""min_samples_split"": 5}",
regression,Lettuce,PCA,Decision tree,1,0.7179031315488504,0.1611946513876319,431,109,"{""max_depth"": 4, ""min_samples_split"": 20}",
regression,Lettuce,PCA,Decision tree,2,0.6259953920166238,0.1599085773341357,428,112,"{""max_depth"": 3, ""min_samples_split"": 5}",
regression,Lettuce,PCA,Decision tree,3,0.7613725474146678,0.1636560456827283,425,115,"{""max_depth"": 4, ""min_samples_split"": 5}",
regression,Lettuce,PCA,Decision tree,4,0.714771330740193,0.1632469529286027,439,101,"{""max_depth"": 5, ""min_samples_split"": 5}",
regression,Lettuce,PCA,Decision tree,5,0.6176225319149335,0.1663097841665148,442,98,"{""max_depth"": 5, ""min_samples_split"": 10}",
regression,Lettuce,PCA,Decision tree,6,0.6524849056644438,0.1602119910530746,437,103,"{""max_depth"": 4, ""min_samples_split"": 10}",
regression,Lettuce,PCA,Decision tree,7,0.6539139068658324,0.159372772090137,429,111,"{""max_depth"": 5, ""min_samples_split"": 5}",
regression,Lettuce,PCA,Decision tree,8,0.6672845627662849,0.1615467350929975,436,104,"{""max_depth"": 4, ""min_samples_split"": 5}",
regression,Lettuce,PCA,Decision tree,9,0.6381090216463108,0.1846418660134077,439,101,"{""max_depth"": 4, ""min_samples_split"": 20}",
regression,Lettuce,PCA,LSTM,0,0.714616060256958,336.81250176602043,368,114,"{""K"": 4, ""units"": 64, ""dropout"": 0.3, ""lr"": 0.001}",40.0
regression,Lettuce,PCA,LSTM,1,0.7565404772758484,404.762225265149,376,109,"{""K"": 6, ""units"": 32, ""dropout"": 0.3, ""lr"": 0.001}",65.0
regression,Lettuce,PCA,LSTM,2,0.6626944541931152,357.9195194509812,377,112,"{""K"": 6, ""units"": 64, ""dropout"": 0.1, ""lr"": 0.001}",37.0
regression,Lettuce,PCA,LSTM,3,0.7469729781150818,356.2895902839955,369,115,"{""K"": 6, ""units"": 64, ""dropout"": 0.1, ""lr"": 0.001}",41.0
regression,Lettuce,PCA,LSTM,4,0.7497592568397522,328.7990603118669,382,101,"{""K"": 6, ""units"": 64, ""dropout"": 0.0, ""lr"": 0.001}",47.0
regression,Lettuce,PCA,LSTM,5,0.6917107105255127,395.0000022270251,389,98,"{""K"": 2, ""units"": 64, ""dropout"": 0.1, ""lr"": 0.001}",29.0
regression,Lettuce,PCA,LSTM,6,0.6708240509033203,361.0207846558187,385,103,"{""K"": 2, ""units"": 64, ""dropout"": 0.3, ""lr"": 0.001}",48.0
regression,Lettuce,PCA,LSTM,7,0.6854993104934692,355.26193721592426,374,111,"{""K"": 2, ""units"": 64, ""dropout"": 0.2, ""lr"": 0.001}",49.0
regression,Lettuce,PCA,LSTM,8,0.6750748753547668,321.77037889906205,383,104,"{""K"": 4, ""units"": 64, ""dropout"": 0.0, ""lr"": 0.001}",55.0
regression,Lettuce,PCA,LSTM,9,0.6399520635604858,384.6572086198721,392,101,"{""K"": 6, ""units"": 32, ""dropout"": 0.4, ""lr"": 0.001}",54.0
regression,Lettuce,PCA,MLP,0,0.7225008010864258,71.07153217680752,368,114,"{""hidden"": [128, 64], ""dropout"": 0.2, ""lr"": 0.001}",41.0
regression,Lettuce,PCA,MLP,1,0.7613714337348938,69.60689892387018,376,109,"{""hidden"": [128, 64], ""dropout"": 0.1, ""lr"": 0.001}",28.0
regression,Lettuce,PCA,MLP,2,0.6701220870018005,69.63323491998017,377,112,"{""hidden"": [128, 64], ""dropout"": 0.2, ""lr"": 0.001}",36.0
regression,Lettuce,PCA,MLP,3,0.7464076280593872,72.68749780626968,369,115,"{""hidden"": [128, 64], ""dropout"": 0.0, ""lr"": 0.001}",44.0
regression,Lettuce,PCA,MLP,4,0.7559593319892883,77.82764179678634,382,101,"{""hidden"": [128, 64], ""dropout"": 0.1, ""lr"": 0.001}",47.0
regression,Lettuce,PCA,MLP,5,0.6765022277832031,69.99379640910774,389,98,"{""hidden"": [128, 64], ""dropout"": 0.0, ""lr"": 0.001}",28.0
regression,Lettuce,PCA,MLP,6,0.7068725228309631,68.92379225185141,385,103,"{""hidden"": [128, 64], ""dropout"": 0.1, ""lr"": 0.001}",57.0
regression,Lettuce,PCA,MLP,7,0.7022184133529663,81.82824876299128,374,111,"{""hidden"": [128, 64], ""dropout"": 0.2, ""lr"": 0.001}",48.0
regression,Lettuce,PCA,MLP,8,0.6971332430839539,68.03072047140449,383,104,"{""hidden"": [128, 64], ""dropout"": 0.1, ""lr"": 0.001}",32.0
regression,Lettuce,PCA,MLP,9,0.6482944488525391,81.22543244389817,392,101,"{""hidden"": [128, 64], ""dropout"": 0.0, ""lr"": 0.001}",40.0
regression,Lettuce,PCA,Mamba SSM,0,0.6972248554229736,1546.2953823629068,368,114,"{""K"": 6, ""units"": 64, ""dropout"": 0.0, ""lr"": 0.001}",22.0
regression,Lettuce,PCA,Mamba SSM,1,0.7491921186447144,1739.900285039912,376,109,"{""K"": 2, ""units"": 64, ""dropout"": 0.3, ""lr"": 0.001}",97.0
regression,Lettuce,PCA,Mamba SSM,2,0.6533586978912354,1604.524990998092,377,112,"{""K"": 4, ""units"": 64, ""dropout"": 0.3, ""lr"": 0.001}",42.0
regression,Lettuce,PCA,Mamba SSM,3,0.750857949256897,1506.9666935330024,369,115,"{""K"": 2, ""units"": 64, ""dropout"": 0.1, ""lr"": 0.001}",29.0
regression,Lettuce,PCA,Mamba SSM,4,0.733528196811676,1557.7474990790945,382,101,"{""K"": 4, ""units"": 64, ""dropout"": 0.3, ""lr"": 0.001}",36.0
regression,Lettuce,PCA,Mamba SSM,5,0.685196042060852,1877.5117698446847,389,98,"{""K"": 2, ""units"": 32, ""dropout"": 0.0, ""lr"": 0.001}",22.0
regression,Lettuce,PCA,Mamba SSM,6,0.6973806619644165,1609.958658093121,385,103,"{""K"": 4, ""units"": 64, ""dropout"": 0.1, ""lr"": 0.001}",48.0
regression,Lettuce,PCA,Mamba SSM,7,0.7033959627151489,1405.943224055227,374,111,"{""K"": 2, ""units"": 64, ""dropout"": 0.2, ""lr"": 0.0003}",53.0
regression,Lettuce,PCA,Mamba SSM,8,0.6643127799034119,1441.5683489167131,383,104,"{""K"": 2, ""units"": 64, ""dropout"": 0.2, ""lr"": 0.0003}",25.0
regression,Lettuce,PCA,Mamba SSM,9,0.6536639928817749,1655.0402040351182,392,101,"{""K"": 2, ""units"": 64, ""dropout"": 0.1, ""lr"": 0.001}",28.0
regression,Lettuce,PCA,RNN GRU,0,0.7327187061309814,380.3269085169304,368,114,"{""K"": 4, ""units"": 64, ""dropout"": 0.1, ""lr"": 0.001}",41.0
regression,Lettuce,PCA,RNN GRU,1,0.7572298645973206,413.25201208295766,376,109,"{""K"": 6, ""units"": 64, ""dropout"": 0.0, ""lr"": 0.001}",49.0
regression,Lettuce,PCA,RNN GRU,2,0.6529076099395752,391.68310201202985,377,112,"{""K"": 4, ""units"": 64, ""dropout"": 0.1, ""lr"": 0.001}",41.0
regression,Lettuce,PCA,RNN GRU,3,0.7445105910301208,442.9701581329573,369,115,"{""K"": 6, ""units"": 64, ""dropout"": 0.3, ""lr"": 0.001}",82.0
regression,Lettuce,PCA,RNN GRU,4,0.7477657794952393,378.12014044693206,382,101,"{""K"": 4, ""units"": 64, ""dropout"": 0.2, ""lr"": 0.001}",47.0
regression,Lettuce,PCA,RNN GRU,5,0.6914169788360596,539.4308119060006,389,98,"{""K"": 6, ""units"": 64, ""dropout"": 0.0, ""lr"": 0.001}",39.0
regression,Lettuce,PCA,RNN GRU,6,0.6907063722610474,386.2840248590801,385,103,"{""K"": 2, ""units"": 64, ""dropout"": 0.3, ""lr"": 0.001}",40.0
regression,Lettuce,PCA,RNN GRU,7,0.699619710445404,393.1132317610318,374,111,"{""K"": 4, ""units"": 64, ""dropout"": 0.2, ""lr"": 0.001}",45.0
regression,Lettuce,PCA,RNN GRU,8,0.6845967173576355,339.9207447160734,383,104,"{""K"": 4, ""units"": 64, ""dropout"": 0.4, ""lr"": 0.001}",37.0
regression,Lettuce,PCA,RNN GRU,9,0.6581403017044067,445.6485702570062,392,101,"{""K"": 4, ""units"": 64, ""dropout"": 0.0, ""lr"": 0.001}",43.0
regression,Lettuce,PCA,Random forest,0,0.7697755346988624,7.437260539736599,426,114,"{""n_estimators"": 100, ""max_depth"": 5, ""max_features"": ""sqrt"", ""min_samples_split"": 2}",
regression,Lettuce,PCA,Random forest,1,0.770859234541724,7.385495078749955,431,109,"{""n_estimators"": 100, ""max_depth"": 5, ""max_features"": ""sqrt"", ""min_samples_split"": 2}",
regression,Lettuce,PCA,Random forest,2,0.6818074771171737,7.220903859008104,428,112,"{""n_estimators"": 100, ""max_depth"": 5, ""max_features"": ""sqrt"", ""min_samples_split"": 2}",
regression,Lettuce,PCA,Random forest,3,0.7867141269987792,7.741848278325051,425,115,"{""n_estimators"": 100, ""max_depth"": 5, ""max_features"": ""sqrt"", ""min_samples_split"": 2}",
regression,Lettuce,PCA,Random forest,4,0.7585523708785655,7.442520109005272,439,101,"{""n_estimators"": 100, ""max_depth"": 5, ""max_features"": ""sqrt"", ""min_samples_split"": 2}",
regression,Lettuce,PCA,Random forest,5,0.6851611778294318,7.41476040892303,442,98,"{""n_estimators"": 100, ""max_depth"": 5, ""max_features"": ""sqrt"", ""min_samples_split"": 2}",
regression,Lettuce,PCA,Random forest,6,0.7306712293261852,7.347126172855496,437,103,"{""n_estimators"": 100, ""max_depth"": 5, ""max_features"": ""sqrt"", ""min_samples_split"": 2}",
regression,Lettuce,PCA,Random forest,7,0.7201934386784148,6.520176595076919,429,111,"{""n_estimators"": 100, ""max_depth"": 5, ""max_features"": ""sqrt"", ""min_samples_split"": 2}",
regression,Lettuce,PCA,Random forest,8,0.6824915596123521,6.4257174101658165,436,104,"{""n_estimators"": 100, ""max_depth"": 5, ""max_features"": ""sqrt"", ""min_samples_split"": 2}",
regression,Lettuce,PCA,Random forest,9,0.6927519336414601,7.75009328732267,439,101,"{""n_estimators"": 100, ""max_depth"": 5, ""max_features"": ""sqrt"", ""min_samples_split"": 2}",
regression,Lettuce,PCA,TabPFN,0,0.7344107627868652,18.1439211666584,426,114,"{""model"": ""tabpfn-v3-default""}",
regression,Lettuce,PCA,TabPFN,1,0.7611130475997925,18.09982213797048,431,109,"{""model"": ""tabpfn-v3-default""}",
regression,Lettuce,PCA,TabPFN,2,0.654690146446228,18.05092318728566,428,112,"{""model"": ""tabpfn-v3-default""}",
regression,Lettuce,PCA,TabPFN,3,0.7528873085975647,18.008596824016422,425,115,"{""model"": ""tabpfn-v3-default""}",
regression,Lettuce,PCA,TabPFN,4,0.7482433915138245,18.9772011609748,439,101,"{""model"": ""tabpfn-v3-default""}",
regression,Lettuce,PCA,TabPFN,5,0.6750354170799255,19.336821702308956,442,98,"{""model"": ""tabpfn-v3-default""}",
regression,Lettuce,PCA,TabPFN,6,0.7024030685424805,19.319163399748504,437,103,"{""model"": ""tabpfn-v3-default""}",
regression,Lettuce,PCA,TabPFN,7,0.6939240097999573,18.48361694486812,429,111,"{""model"": ""tabpfn-v3-default""}",
regression,Lettuce,PCA,TabPFN,8,0.6859700679779053,18.16597436415032,436,104,"{""model"": ""tabpfn-v3-default""}",
regression,Lettuce,PCA,TabPFN,9,0.6533666849136353,18.69146369304508,439,101,"{""model"": ""tabpfn-v3-default""}",
regression,Lettuce,PCA,k-NN,0,0.7692431211471558,0.0593721391633152,426,114,"{""n_neighbors"": 5, ""weights"": ""uniform"", ""metric"": ""euclidean""}",
regression,Lettuce,PCA,k-NN,1,0.7496595978736877,0.0574526591226458,431,109,"{""n_neighbors"": 7, ""weights"": ""uniform"", ""metric"": ""euclidean""}",
regression,Lettuce,PCA,k-NN,2,0.6600301861763,0.0589055144228041,428,112,"{""n_neighbors"": 3, ""weights"": ""uniform"", ""metric"": ""euclidean""}",
regression,Lettuce,PCA,k-NN,3,0.7647566795349121,0.058798274025321,425,115,"{""n_neighbors"": 7, ""weights"": ""uniform"", ""metric"": ""euclidean""}",
regression,Lettuce,PCA,k-NN,4,0.7418563365936279,0.0641657589003443,439,101,"{""n_neighbors"": 5, ""weights"": ""uniform"", ""metric"": ""euclidean""}",
regression,Lettuce,PCA,k-NN,5,0.6442892551422119,0.0589604047127068,442,98,"{""n_neighbors"": 5, ""weights"": ""uniform"", ""metric"": ""euclidean""}",
regression,Lettuce,PCA,k-NN,6,0.7348606586456299,0.0596198318526148,437,103,"{""n_neighbors"": 3, ""weights"": ""uniform"", ""metric"": ""euclidean""}",
regression,Lettuce,PCA,k-NN,7,0.7178035974502563,0.0608710050582885,429,111,"{""n_neighbors"": 5, ""weights"": ""uniform"", ""metric"": ""euclidean""}",
regression,Lettuce,PCA,k-NN,8,0.6488124132156372,0.057941413950175,436,104,"{""n_neighbors"": 5, ""weights"": ""uniform"", ""metric"": ""euclidean""}",
regression,Lettuce,PCA,k-NN,9,0.6461215615272522,0.0593583988957107,439,101,"{""n_neighbors"": 3, ""weights"": ""uniform"", ""metric"": ""euclidean""}",
regression,Onion,BOTCAST,Decision tree,0,0.3548662217831364,0.1080736890435218,730,192,"{""max_depth"": 5, ""min_samples_split"": 5}",
regression,Onion,BOTCAST,Decision tree,1,0.3675988036308968,0.1909916861914098,750,172,"{""max_depth"": 5, ""min_samples_split"": 5}",
regression,Onion,BOTCAST,Decision tree,2,0.2483019873360827,0.1058210050687193,732,190,"{""max_depth"": 5, ""min_samples_split"": 5}",
regression,Onion,BOTCAST,Decision tree,3,0.1463364820539919,0.1077722259797155,740,182,"{""max_depth"": 5, ""min_samples_split"": 5}",
regression,Onion,BOTCAST,Decision tree,4,0.2414733061909565,0.0938988411799073,727,195,"{""max_depth"": 5, ""min_samples_split"": 5}",
regression,Onion,BOTCAST,Decision tree,5,0.3316264898831349,0.0954822776839137,738,184,"{""max_depth"": 5, ""min_samples_split"": 5}",
regression,Onion,BOTCAST,Decision tree,6,0.376511776205103,0.1035581128671765,730,192,"{""max_depth"": 5, ""min_samples_split"": 5}",
regression,Onion,BOTCAST,Decision tree,7,0.3433285846355972,0.1046649748459458,744,178,"{""max_depth"": 5, ""min_samples_split"": 5}",
regression,Onion,BOTCAST,Decision tree,8,0.2555047610407802,0.1052586808800697,739,183,"{""max_depth"": 5, ""min_samples_split"": 5}",
regression,Onion,BOTCAST,Decision tree,9,0.3474692868049854,0.1010840167291462,730,192,"{""max_depth"": 5, ""min_samples_split"": 5}",
regression,Onion,BOTCAST,LSTM,0,0.4933871030807495,792.6770383070689,642,192,"{""K"": 2, ""units"": 32, ""dropout"": 0.2, ""lr"": 0.001}",54.0
regression,Onion,BOTCAST,LSTM,1,0.5026867985725403,1010.2021270301192,656,172,"{""K"": 6, ""units"": 64, ""dropout"": 0.0, ""lr"": 0.001}",76.0
regression,Onion,BOTCAST,LSTM,2,0.4541645050048828,901.818205955904,634,190,"{""K"": 4, ""units"": 32, ""dropout"": 0.2, ""lr"": 0.001}",80.0
regression,Onion,BOTCAST,LSTM,3,0.4553111791610718,882.5777176851407,651,182,"{""K"": 2, ""units"": 64, ""dropout"": 0.3, ""lr"": 0.001}",90.0
regression,Onion,BOTCAST,LSTM,4,0.5304747819900513,900.9312388319522,630,195,"{""K"": 2, ""units"": 64, ""dropout"": 0.2, ""lr"": 0.001}",98.0
regression,Onion,BOTCAST,LSTM,5,0.4751374721527099,783.5976030239835,634,184,"{""K"": 2, ""units"": 64, ""dropout"": 0.0, ""lr"": 0.001}",78.0
regression,Onion,BOTCAST,LSTM,6,0.4802299737930298,895.7569624700118,633,192,"{""K"": 6, ""units"": 64, ""dropout"": 0.2, ""lr"": 0.001}",83.0
regression,Onion,BOTCAST,LSTM,7,0.5007929801940918,773.992520546075,647,178,"{""K"": 6, ""units"": 64, ""dropout"": 0.1, ""lr"": 0.001}",32.0
regression,Onion,BOTCAST,LSTM,8,0.4397598505020141,973.8414980398956,642,183,"{""K"": 4, ""units"": 32, ""dropout"": 0.1, ""lr"": 0.001}",109.0
regression,Onion,BOTCAST,LSTM,9,0.5058811902999878,1017.9386624549516,626,192,"{""K"": 4, ""units"": 64, ""dropout"": 0.0, ""lr"": 0.001}",68.0
regression,Onion,BOTCAST,MLP,0,0.4819633960723877,273.2981757656671,642,192,"{""hidden"": [32, 16], ""dropout"": 0.0, ""lr"": 0.001}",138.0
regression,Onion,BOTCAST,MLP,1,0.4657578468322754,298.57771287392825,656,172,"{""hidden"": [128, 64], ""dropout"": 0.0, ""lr"": 0.001}",76.0
regression,Onion,BOTCAST,MLP,2,0.4365320205688476,314.0454419986345,634,190,"{""hidden"": [128, 64], ""dropout"": 0.0, ""lr"": 0.001}",79.0
regression,Onion,BOTCAST,MLP,3,0.290324330329895,269.58469434501603,651,182,"{""hidden"": [128, 64], ""dropout"": 0.0, ""lr"": 0.001}",49.0
regression,Onion,BOTCAST,MLP,4,0.4735245704650879,287.7376126418821,630,195,"{""hidden"": [128, 64], ""dropout"": 0.0, ""lr"": 0.001}",70.0
regression,Onion,BOTCAST,MLP,5,0.4397671818733215,286.11257364507765,634,184,"{""hidden"": [128, 64], ""dropout"": 0.1, ""lr"": 0.001}",64.0
regression,Onion,BOTCAST,MLP,6,0.4029588103294372,265.2486681798473,633,192,"{""hidden"": [64, 32], ""dropout"": 0.0, ""lr"": 0.001}",43.0
regression,Onion,BOTCAST,MLP,7,0.5135659575462341,274.73890341771767,647,178,"{""hidden"": [128, 64], ""dropout"": 0.1, ""lr"": 0.001}",64.0
regression,Onion,BOTCAST,MLP,8,0.3856664299964905,297.1107796761207,642,183,"{""hidden"": [128, 64], ""dropout"": 0.0, ""lr"": 0.001}",113.0
regression,Onion,BOTCAST,MLP,9,0.5179315805435181,349.5364302662201,626,192,"{""hidden"": [64, 32], ""dropout"": 0.0, ""lr"": 0.001}",64.0
regression,Onion,BOTCAST,Mamba SSM,0,0.4883529543876648,2609.33444004308,642,192,"{""K"": 6, ""units"": 64, ""dropout"": 0.2, ""lr"": 0.001}",36.0
regression,Onion,BOTCAST,Mamba SSM,1,0.4920412302017212,2945.5994219509885,656,172,"{""K"": 4, ""units"": 64, ""dropout"": 0.1, ""lr"": 0.001}",25.0
regression,Onion,BOTCAST,Mamba SSM,2,0.4034419059753418,2749.814788074,634,190,"{""K"": 6, ""units"": 64, ""dropout"": 0.2, ""lr"": 0.0003}",30.0
regression,Onion,BOTCAST,Mamba SSM,3,0.4528108835220337,3113.780702976976,651,182,"{""K"": 4, ""units"": 64, ""dropout"": 0.3, ""lr"": 0.001}",53.0
regression,Onion,BOTCAST,Mamba SSM,4,0.508025050163269,2870.256090821,630,195,"{""K"": 4, ""units"": 64, ""dropout"": 0.1, ""lr"": 0.0003}",27.0
regression,Onion,BOTCAST,Mamba SSM,5,0.5095481872558594,2523.374960846035,634,184,"{""K"": 6, ""units"": 32, ""dropout"": 0.0, ""lr"": 0.001}",45.0
regression,Onion,BOTCAST,Mamba SSM,6,0.4704841375350952,2809.0500266780145,633,192,"{""K"": 4, ""units"": 32, ""dropout"": 0.3, ""lr"": 0.001}",36.0
regression,Onion,BOTCAST,Mamba SSM,7,0.5225996971130371,2946.94710006495,647,178,"{""K"": 2, ""units"": 32, ""dropout"": 0.2, ""lr"": 0.001}",25.0
regression,Onion,BOTCAST,Mamba SSM,8,0.412411093711853,2989.969636538066,642,183,"{""K"": 4, ""units"": 32, ""dropout"": 0.1, ""lr"": 0.001}",43.0
regression,Onion,BOTCAST,Mamba SSM,9,0.4965863227844238,3211.385529052932,626,192,"{""K"": 6, ""units"": 64, ""dropout"": 0.1, ""lr"": 0.001}",25.0
regression,Onion,BOTCAST,RNN GRU,0,0.5066031217575073,1019.2441556869308,642,192,"{""K"": 6, ""units"": 64, ""dropout"": 0.1, ""lr"": 0.001}",79.0
regression,Onion,BOTCAST,RNN GRU,1,0.4778065681457519,1022.3272133980644,656,172,"{""K"": 6, ""units"": 64, ""dropout"": 0.1, ""lr"": 0.001}",58.0
regression,Onion,BOTCAST,RNN GRU,2,0.4655308127403259,1088.7622896550456,634,190,"{""K"": 4, ""units"": 64, ""dropout"": 0.1, ""lr"": 0.001}",73.0
regression,Onion,BOTCAST,RNN GRU,3,0.4379258751869201,1101.0974335299106,651,182,"{""K"": 2, ""units"": 32, ""dropout"": 0.1, ""lr"": 0.001}",76.0
regression,Onion,BOTCAST,RNN GRU,4,0.5274914503097534,1056.6120851779124,630,195,"{""K"": 6, ""units"": 32, ""dropout"": 0.1, ""lr"": 0.001}",62.0
regression,Onion,BOTCAST,RNN GRU,5,0.4632164239883423,949.0738168950191,634,184,"{""K"": 2, ""units"": 64, ""dropout"": 0.2, ""lr"": 0.001}",80.0
regression,Onion,BOTCAST,RNN GRU,6,0.4731627106666565,1042.2270818219986,633,192,"{""K"": 6, ""units"": 32, ""dropout"": 0.0, ""lr"": 0.001}",38.0
regression,Onion,BOTCAST,RNN GRU,7,0.5031130313873291,941.7640418059892,647,178,"{""K"": 4, ""units"": 64, ""dropout"": 0.1, ""lr"": 0.001}",34.0
regression,Onion,BOTCAST,RNN GRU,8,0.4032297730445862,1003.7477455609478,642,183,"{""K"": 2, ""units"": 32, ""dropout"": 0.1, ""lr"": 0.001}",61.0
regression,Onion,BOTCAST,RNN GRU,9,0.5277936458587646,1112.6717019290663,626,192,"{""K"": 2, ""units"": 64, ""dropout"": 0.1, ""lr"": 0.001}",66.0
regression,Onion,BOTCAST,Random forest,0,0.5545657813863148,6.296409931965172,730,192,"{""n_estimators"": 100, ""max_depth"": 10, ""max_features"": ""log2"", ""min_samples_split"": 5}",
regression,Onion,BOTCAST,Random forest,1,0.5139318428808091,5.809429761022329,750,172,"{""n_estimators"": 100, ""max_depth"": 10, ""max_features"": ""sqrt"", ""min_samples_split"": 10}",
regression,Onion,BOTCAST,Random forest,2,0.4220076440902395,5.783638041000813,732,190,"{""n_estimators"": 100, ""max_depth"": 10, ""max_features"": ""sqrt"", ""min_samples_split"": 5}",
regression,Onion,BOTCAST,Random forest,3,0.3920180265840496,6.448795126285404,740,182,"{""n_estimators"": 100, ""max_depth"": 10, ""max_features"": ""sqrt"", ""min_samples_split"": 5}",
regression,Onion,BOTCAST,Random forest,4,0.4864612725785994,6.395651280414313,727,195,"{""n_estimators"": 100, ""max_depth"": 10, ""max_features"": ""sqrt"", ""min_samples_split"": 10}",
regression,Onion,BOTCAST,Random forest,5,0.4771621816376191,5.883817518595606,738,184,"{""n_estimators"": 100, ""max_depth"": 10, ""max_features"": ""sqrt"", ""min_samples_split"": 2}",
regression,Onion,BOTCAST,Random forest,6,0.5056077986087963,6.271947477012873,730,192,"{""n_estimators"": 100, ""max_depth"": 10, ""max_features"": ""sqrt"", ""min_samples_split"": 10}",
regression,Onion,BOTCAST,Random forest,7,0.5060042467342158,6.450838666874915,744,178,"{""n_estimators"": 100, ""max_depth"": 10, ""max_features"": ""sqrt"", ""min_samples_split"": 10}",
regression,Onion,BOTCAST,Random forest,8,0.3811071051978032,6.287517109885812,739,183,"{""n_estimators"": 100, ""max_depth"": 10, ""max_features"": ""sqrt"", ""min_samples_split"": 10}",
regression,Onion,BOTCAST,Random forest,9,0.5090959359988414,5.735764710232616,730,192,"{""n_estimators"": 100, ""max_depth"": 10, ""max_features"": ""sqrt"", ""min_samples_split"": 10}",
regression,Onion,BOTCAST,TabPFN,0,0.534227192401886,25.118429760914296,730,192,"{""model"": ""tabpfn-v3-default""}",
regression,Onion,BOTCAST,TabPFN,1,0.5188230276107788,24.916989424731582,750,172,"{""model"": ""tabpfn-v3-default""}",
regression,Onion,BOTCAST,TabPFN,2,0.4397724866867065,24.395984383299947,732,190,"{""model"": ""tabpfn-v3-default""}",
regression,Onion,BOTCAST,TabPFN,3,0.3961156606674194,25.59806755790487,740,182,"{""model"": ""tabpfn-v3-default""}",
regression,Onion,BOTCAST,TabPFN,4,0.4822962284088135,24.47999551380053,727,195,"{""model"": ""tabpfn-v3-default""}",
regression,Onion,BOTCAST,TabPFN,5,0.4800664782524109,24.58440702781081,738,184,"{""model"": ""tabpfn-v3-default""}",
regression,Onion,BOTCAST,TabPFN,6,0.4846518635749817,25.62275783671066,730,192,"{""model"": ""tabpfn-v3-default""}",
regression,Onion,BOTCAST,TabPFN,7,0.4980919361114502,25.7350145210512,744,178,"{""model"": ""tabpfn-v3-default""}",
regression,Onion,BOTCAST,TabPFN,8,0.3790307641029358,25.04316949332133,739,183,"{""model"": ""tabpfn-v3-default""}",
regression,Onion,BOTCAST,TabPFN,9,0.5020312070846558,24.618616411928087,730,192,"{""model"": ""tabpfn-v3-default""}",
regression,Onion,BOTCAST,k-NN,0,0.5143700242042542,0.0574614610522985,730,192,"{""n_neighbors"": 7, ""weights"": ""uniform"", ""metric"": ""euclidean""}",
regression,Onion,BOTCAST,k-NN,1,0.4120820760726928,0.0654717548750341,750,172,"{""n_neighbors"": 7, ""weights"": ""uniform"", ""metric"": ""euclidean""}",
regression,Onion,BOTCAST,k-NN,2,0.3709712028503418,0.0878486577421426,732,190,"{""n_neighbors"": 7, ""weights"": ""uniform"", ""metric"": ""euclidean""}",
regression,Onion,BOTCAST,k-NN,3,0.2772541046142578,0.0663719638250768,740,182,"{""n_neighbors"": 7, ""weights"": ""uniform"", ""metric"": ""euclidean""}",
regression,Onion,BOTCAST,k-NN,4,0.4251506924629211,0.0545092299580574,727,195,"{""n_neighbors"": 7, ""weights"": ""uniform"", ""metric"": ""euclidean""}",
regression,Onion,BOTCAST,k-NN,5,0.3779380917549133,0.0641538500785827,738,184,"{""n_neighbors"": 7, ""weights"": ""uniform"", ""metric"": ""euclidean""}",
regression,Onion,BOTCAST,k-NN,6,0.4842779636383056,0.1051261289976537,730,192,"{""n_neighbors"": 7, ""weights"": ""uniform"", ""metric"": ""euclidean""}",
regression,Onion,BOTCAST,k-NN,7,0.4723226428031921,0.063912137877196,744,178,"{""n_neighbors"": 7, ""weights"": ""uniform"", ""metric"": ""euclidean""}",
regression,Onion,BOTCAST,k-NN,8,0.1532278656959533,0.0634839329868555,739,183,"{""n_neighbors"": 7, ""weights"": ""uniform"", ""metric"": ""euclidean""}",
regression,Onion,BOTCAST,k-NN,9,0.4695500135421753,0.0641166297718882,730,192,"{""n_neighbors"": 7, ""weights"": ""uniform"", ""metric"": ""euclidean""}",
regression,Onion,Isomap,Decision tree,0,0.3536934177160576,3.4176638829521835,730,192,"{""max_depth"": 5, ""min_samples_split"": 10}",
regression,Onion,Isomap,Decision tree,1,0.1138114503899204,3.178186798933893,750,172,"{""max_depth"": 5, ""min_samples_split"": 20}",
regression,Onion,Isomap,Decision tree,2,0.1183840521942768,2.998980076983571,732,190,"{""max_depth"": 5, ""min_samples_split"": 5}",
regression,Onion,Isomap,Decision tree,3,0.1181767605761436,3.4901680909097195,740,182,"{""max_depth"": 5, ""min_samples_split"": 20}",
regression,Onion,Isomap,Decision tree,4,0.3455258431698808,3.589081786107272,727,195,"{""max_depth"": 5, ""min_samples_split"": 20}",
regression,Onion,Isomap,Decision tree,5,0.4317635484891765,3.5333058731630445,738,184,"{""max_depth"": 5, ""min_samples_split"": 20}",
regression,Onion,Isomap,Decision tree,6,0.2842568167888269,3.656026615761221,730,192,"{""max_depth"": 4, ""min_samples_split"": 20}",
regression,Onion,Isomap,Decision tree,7,0.3754243213892297,3.624307034071535,744,178,"{""max_depth"": 5, ""min_samples_split"": 5}",
regression,Onion,Isomap,Decision tree,8,0.1580773958203442,3.266397641971708,739,183,"{""max_depth"": 5, ""min_samples_split"": 20}",
regression,Onion,Isomap,Decision tree,9,0.3640732128055062,3.6451408020220697,730,192,"{""max_depth"": 5, ""min_samples_split"": 20}",
regression,Onion,Isomap,LSTM,0,0.49761962890625,619.1594208779279,642,192,"{""K"": 4, ""units"": 64, ""dropout"": 0.4, ""lr"": 0.001}",28.0
regression,Onion,Isomap,LSTM,1,0.4866657257080078,511.2490238498431,656,172,"{""K"": 4, ""units"": 64, ""dropout"": 0.3, ""lr"": 0.001}",31.0
regression,Onion,Isomap,LSTM,2,0.4082748293876648,470.1456960260402,634,190,"{""K"": 4, ""units"": 32, ""dropout"": 0.2, ""lr"": 0.001}",57.0
regression,Onion,Isomap,LSTM,3,0.4001528024673462,494.36143068107776,651,182,"{""K"": 6, ""units"": 32, ""dropout"": 0.2, ""lr"": 0.001}",64.0
regression,Onion,Isomap,LSTM,4,0.5316940546035767,469.6396873060148,630,195,"{""K"": 4, ""units"": 32, ""dropout"": 0.1, ""lr"": 0.0003}",75.0
regression,Onion,Isomap,LSTM,5,0.4772934317588806,522.3751375849824,634,184,"{""K"": 6, ""units"": 64, ""dropout"": 0.1, ""lr"": 0.001}",45.0
regression,Onion,Isomap,LSTM,6,0.4819387793540954,483.903445049189,633,192,"{""K"": 4, ""units"": 64, ""dropout"": 0.2, ""lr"": 0.001}",36.0
regression,Onion,Isomap,LSTM,7,0.5194916725158691,486.8637982800137,647,178,"{""K"": 4, ""units"": 64, ""dropout"": 0.2, ""lr"": 0.001}",90.0
regression,Onion,Isomap,LSTM,8,0.4138502478599548,601.7994578569196,642,183,"{""K"": 4, ""units"": 32, ""dropout"": 0.3, ""lr"": 0.001}",45.0
regression,Onion,Isomap,LSTM,9,0.5227199792861938,579.6033817890566,626,192,"{""K"": 4, ""units"": 64, ""dropout"": 0.2, ""lr"": 0.001}",41.0
regression,Onion,Isomap,MLP,0,0.5151298642158508,166.47514429409057,642,192,"{""hidden"": [128, 64], ""dropout"": 0.1, ""lr"": 0.001}",33.0
regression,Onion,Isomap,MLP,1,0.5022480487823486,166.06855865335092,656,172,"{""hidden"": [128, 64], ""dropout"": 0.2, ""lr"": 0.001}",52.0
regression,Onion,Isomap,MLP,2,0.4224072098731994,176.84668356506154,634,190,"{""hidden"": [128, 64], ""dropout"": 0.1, ""lr"": 0.001}",27.0
regression,Onion,Isomap,MLP,3,0.429579496383667,168.15490126376972,651,182,"{""hidden"": [64, 32], ""dropout"": 0.2, ""lr"": 0.001}",84.0
regression,Onion,Isomap,MLP,4,0.5252346992492676,155.46693853009492,630,195,"{""hidden"": [128, 64], ""dropout"": 0.1, ""lr"": 0.001}",39.0
regression,Onion,Isomap,MLP,5,0.4442413449287414,141.31305912323296,634,184,"{""hidden"": [128, 64], ""dropout"": 0.1, ""lr"": 0.001}",30.0
regression,Onion,Isomap,MLP,6,0.5076780319213867,165.14158205501735,633,192,"{""hidden"": [128, 64], ""dropout"": 0.2, ""lr"": 0.001}",45.0
regression,Onion,Isomap,MLP,7,0.4950736761093139,153.0062553542666,647,178,"{""hidden"": [64, 32], ""dropout"": 0.2, ""lr"": 0.001}",72.0
regression,Onion,Isomap,MLP,8,0.3831248879432678,166.00619846582413,642,183,"{""hidden"": [128, 64], ""dropout"": 0.2, ""lr"": 0.001}",30.0
regression,Onion,Isomap,MLP,9,0.487218976020813,165.31536966608837,626,192,"{""hidden"": [128, 64], ""dropout"": 0.2, ""lr"": 0.001}",74.0
regression,Onion,Isomap,Mamba SSM,0,0.5068541765213013,2617.4615063759265,642,192,"{""K"": 4, ""units"": 32, ""dropout"": 0.0, ""lr"": 0.001}",27.0
regression,Onion,Isomap,Mamba SSM,1,0.5096801519393921,2588.3981512200558,656,172,"{""K"": 4, ""units"": 64, ""dropout"": 0.4, ""lr"": 0.001}",36.0
regression,Onion,Isomap,Mamba SSM,2,0.4612353444099426,2356.246160248993,634,190,"{""K"": 6, ""units"": 64, ""dropout"": 0.2, ""lr"": 0.001}",27.0
regression,Onion,Isomap,Mamba SSM,3,0.4114354848861694,2560.4644002419664,651,182,"{""K"": 4, ""units"": 64, ""dropout"": 0.2, ""lr"": 0.001}",93.0
regression,Onion,Isomap,Mamba SSM,4,0.56539386510849,2524.133405360044,630,195,"{""K"": 6, ""units"": 64, ""dropout"": 0.2, ""lr"": 0.001}",45.0
regression,Onion,Isomap,Mamba SSM,5,0.4842237830162048,2300.971782874083,634,184,"{""K"": 2, ""units"": 64, ""dropout"": 0.1, ""lr"": 0.001}",24.0
regression,Onion,Isomap,Mamba SSM,6,0.4469784498214721,2325.4669049070217,633,192,"{""K"": 6, ""units"": 32, ""dropout"": 0.1, ""lr"": 0.001}",32.0
regression,Onion,Isomap,Mamba SSM,7,0.5489717721939087,2453.469282048987,647,178,"{""K"": 4, ""units"": 64, ""dropout"": 0.0, ""lr"": 0.001}",27.0
regression,Onion,Isomap,Mamba SSM,8,0.3301646113395691,2718.290685015032,642,183,"{""K"": 4, ""units"": 64, ""dropout"": 0.3, ""lr"": 0.0003}",55.0
regression,Onion,Isomap,Mamba SSM,9,0.4893544912338257,2600.6521430620924,626,192,"{""K"": 6, ""units"": 64, ""dropout"": 0.2, ""lr"": 0.001}",25.0
regression,Onion,Isomap,RNN GRU,0,0.5002642869949341,667.8606110489927,642,192,"{""K"": 4, ""units"": 32, ""dropout"": 0.2, ""lr"": 0.001}",84.0
regression,Onion,Isomap,RNN GRU,1,0.4640209674835205,663.8382276949706,656,172,"{""K"": 4, ""units"": 64, ""dropout"": 0.2, ""lr"": 0.001}",48.0
regression,Onion,Isomap,RNN GRU,2,0.4536320567131042,607.1344120830763,634,190,"{""K"": 4, ""units"": 32, ""dropout"": 0.2, ""lr"": 0.001}",50.0
regression,Onion,Isomap,RNN GRU,3,0.4251126646995544,575.6911744240206,651,182,"{""K"": 6, ""units"": 64, ""dropout"": 0.3, ""lr"": 0.001}",56.0
regression,Onion,Isomap,RNN GRU,4,0.5528115034103394,569.597113774973,630,195,"{""K"": 6, ""units"": 32, ""dropout"": 0.2, ""lr"": 0.001}",41.0
regression,Onion,Isomap,RNN GRU,5,0.478931725025177,671.2277071300196,634,184,"{""K"": 6, ""units"": 64, ""dropout"": 0.3, ""lr"": 0.001}",45.0
regression,Onion,Isomap,RNN GRU,6,0.4918574094772339,534.9696695449529,633,192,"{""K"": 2, ""units"": 64, ""dropout"": 0.2, ""lr"": 0.001}",36.0
regression,Onion,Isomap,RNN GRU,7,0.5014309883117676,556.7280105469981,647,178,"{""K"": 4, ""units"": 32, ""dropout"": 0.3, ""lr"": 0.001}",37.0
regression,Onion,Isomap,RNN GRU,8,0.3765850067138672,656.6741911079735,642,183,"{""K"": 4, ""units"": 64, ""dropout"": 0.4, ""lr"": 0.001}",71.0
regression,Onion,Isomap,RNN GRU,9,0.5020232200622559,600.8368172759656,626,192,"{""K"": 4, ""units"": 64, ""dropout"": 0.0, ""lr"": 0.001}",27.0
regression,Onion,Isomap,Random forest,0,0.5419939939335586,14.686921180225909,730,192,"{""n_estimators"": 100, ""max_depth"": null, ""max_features"": ""sqrt"", ""min_samples_split"": 10}",
regression,Onion,Isomap,Random forest,1,0.5020758995750193,15.26657784031704,750,172,"{""n_estimators"": 100, ""max_depth"": 10, ""max_features"": ""sqrt"", ""min_samples_split"": 10}",
regression,Onion,Isomap,Random forest,2,0.403217627630449,13.50646488694474,732,190,"{""n_estimators"": 100, ""max_depth"": null, ""max_features"": ""sqrt"", ""min_samples_split"": 10}",
regression,Onion,Isomap,Random forest,3,0.4623349311554319,13.503338384907693,740,182,"{""n_estimators"": 100, ""max_depth"": 10, ""max_features"": ""sqrt"", ""min_samples_split"": 10}",
regression,Onion,Isomap,Random forest,4,0.5260761385504367,13.36344507196918,727,195,"{""n_estimators"": 100, ""max_depth"": 10, ""max_features"": ""sqrt"", ""min_samples_split"": 10}",
regression,Onion,Isomap,Random forest,5,0.5310116017690041,14.904621066059915,738,184,"{""n_estimators"": 100, ""max_depth"": 10, ""max_features"": ""sqrt"", ""min_samples_split"": 10}",
regression,Onion,Isomap,Random forest,6,0.5157491446763773,15.322238652035594,730,192,"{""n_estimators"": 100, ""max_depth"": null, ""max_features"": ""sqrt"", ""min_samples_split"": 10}",
regression,Onion,Isomap,Random forest,7,0.5719289353383454,14.763550559990108,744,178,"{""n_estimators"": 100, ""max_depth"": null, ""max_features"": ""sqrt"", ""min_samples_split"": 10}",
regression,Onion,Isomap,Random forest,8,0.3313095904379046,13.31861618394032,739,183,"{""n_estimators"": 100, ""max_depth"": 10, ""max_features"": ""sqrt"", ""min_samples_split"": 10}",
regression,Onion,Isomap,Random forest,9,0.5180002678762752,14.496139773633333,730,192,"{""n_estimators"": 100, ""max_depth"": 10, ""max_features"": ""sqrt"", ""min_samples_split"": 10}",
regression,Onion,Isomap,TabPFN,0,0.5519713163375854,33.07247833907604,730,192,"{""model"": ""tabpfn-v3-default""}",
regression,Onion,Isomap,TabPFN,1,0.5111225843429565,32.88041995605454,750,172,"{""model"": ""tabpfn-v3-default""}",
regression,Onion,Isomap,TabPFN,2,0.4414209127426147,31.95312771294266,732,190,"{""model"": ""tabpfn-v3-default""}",
regression,Onion,Isomap,TabPFN,3,0.449002742767334,31.84198071435094,740,182,"{""model"": ""tabpfn-v3-default""}",
regression,Onion,Isomap,TabPFN,4,0.5302075147628784,32.05730432085693,727,195,"{""model"": ""tabpfn-v3-default""}",
regression,Onion,Isomap,TabPFN,5,0.5067574977874756,32.80540491081774,738,184,"{""model"": ""tabpfn-v3-default""}",
regression,Onion,Isomap,TabPFN,6,0.5004110336303711,32.25476532569155,730,192,"{""model"": ""tabpfn-v3-default""}",
regression,Onion,Isomap,TabPFN,7,0.5247965455055237,31.78064739890397,744,178,"{""model"": ""tabpfn-v3-default""}",
regression,Onion,Isomap,TabPFN,8,0.3400605320930481,32.94516739295796,739,183,"{""model"": ""tabpfn-v3-default""}",
regression,Onion,Isomap,TabPFN,9,0.5187108516693115,32.409407725557685,730,192,"{""model"": ""tabpfn-v3-default""}",
regression,Onion,Isomap,k-NN,0,0.4901491403579712,3.16459029680118,730,192,"{""n_neighbors"": 5, ""weights"": ""uniform"", ""metric"": ""euclidean""}",
regression,Onion,Isomap,k-NN,1,0.5282649397850037,3.3130376087501645,750,172,"{""n_neighbors"": 7, ""weights"": ""uniform"", ""metric"": ""euclidean""}",
regression,Onion,Isomap,k-NN,2,0.3690730333328247,3.1985985320061445,732,190,"{""n_neighbors"": 7, ""weights"": ""uniform"", ""metric"": ""euclidean""}",
regression,Onion,Isomap,k-NN,3,0.4165005087852478,3.4177461341023445,740,182,"{""n_neighbors"": 7, ""weights"": ""uniform"", ""metric"": ""euclidean""}",
regression,Onion,Isomap,k-NN,4,0.4589653015136719,3.213996964041144,727,195,"{""n_neighbors"": 7, ""weights"": ""uniform"", ""metric"": ""euclidean""}",
regression,Onion,Isomap,k-NN,5,0.4996604919433594,3.3782826620154083,738,184,"{""n_neighbors"": 7, ""weights"": ""uniform"", ""metric"": ""euclidean""}",
regression,Onion,Isomap,k-NN,6,0.5236639976501465,3.269143979996443,730,192,"{""n_neighbors"": 7, ""weights"": ""uniform"", ""metric"": ""euclidean""}",
regression,Onion,Isomap,k-NN,7,0.5557925701141357,3.221660302951932,744,178,"{""n_neighbors"": 7, ""weights"": ""uniform"", ""metric"": ""euclidean""}",
regression,Onion,Isomap,k-NN,8,0.3230764865875244,3.374604142736644,739,183,"{""n_neighbors"": 7, ""weights"": ""uniform"", ""metric"": ""euclidean""}",
regression,Onion,Isomap,k-NN,9,0.5106909275054932,3.301319217309356,730,192,"{""n_neighbors"": 7, ""weights"": ""uniform"", ""metric"": ""euclidean""}",
regression,Onion,KernelPCA,Decision tree,0,0.5295310231557921,0.5250485790893435,730,192,"{""max_depth"": 5, ""min_samples_split"": 20}",
regression,Onion,KernelPCA,Decision tree,1,0.4182169559258875,0.5034767743200064,750,172,"{""max_depth"": 5, ""min_samples_split"": 20}",
regression,Onion,KernelPCA,Decision tree,2,0.3261147147722775,0.5391019270755351,732,190,"{""max_depth"": 5, ""min_samples_split"": 20}",
regression,Onion,KernelPCA,Decision tree,3,0.2363787288396307,0.7928319992497563,740,182,"{""max_depth"": 5, ""min_samples_split"": 20}",
regression,Onion,KernelPCA,Decision tree,4,0.5226859758659248,0.4540406269952655,727,195,"{""max_depth"": 5, ""min_samples_split"": 20}",
regression,Onion,KernelPCA,Decision tree,5,0.4938916869900136,0.5446298643946648,738,184,"{""max_depth"": 5, ""min_samples_split"": 20}",
regression,Onion,KernelPCA,Decision tree,6,0.4587992349832201,0.4447117201052606,730,192,"{""max_depth"": 5, ""min_samples_split"": 20}",
regression,Onion,KernelPCA,Decision tree,7,0.4900380483404277,0.5432756398804486,744,178,"{""max_depth"": 5, ""min_samples_split"": 5}",
regression,Onion,KernelPCA,Decision tree,8,0.1669396446786,0.471499899867922,739,183,"{""max_depth"": 5, ""min_samples_split"": 20}",
regression,Onion,KernelPCA,Decision tree,9,0.4942025687962592,0.4593521230854094,730,192,"{""max_depth"": 5, ""min_samples_split"": 10}",
regression,Onion,KernelPCA,LSTM,0,0.538425624370575,585.9087669139262,642,192,"{""K"": 4, ""units"": 64, ""dropout"": 0.1, ""lr"": 0.001}",54.0
regression,Onion,KernelPCA,LSTM,1,0.5097008943557739,476.6486449970398,656,172,"{""K"": 4, ""units"": 64, ""dropout"": 0.0, ""lr"": 0.001}",25.0
regression,Onion,KernelPCA,LSTM,2,0.4425297975540161,534.2213789920788,634,190,"{""K"": 4, ""units"": 32, ""dropout"": 0.1, ""lr"": 0.001}",44.0
regression,Onion,KernelPCA,LSTM,3,0.4900669455528259,562.8074265420437,651,182,"{""K"": 6, ""units"": 32, ""dropout"": 0.2, ""lr"": 0.001}",56.0
regression,Onion,KernelPCA,LSTM,4,0.5209923982620239,507.16376376594417,630,195,"{""K"": 4, ""units"": 32, ""dropout"": 0.1, ""lr"": 0.001}",53.0
regression,Onion,KernelPCA,LSTM,5,0.4904416799545288,577.7385923149996,634,184,"{""K"": 2, ""units"": 64, ""dropout"": 0.0, ""lr"": 0.001}",45.0
regression,Onion,KernelPCA,LSTM,6,0.5030420422554016,487.7711584588978,633,192,"{""K"": 4, ""units"": 64, ""dropout"": 0.2, ""lr"": 0.001}",43.0
regression,Onion,KernelPCA,LSTM,7,0.5054996609687805,539.2472608499229,647,178,"{""K"": 4, ""units"": 32, ""dropout"": 0.3, ""lr"": 0.001}",34.0
regression,Onion,KernelPCA,LSTM,8,0.3952444791793823,567.6789050360676,642,183,"{""K"": 6, ""units"": 32, ""dropout"": 0.2, ""lr"": 0.001}",46.0
regression,Onion,KernelPCA,LSTM,9,0.5184890031814575,591.49004078703,626,192,"{""K"": 6, ""units"": 64, ""dropout"": 0.1, ""lr"": 0.001}",54.0
regression,Onion,KernelPCA,MLP,0,0.5178847908973694,172.48925618594512,642,192,"{""hidden"": [64, 32], ""dropout"": 0.1, ""lr"": 0.001}",46.0
regression,Onion,KernelPCA,MLP,1,0.4885445833206177,199.6376985399984,656,172,"{""hidden"": [128, 64], ""dropout"": 0.0, ""lr"": 0.001}",58.0
regression,Onion,KernelPCA,MLP,2,0.4201802015304565,183.97878297185525,634,190,"{""hidden"": [128, 64], ""dropout"": 0.0, ""lr"": 0.001}",49.0
regression,Onion,KernelPCA,MLP,3,0.4279378652572632,201.7418392249383,651,182,"{""hidden"": [128, 64], ""dropout"": 0.0, ""lr"": 0.001}",36.0
regression,Onion,KernelPCA,MLP,4,0.5066040754318237,209.552711521741,630,195,"{""hidden"": [128, 64], ""dropout"": 0.0, ""lr"": 0.001}",54.0
regression,Onion,KernelPCA,MLP,5,0.4798904657363891,209.4431589180604,634,184,"{""hidden"": [128, 64], ""dropout"": 0.2, ""lr"": 0.001}",45.0
regression,Onion,KernelPCA,MLP,6,0.472648024559021,168.70434824097902,633,192,"{""hidden"": [128, 64], ""dropout"": 0.1, ""lr"": 0.001}",91.0
regression,Onion,KernelPCA,MLP,7,0.4865233898162842,190.42870628507808,647,178,"{""hidden"": [128, 64], ""dropout"": 0.1, ""lr"": 0.001}",75.0
regression,Onion,KernelPCA,MLP,8,0.3639134764671325,191.8701655366458,642,183,"{""hidden"": [128, 64], ""dropout"": 0.0, ""lr"": 0.001}",63.0
regression,Onion,KernelPCA,MLP,9,0.5249128937721252,239.1664483989589,626,192,"{""hidden"": [128, 64], ""dropout"": 0.0, ""lr"": 0.001}",83.0
regression,Onion,KernelPCA,Mamba SSM,0,0.5412905216217041,2858.0021241090726,642,192,"{""K"": 4, ""units"": 32, ""dropout"": 0.1, ""lr"": 0.001}",37.0
regression,Onion,KernelPCA,Mamba SSM,1,0.5214782953262329,2949.3787628629943,656,172,"{""K"": 2, ""units"": 32, ""dropout"": 0.2, ""lr"": 0.001}",38.0
regression,Onion,KernelPCA,Mamba SSM,2,0.4422668218612671,2982.6111143240705,634,190,"{""K"": 6, ""units"": 32, ""dropout"": 0.0, ""lr"": 0.001}",27.0
regression,Onion,KernelPCA,Mamba SSM,3,0.4582036733627319,2726.7969351359643,651,182,"{""K"": 2, ""units"": 64, ""dropout"": 0.1, ""lr"": 0.001}",52.0
regression,Onion,KernelPCA,Mamba SSM,4,0.4586792588233948,3188.8554009160725,630,195,"{""K"": 2, ""units"": 64, ""dropout"": 0.1, ""lr"": 0.001}",33.0
regression,Onion,KernelPCA,Mamba SSM,5,0.4989775419235229,2745.7888386137784,634,184,"{""K"": 4, ""units"": 32, ""dropout"": 0.2, ""lr"": 0.001}",65.0
regression,Onion,KernelPCA,Mamba SSM,6,0.4881860613822937,2860.4367004972883,633,192,"{""K"": 6, ""units"": 32, ""dropout"": 0.1, ""lr"": 0.001}",36.0
regression,Onion,KernelPCA,Mamba SSM,7,0.525316596031189,3156.321811087895,647,178,"{""K"": 6, ""units"": 32, ""dropout"": 0.2, ""lr"": 0.001}",36.0
regression,Onion,KernelPCA,Mamba SSM,8,0.4221974611282348,2938.70174815692,642,183,"{""K"": 4, ""units"": 64, ""dropout"": 0.2, ""lr"": 0.001}",34.0
regression,Onion,KernelPCA,Mamba SSM,9,0.4989440441131592,3236.117786768824,626,192,"{""K"": 4, ""units"": 64, ""dropout"": 0.1, ""lr"": 0.001}",41.0
regression,Onion,KernelPCA,RNN GRU,0,0.5273947715759277,665.6411026139976,642,192,"{""K"": 4, ""units"": 64, ""dropout"": 0.1, ""lr"": 0.001}",38.0
regression,Onion,KernelPCA,RNN GRU,1,0.5166414976119995,589.942013354972,656,172,"{""K"": 6, ""units"": 64, ""dropout"": 0.2, ""lr"": 0.001}",58.0
regression,Onion,KernelPCA,RNN GRU,2,0.455260694026947,685.7480378230102,634,190,"{""K"": 4, ""units"": 32, ""dropout"": 0.2, ""lr"": 0.001}",64.0
regression,Onion,KernelPCA,RNN GRU,3,0.4950791597366333,681.9937188890763,651,182,"{""K"": 4, ""units"": 64, ""dropout"": 0.2, ""lr"": 0.001}",46.0
regression,Onion,KernelPCA,RNN GRU,4,0.5352339744567871,622.4544624720002,630,195,"{""K"": 4, ""units"": 64, ""dropout"": 0.0, ""lr"": 0.001}",41.0
regression,Onion,KernelPCA,RNN GRU,5,0.4974783062934875,682.5644165129634,634,184,"{""K"": 6, ""units"": 32, ""dropout"": 0.0, ""lr"": 0.001}",75.0
regression,Onion,KernelPCA,RNN GRU,6,0.4956005215644836,534.5547189379577,633,192,"{""K"": 4, ""units"": 64, ""dropout"": 0.1, ""lr"": 0.001}",36.0
regression,Onion,KernelPCA,RNN GRU,7,0.469773530960083,641.1038310800213,647,178,"{""K"": 4, ""units"": 32, ""dropout"": 0.3, ""lr"": 0.001}",31.0
regression,Onion,KernelPCA,RNN GRU,8,0.3899389505386352,646.897018261021,642,183,"{""K"": 6, ""units"": 32, ""dropout"": 0.2, ""lr"": 0.001}",63.0
regression,Onion,KernelPCA,RNN GRU,9,0.4924982190132141,676.1142655699514,626,192,"{""K"": 4, ""units"": 64, ""dropout"": 0.2, ""lr"": 0.001}",27.0
regression,Onion,KernelPCA,Random forest,0,0.5431290285908144,10.072274480946362,730,192,"{""n_estimators"": 100, ""max_depth"": 10, ""max_features"": ""sqrt"", ""min_samples_split"": 10}",
regression,Onion,KernelPCA,Random forest,1,0.5349172950216061,11.50779590010643,750,172,"{""n_estimators"": 100, ""max_depth"": 10, ""max_features"": ""sqrt"", ""min_samples_split"": 10}",
regression,Onion,KernelPCA,Random forest,2,0.4479124494064227,10.128674091305584,732,190,"{""n_estimators"": 100, ""max_depth"": 10, ""max_features"": ""sqrt"", ""min_samples_split"": 10}",
regression,Onion,KernelPCA,Random forest,3,0.4614488945912635,10.216792821884155,740,182,"{""n_estimators"": 100, ""max_depth"": 10, ""max_features"": ""sqrt"", ""min_samples_split"": 10}",
regression,Onion,KernelPCA,Random forest,4,0.5457402859066414,11.12097841501236,727,195,"{""n_estimators"": 100, ""max_depth"": 10, ""max_features"": ""sqrt"", ""min_samples_split"": 10}",
regression,Onion,KernelPCA,Random forest,5,0.5479585577561443,11.392554454971105,738,184,"{""n_estimators"": 100, ""max_depth"": 10, ""max_features"": ""sqrt"", ""min_samples_split"": 10}",
regression,Onion,KernelPCA,Random forest,6,0.5214307161543708,11.656963049899788,730,192,"{""n_estimators"": 100, ""max_depth"": 10, ""max_features"": ""sqrt"", ""min_samples_split"": 10}",
regression,Onion,KernelPCA,Random forest,7,0.5361217224444397,11.464144942816349,744,178,"{""n_estimators"": 100, ""max_depth"": 5, ""max_features"": ""sqrt"", ""min_samples_split"": 2}",
regression,Onion,KernelPCA,Random forest,8,0.3300873787095535,11.383947445079684,739,183,"{""n_estimators"": 100, ""max_depth"": 10, ""max_features"": ""sqrt"", ""min_samples_split"": 10}",
regression,Onion,KernelPCA,Random forest,9,0.5420701610917285,11.455940408166498,730,192,"{""n_estimators"": 100, ""max_depth"": 10, ""max_features"": ""sqrt"", ""min_samples_split"": 10}",
regression,Onion,KernelPCA,TabPFN,0,0.5441880226135254,31.82410513609648,730,192,"{""model"": ""tabpfn-v3-default""}",
regression,Onion,KernelPCA,TabPFN,1,0.5151293277740479,31.317991064861417,750,172,"{""model"": ""tabpfn-v3-default""}",
regression,Onion,KernelPCA,TabPFN,2,0.4406660795211792,31.160477295983583,732,190,"{""model"": ""tabpfn-v3-default""}",
regression,Onion,KernelPCA,TabPFN,3,0.4157973527908325,32.405369048938155,740,182,"{""model"": ""tabpfn-v3-default""}",
regression,Onion,KernelPCA,TabPFN,4,0.5032558441162109,31.161424034275115,727,195,"{""model"": ""tabpfn-v3-default""}",
regression,Onion,KernelPCA,TabPFN,5,0.4864619374275207,32.44572391780093,738,184,"{""model"": ""tabpfn-v3-default""}",
regression,Onion,KernelPCA,TabPFN,6,0.4766053557395935,32.4349776962772,730,192,"{""model"": ""tabpfn-v3-default""}",
regression,Onion,KernelPCA,TabPFN,7,0.4976778030395508,31.83209121087566,744,178,"{""model"": ""tabpfn-v3-default""}",
regression,Onion,KernelPCA,TabPFN,8,0.3783770203590393,32.29327759705484,739,183,"{""model"": ""tabpfn-v3-default""}",
regression,Onion,KernelPCA,TabPFN,9,0.5205938816070557,32.042652430944145,730,192,"{""model"": ""tabpfn-v3-default""}",
regression,Onion,KernelPCA,k-NN,0,0.5205738544464111,0.276979015674442,730,192,"{""n_neighbors"": 7, ""weights"": ""uniform"", ""metric"": ""euclidean""}",
regression,Onion,KernelPCA,k-NN,1,0.5297590494155884,0.3766309078782797,750,172,"{""n_neighbors"": 5, ""weights"": ""uniform"", ""metric"": ""euclidean""}",
regression,Onion,KernelPCA,k-NN,2,0.408642828464508,0.2992988498881459,732,190,"{""n_neighbors"": 7, ""weights"": ""uniform"", ""metric"": ""euclidean""}",
regression,Onion,KernelPCA,k-NN,3,0.3459934592247009,0.2751639173366129,740,182,"{""n_neighbors"": 7, ""weights"": ""uniform"", ""metric"": ""euclidean""}",
regression,Onion,KernelPCA,k-NN,4,0.443677008152008,0.3073586439713835,727,195,"{""n_neighbors"": 5, ""weights"": ""uniform"", ""metric"": ""euclidean""}",
regression,Onion,KernelPCA,k-NN,5,0.4879589676856994,0.275392078794539,738,184,"{""n_neighbors"": 7, ""weights"": ""uniform"", ""metric"": ""euclidean""}",
regression,Onion,KernelPCA,k-NN,6,0.4950350522994995,0.2516575409099459,730,192,"{""n_neighbors"": 5, ""weights"": ""uniform"", ""metric"": ""euclidean""}",
regression,Onion,KernelPCA,k-NN,7,0.552237868309021,0.2791883088648319,744,178,"{""n_neighbors"": 7, ""weights"": ""uniform"", ""metric"": ""euclidean""}",
regression,Onion,KernelPCA,k-NN,8,0.3286776542663574,0.2337140939198434,739,183,"{""n_neighbors"": 7, ""weights"": ""uniform"", ""metric"": ""euclidean""}",
regression,Onion,KernelPCA,k-NN,9,0.5088651776313782,0.2522455579601228,730,192,"{""n_neighbors"": 7, ""weights"": ""uniform"", ""metric"": ""euclidean""}",
regression,Onion,MDS,Decision tree,0,0.3824297545491416,5.3325492036528885,730,192,"{""max_depth"": 5, ""min_samples_split"": 20}",
regression,Onion,MDS,Decision tree,1,0.3236348542478641,5.111676534637809,750,172,"{""max_depth"": 5, ""min_samples_split"": 20}",
regression,Onion,MDS,Decision tree,2,0.3523581255845394,4.918332274071872,732,190,"{""max_depth"": 5, ""min_samples_split"": 20}",
regression,Onion,MDS,Decision tree,3,0.3045529450819393,5.673347606789321,740,182,"{""max_depth"": 5, ""min_samples_split"": 20}",
regression,Onion,MDS,Decision tree,4,0.3628545358525847,5.276456556748599,727,195,"{""max_depth"": 5, ""min_samples_split"": 20}",
regression,Onion,MDS,Decision tree,5,0.3728490535406653,5.767144978046417,738,184,"{""max_depth"": 5, ""min_samples_split"": 20}",
regression,Onion,MDS,Decision tree,6,0.4334490625922899,5.216038825921714,730,192,"{""max_depth"": 5, ""min_samples_split"": 20}",
regression,Onion,MDS,Decision tree,7,0.3760623187621801,5.607435198035091,744,178,"{""max_depth"": 4, ""min_samples_split"": 5}",
regression,Onion,MDS,Decision tree,8,0.1870595891685759,4.636867119930685,739,183,"{""max_depth"": 5, ""min_samples_split"": 20}",
regression,Onion,MDS,Decision tree,9,0.5082097937798001,4.478932168800384,730,192,"{""max_depth"": 5, ""min_samples_split"": 20}",
regression,Onion,MDS,LSTM,0,0.5448248982429504,636.0957318970468,642,192,"{""K"": 4, ""units"": 32, ""dropout"": 0.0, ""lr"": 0.001}",54.0
regression,Onion,MDS,LSTM,1,0.5184874534606934,560.9050431691576,656,172,"{""K"": 4, ""units"": 64, ""dropout"": 0.2, ""lr"": 0.001}",58.0
regression,Onion,MDS,LSTM,2,0.4352287054061889,580.9952615639195,634,190,"{""K"": 4, ""units"": 32, ""dropout"": 0.1, ""lr"": 0.001}",44.0
regression,Onion,MDS,LSTM,3,0.4753521084785461,650.1437937759329,651,182,"{""K"": 4, ""units"": 32, ""dropout"": 0.2, ""lr"": 0.001}",76.0
regression,Onion,MDS,LSTM,4,0.5246560573577881,567.2246802879963,630,195,"{""K"": 4, ""units"": 64, ""dropout"": 0.2, ""lr"": 0.001}",109.0
regression,Onion,MDS,LSTM,5,0.4940240979194641,604.0072981591802,634,184,"{""K"": 4, ""units"": 32, ""dropout"": 0.2, ""lr"": 0.001}",54.0
regression,Onion,MDS,LSTM,6,0.502435564994812,536.9889216748998,633,192,"{""K"": 6, ""units"": 64, ""dropout"": 0.2, ""lr"": 0.001}",43.0
regression,Onion,MDS,LSTM,7,0.5410170555114746,542.2780075122137,647,178,"{""K"": 4, ""units"": 32, ""dropout"": 0.2, ""lr"": 0.001}",34.0
regression,Onion,MDS,LSTM,8,0.3981574177742004,605.0554511931259,642,183,"{""K"": 4, ""units"": 32, ""dropout"": 0.2, ""lr"": 0.001}",58.0
regression,Onion,MDS,LSTM,9,0.5231757164001465,648.3961991530377,626,192,"{""K"": 6, ""units"": 64, ""dropout"": 0.1, ""lr"": 0.001}",50.0
regression,Onion,MDS,MLP,0,0.4787111282348633,171.9733388288878,642,192,"{""hidden"": [32, 16], ""dropout"": 0.0, ""lr"": 0.001}",33.0
regression,Onion,MDS,MLP,1,0.5039552450180054,174.6397628779523,656,172,"{""hidden"": [128, 64], ""dropout"": 0.2, ""lr"": 0.001}",50.0
regression,Onion,MDS,MLP,2,0.4120275378227234,194.67854956304652,634,190,"{""hidden"": [128, 64], ""dropout"": 0.0, ""lr"": 0.001}",43.0
regression,Onion,MDS,MLP,3,0.3647927641868591,188.89743715710935,651,182,"{""hidden"": [64, 32], ""dropout"": 0.0, ""lr"": 0.001}",46.0
regression,Onion,MDS,MLP,4,0.504389762878418,168.16220533987507,630,195,"{""hidden"": [32, 16], ""dropout"": 0.1, ""lr"": 0.001}",98.0
regression,Onion,MDS,MLP,5,0.4789769053459167,157.22152732685208,634,184,"{""hidden"": [128, 64], ""dropout"": 0.0, ""lr"": 0.001}",45.0
regression,Onion,MDS,MLP,6,0.46438729763031,179.21666000969708,633,192,"{""hidden"": [128, 64], ""dropout"": 0.2, ""lr"": 0.001}",36.0
regression,Onion,MDS,MLP,7,0.5022757649421692,180.12289139116183,647,178,"{""hidden"": [64, 32], ""dropout"": 0.1, ""lr"": 0.001}",34.0
regression,Onion,MDS,MLP,8,0.3784070014953613,178.01815110910684,642,183,"{""hidden"": [128, 64], ""dropout"": 0.0, ""lr"": 0.001}",113.0
regression,Onion,MDS,MLP,9,0.5370009541511536,198.7682607122697,626,192,"{""hidden"": [32, 16], ""dropout"": 0.0, ""lr"": 0.001}",68.0
regression,Onion,MDS,Mamba SSM,0,0.5166652202606201,2760.7377960309386,642,192,"{""K"": 4, ""units"": 64, ""dropout"": 0.0, ""lr"": 0.001}",32.0
regression,Onion,MDS,Mamba SSM,1,0.502469539642334,3145.061420153012,656,172,"{""K"": 6, ""units"": 32, ""dropout"": 0.0, ""lr"": 0.001}",33.0
regression,Onion,MDS,Mamba SSM,2,0.4470859169960022,3041.1589679579483,634,190,"{""K"": 6, ""units"": 32, ""dropout"": 0.1, ""lr"": 0.001}",31.0
regression,Onion,MDS,Mamba SSM,3,0.404695451259613,2713.5385760699864,651,182,"{""K"": 6, ""units"": 32, ""dropout"": 0.1, ""lr"": 0.001}",86.0
regression,Onion,MDS,Mamba SSM,4,0.4931938648223877,3016.480718380073,630,195,"{""K"": 4, ""units"": 64, ""dropout"": 0.1, ""lr"": 0.001}",24.0
regression,Onion,MDS,Mamba SSM,5,0.5026618242263794,2772.928875922924,634,184,"{""K"": 4, ""units"": 32, ""dropout"": 0.1, ""lr"": 0.001}",30.0
regression,Onion,MDS,Mamba SSM,6,0.4384235739707947,2869.8901565319397,633,192,"{""K"": 4, ""units"": 32, ""dropout"": 0.3, ""lr"": 0.001}",36.0
regression,Onion,MDS,Mamba SSM,7,0.5374161005020142,3044.8627287619747,647,178,"{""K"": 6, ""units"": 32, ""dropout"": 0.2, ""lr"": 0.001}",42.0
regression,Onion,MDS,Mamba SSM,8,0.3323209285736084,2927.365260347957,642,183,"{""K"": 4, ""units"": 64, ""dropout"": 0.3, ""lr"": 0.001}",66.0
regression,Onion,MDS,Mamba SSM,9,0.4982770681381225,3117.790354100056,626,192,"{""K"": 6, ""units"": 64, ""dropout"": 0.1, ""lr"": 0.001}",46.0
regression,Onion,MDS,RNN GRU,0,0.5005499124526978,724.4712278259685,642,192,"{""K"": 6, ""units"": 64, ""dropout"": 0.2, ""lr"": 0.001}",78.0
regression,Onion,MDS,RNN GRU,1,0.5299690961837769,712.5214494179236,656,172,"{""K"": 4, ""units"": 64, ""dropout"": 0.4, ""lr"": 0.001}",58.0
regression,Onion,MDS,RNN GRU,2,0.4681134223937988,754.32630780607,634,190,"{""K"": 4, ""units"": 32, ""dropout"": 0.2, ""lr"": 0.0003}",67.0
regression,Onion,MDS,RNN GRU,3,0.4932196140289306,790.5125678490149,651,182,"{""K"": 6, ""units"": 32, ""dropout"": 0.3, ""lr"": 0.001}",52.0
regression,Onion,MDS,RNN GRU,4,0.5405832529067993,686.791437385953,630,195,"{""K"": 6, ""units"": 32, ""dropout"": 0.1, ""lr"": 0.001}",93.0
regression,Onion,MDS,RNN GRU,5,0.4968453049659729,727.5491570739541,634,184,"{""K"": 6, ""units"": 64, ""dropout"": 0.2, ""lr"": 0.001}",64.0
regression,Onion,MDS,RNN GRU,6,0.5044608116149902,571.6219011070207,633,192,"{""K"": 6, ""units"": 32, ""dropout"": 0.3, ""lr"": 0.001}",50.0
regression,Onion,MDS,RNN GRU,7,0.5314768552780151,693.6144397109747,647,178,"{""K"": 6, ""units"": 32, ""dropout"": 0.1, ""lr"": 0.001}",60.0
regression,Onion,MDS,RNN GRU,8,0.3757035136222839,718.9244460019981,642,183,"{""K"": 4, ""units"": 64, ""dropout"": 0.4, ""lr"": 0.001}",66.0
regression,Onion,MDS,RNN GRU,9,0.5160061120986938,707.4496711639222,626,192,"{""K"": 6, ""units"": 64, ""dropout"": 0.2, ""lr"": 0.001}",36.0
regression,Onion,MDS,Random forest,0,0.579167382096669,14.877003177069128,730,192,"{""n_estimators"": 100, ""max_depth"": 10, ""max_features"": ""sqrt"", ""min_samples_split"": 10}",
regression,Onion,MDS,Random forest,1,0.4989894537642595,15.454720167908818,750,172,"{""n_estimators"": 100, ""max_depth"": 10, ""max_features"": ""sqrt"", ""min_samples_split"": 2}",
regression,Onion,MDS,Random forest,2,0.4043079652166356,15.322412843815982,732,190,"{""n_estimators"": 100, ""max_depth"": null, ""max_features"": ""sqrt"", ""min_samples_split"": 10}",
regression,Onion,MDS,Random forest,3,0.427346307903064,14.58699952531606,740,182,"{""n_estimators"": 100, ""max_depth"": null, ""max_features"": ""sqrt"", ""min_samples_split"": 10}",
regression,Onion,MDS,Random forest,4,0.4825681128334181,14.7280665198341,727,195,"{""n_estimators"": 100, ""max_depth"": 10, ""max_features"": ""sqrt"", ""min_samples_split"": 10}",
regression,Onion,MDS,Random forest,5,0.5051717575056109,17.027975336648524,738,184,"{""n_estimators"": 100, ""max_depth"": 10, ""max_features"": ""sqrt"", ""min_samples_split"": 10}",
regression,Onion,MDS,Random forest,6,0.5347976516543659,14.481930386275051,730,192,"{""n_estimators"": 100, ""max_depth"": null, ""max_features"": ""sqrt"", ""min_samples_split"": 10}",
regression,Onion,MDS,Random forest,7,0.5723457551726081,14.950985990930349,744,178,"{""n_estimators"": 100, ""max_depth"": null, ""max_features"": ""sqrt"", ""min_samples_split"": 10}",
regression,Onion,MDS,Random forest,8,0.3470822311056003,15.18369544390589,739,183,"{""n_estimators"": 100, ""max_depth"": null, ""max_features"": ""sqrt"", ""min_samples_split"": 10}",
regression,Onion,MDS,Random forest,9,0.5356660299340699,14.599927900824696,730,192,"{""n_estimators"": 100, ""max_depth"": 10, ""max_features"": ""sqrt"", ""min_samples_split"": 10}",
regression,Onion,MDS,TabPFN,0,0.5646950006484985,32.0203802860342,730,192,"{""model"": ""tabpfn-v3-default""}",
regression,Onion,MDS,TabPFN,1,0.5339938402175903,32.35030661383644,750,172,"{""model"": ""tabpfn-v3-default""}",
regression,Onion,MDS,TabPFN,2,0.4367852807044983,31.83045005099848,732,190,"{""model"": ""tabpfn-v3-default""}",
regression,Onion,MDS,TabPFN,3,0.4261296391487121,32.20892958715558,740,182,"{""model"": ""tabpfn-v3-default""}",
regression,Onion,MDS,TabPFN,4,0.5071880221366882,31.64317986089736,727,195,"{""model"": ""tabpfn-v3-default""}",
regression,Onion,MDS,TabPFN,5,0.4924479126930237,32.66917737014592,738,184,"{""model"": ""tabpfn-v3-default""}",
regression,Onion,MDS,TabPFN,6,0.5042452812194824,32.451210506260395,730,192,"{""model"": ""tabpfn-v3-default""}",
regression,Onion,MDS,TabPFN,7,0.5092816352844238,32.58769987896085,744,178,"{""model"": ""tabpfn-v3-default""}",
regression,Onion,MDS,TabPFN,8,0.3917239904403686,32.701953541021794,739,183,"{""model"": ""tabpfn-v3-default""}",
regression,Onion,MDS,TabPFN,9,0.517630398273468,32.367567126173526,730,192,"{""model"": ""tabpfn-v3-default""}",
regression,Onion,MDS,k-NN,0,0.5549113750457764,5.029188361950219,730,192,"{""n_neighbors"": 7, ""weights"": ""uniform"", ""metric"": ""euclidean""}",
regression,Onion,MDS,k-NN,1,0.5009357929229736,4.851113629993051,750,172,"{""n_neighbors"": 7, ""weights"": ""uniform"", ""metric"": ""euclidean""}",
regression,Onion,MDS,k-NN,2,0.3553477525711059,5.750165920238942,732,190,"{""n_neighbors"": 7, ""weights"": ""uniform"", ""metric"": ""euclidean""}",
regression,Onion,MDS,k-NN,3,0.3927363157272339,4.909406200051308,740,182,"{""n_neighbors"": 7, ""weights"": ""uniform"", ""metric"": ""euclidean""}",
regression,Onion,MDS,k-NN,4,0.4528171420097351,5.650931863114238,727,195,"{""n_neighbors"": 7, ""weights"": ""uniform"", ""metric"": ""euclidean""}",
regression,Onion,MDS,k-NN,5,0.4691290259361267,5.0301370630040765,738,184,"{""n_neighbors"": 7, ""weights"": ""uniform"", ""metric"": ""euclidean""}",
regression,Onion,MDS,k-NN,6,0.520354151725769,5.6330381562002,730,192,"{""n_neighbors"": 5, ""weights"": ""uniform"", ""metric"": ""euclidean""}",
regression,Onion,MDS,k-NN,7,0.550262987613678,4.442692539654672,744,178,"{""n_neighbors"": 7, ""weights"": ""uniform"", ""metric"": ""euclidean""}",
regression,Onion,MDS,k-NN,8,0.3416922688484192,5.6593518713489175,739,183,"{""n_neighbors"": 7, ""weights"": ""uniform"", ""metric"": ""euclidean""}",
regression,Onion,MDS,k-NN,9,0.5049701929092407,5.439196549355984,730,192,"{""n_neighbors"": 7, ""weights"": ""uniform"", ""metric"": ""euclidean""}",
regression,Onion,No Reduction,Decision tree,0,0.4586150196392028,0.3399966051802039,730,192,"{""max_depth"": 5, ""min_samples_split"": 5}",
regression,Onion,No Reduction,Decision tree,1,0.4850123898337168,0.3462266302667558,750,172,"{""max_depth"": 5, ""min_samples_split"": 20}",
regression,Onion,No Reduction,Decision tree,2,0.374471540025144,0.3367114206776023,732,190,"{""max_depth"": 5, ""min_samples_split"": 20}",
regression,Onion,No Reduction,Decision tree,3,0.3936864069391254,0.3415861520916223,740,182,"{""max_depth"": 5, ""min_samples_split"": 20}",
regression,Onion,No Reduction,Decision tree,4,0.4607618147073617,0.3366997810080647,727,195,"{""max_depth"": 5, ""min_samples_split"": 20}",
regression,Onion,No Reduction,Decision tree,5,0.4242047511973138,0.3458328959532082,738,184,"{""max_depth"": 4, ""min_samples_split"": 5}",
regression,Onion,No Reduction,Decision tree,6,0.5100378750522467,0.3324587270617485,730,192,"{""max_depth"": 5, ""min_samples_split"": 10}",
regression,Onion,No Reduction,Decision tree,7,0.4853049495598276,0.3615997009910643,744,178,"{""max_depth"": 4, ""min_samples_split"": 20}",
regression,Onion,No Reduction,Decision tree,8,0.2543767543545416,0.3386263810098171,739,183,"{""max_depth"": 5, ""min_samples_split"": 20}",
regression,Onion,No Reduction,Decision tree,9,0.4949729958595606,0.3344292668625712,730,192,"{""max_depth"": 5, ""min_samples_split"": 20}",
regression,Onion,No Reduction,LSTM,0,0.5422508716583252,513.9055192419328,642,192,"{""K"": 4, ""units"": 64, ""dropout"": 0.1, ""lr"": 0.001}",78.0
regression,Onion,No Reduction,LSTM,1,0.4947971701622009,595.5389427030459,656,172,"{""K"": 4, ""units"": 64, ""dropout"": 0.0, ""lr"": 0.001}",58.0
regression,Onion,No Reduction,LSTM,2,0.4345849156379699,568.8307907579001,634,190,"{""K"": 4, ""units"": 64, ""dropout"": 0.0, ""lr"": 0.001}",43.0
regression,Onion,No Reduction,LSTM,3,0.4328083992004394,528.8207728390116,651,182,"{""K"": 4, ""units"": 64, ""dropout"": 0.0, ""lr"": 0.001}",56.0
regression,Onion,No Reduction,LSTM,4,0.5282725095748901,595.1852045599371,630,195,"{""K"": 4, ""units"": 64, ""dropout"": 0.1, ""lr"": 0.001}",119.0
regression,Onion,No Reduction,LSTM,5,0.5020347833633423,496.90492714592256,634,184,"{""K"": 4, ""units"": 32, ""dropout"": 0.0, ""lr"": 0.001}",54.0
regression,Onion,No Reduction,LSTM,6,0.518728494644165,526.1532613078598,633,192,"{""K"": 6, ""units"": 64, ""dropout"": 0.2, ""lr"": 0.001}",83.0
regression,Onion,No Reduction,LSTM,7,0.489021360874176,528.3953801810276,647,178,"{""K"": 4, ""units"": 64, ""dropout"": 0.0, ""lr"": 0.001}",34.0
regression,Onion,No Reduction,LSTM,8,0.3977360725402832,517.4643275791313,642,183,"{""K"": 6, ""units"": 32, ""dropout"": 0.0, ""lr"": 0.001}",43.0
regression,Onion,No Reduction,LSTM,9,0.5391199588775635,572.3874918471556,626,192,"{""K"": 4, ""units"": 64, ""dropout"": 0.0, ""lr"": 0.001}",68.0
regression,Onion,No Reduction,MLP,0,0.5496824979782104,133.38256299681962,642,192,"{""hidden"": [32, 16], ""dropout"": 0.0, ""lr"": 0.001}",57.0
regression,Onion,No Reduction,MLP,1,0.5174503922462463,113.40095198014752,656,172,"{""hidden"": [32, 16], ""dropout"": 0.0, ""lr"": 0.001}",31.0
regression,Onion,No Reduction,MLP,2,0.4019734263420105,134.78354112198576,634,190,"{""hidden"": [128, 64], ""dropout"": 0.1, ""lr"": 0.001}",33.0
regression,Onion,No Reduction,MLP,3,0.4164466857910156,127.75776973506436,651,182,"{""hidden"": [128, 64], ""dropout"": 0.1, ""lr"": 0.001}",71.0
regression,Onion,No Reduction,MLP,4,0.4748358726501465,120.59349419595674,630,195,"{""hidden"": [64, 32], ""dropout"": 0.1, ""lr"": 0.001}",78.0
regression,Onion,No Reduction,MLP,5,0.4707146286964416,115.200252271723,634,184,"{""hidden"": [32, 16], ""dropout"": 0.1, ""lr"": 0.001}",34.0
regression,Onion,No Reduction,MLP,6,0.5240005254745483,121.39048316609114,633,192,"{""hidden"": [128, 64], ""dropout"": 0.3, ""lr"": 0.001}",67.0
regression,Onion,No Reduction,MLP,7,0.5150848627090454,113.23362846905366,647,178,"{""hidden"": [128, 64], ""dropout"": 0.2, ""lr"": 0.001}",52.0
regression,Onion,No Reduction,MLP,8,0.4195600748062134,121.58558685099706,642,183,"{""hidden"": [128, 64], ""dropout"": 0.3, ""lr"": 0.001}",34.0
regression,Onion,No Reduction,MLP,9,0.4971526861190796,132.9279980151914,626,192,"{""hidden"": [64, 32], ""dropout"": 0.1, ""lr"": 0.001}",46.0
regression,Onion,No Reduction,Mamba SSM,0,0.5120359659194946,3313.87406131404,642,192,"{""K"": 4, ""units"": 64, ""dropout"": 0.1, ""lr"": 0.001}",57.0
regression,Onion,No Reduction,Mamba SSM,1,0.505654513835907,3254.0482482489897,656,172,"{""K"": 2, ""units"": 32, ""dropout"": 0.3, ""lr"": 0.001}",44.0
regression,Onion,No Reduction,Mamba SSM,2,0.4455026984214782,3523.141675830004,634,190,"{""K"": 4, ""units"": 32, ""dropout"": 0.3, ""lr"": 0.001}",48.0
regression,Onion,No Reduction,Mamba SSM,3,0.4393848180770874,2790.74286425591,651,182,"{""K"": 2, ""units"": 32, ""dropout"": 0.0, ""lr"": 0.001}",38.0
regression,Onion,No Reduction,Mamba SSM,4,0.4937045574188232,2869.3787901040632,630,195,"{""K"": 6, ""units"": 32, ""dropout"": 0.3, ""lr"": 0.001}",41.0
regression,Onion,No Reduction,Mamba SSM,5,0.4649856090545654,2770.9372617742047,634,184,"{""K"": 2, ""units"": 64, ""dropout"": 0.2, ""lr"": 0.001}",23.0
regression,Onion,No Reduction,Mamba SSM,6,0.502548336982727,2944.301840117201,633,192,"{""K"": 6, ""units"": 64, ""dropout"": 0.2, ""lr"": 0.0003}",60.0
regression,Onion,No Reduction,Mamba SSM,7,0.507420539855957,2855.215759688057,647,178,"{""K"": 2, ""units"": 64, ""dropout"": 0.4, ""lr"": 0.001}",38.0
regression,Onion,No Reduction,Mamba SSM,8,0.4321543574333191,3143.139136019163,642,183,"{""K"": 2, ""units"": 64, ""dropout"": 0.3, ""lr"": 0.001}",48.0
regression,Onion,No Reduction,Mamba SSM,9,0.5242034196853638,3175.511006297078,626,192,"{""K"": 4, ""units"": 32, ""dropout"": 0.2, ""lr"": 0.001}",28.0
regression,Onion,No Reduction,RNN GRU,0,0.5399868488311768,668.6823107079836,642,192,"{""K"": 4, ""units"": 64, ""dropout"": 0.3, ""lr"": 0.001}",78.0
regression,Onion,No Reduction,RNN GRU,1,0.5356711149215698,679.7890579010127,656,172,"{""K"": 4, ""units"": 64, ""dropout"": 0.1, ""lr"": 0.001}",36.0
regression,Onion,No Reduction,RNN GRU,2,0.4400392770767212,716.763108791085,634,190,"{""K"": 4, ""units"": 64, ""dropout"": 0.3, ""lr"": 0.001}",74.0
regression,Onion,No Reduction,RNN GRU,3,0.3771399855613708,674.364852676983,651,182,"{""K"": 2, ""units"": 64, ""dropout"": 0.4, ""lr"": 0.001}",49.0
regression,Onion,No Reduction,RNN GRU,4,0.5284057259559631,620.9223652160726,630,195,"{""K"": 4, ""units"": 64, ""dropout"": 0.2, ""lr"": 0.001}",96.0
regression,Onion,No Reduction,RNN GRU,5,0.5015349388122559,581.7559190359898,634,184,"{""K"": 2, ""units"": 64, ""dropout"": 0.1, ""lr"": 0.001}",39.0
regression,Onion,No Reduction,RNN GRU,6,0.4866321682929992,535.9422757800203,633,192,"{""K"": 6, ""units"": 32, ""dropout"": 0.0, ""lr"": 0.001}",98.0
regression,Onion,No Reduction,RNN GRU,7,0.5287126302719116,555.2935603909427,647,178,"{""K"": 4, ""units"": 64, ""dropout"": 0.1, ""lr"": 0.001}",34.0
regression,Onion,No Reduction,RNN GRU,8,0.3818591237068176,584.2443538379157,642,183,"{""K"": 6, ""units"": 32, ""dropout"": 0.1, ""lr"": 0.001}",58.0
regression,Onion,No Reduction,RNN GRU,9,0.5249404907226562,633.3408424230292,626,192,"{""K"": 6, ""units"": 64, ""dropout"": 0.2, ""lr"": 0.001}",53.0
regression,Onion,No Reduction,Random forest,0,0.5258391200821924,10.376121886074545,730,192,"{""n_estimators"": 100, ""max_depth"": 10, ""max_features"": ""log2"", ""min_samples_split"": 10}",
regression,Onion,No Reduction,Random forest,1,0.5316327261287928,9.80278954282403,750,172,"{""n_estimators"": 100, ""max_depth"": 10, ""max_features"": ""sqrt"", ""min_samples_split"": 10}",
regression,Onion,No Reduction,Random forest,2,0.3779990943088115,9.70256323600188,732,190,"{""n_estimators"": 100, ""max_depth"": 10, ""max_features"": ""sqrt"", ""min_samples_split"": 10}",
regression,Onion,No Reduction,Random forest,3,0.4463557545669185,9.281144579872487,740,182,"{""n_estimators"": 100, ""max_depth"": 10, ""max_features"": ""log2"", ""min_samples_split"": 10}",
regression,Onion,No Reduction,Random forest,4,0.5153455086516637,9.487066444940863,727,195,"{""n_estimators"": 100, ""max_depth"": 10, ""max_features"": ""sqrt"", ""min_samples_split"": 10}",
regression,Onion,No Reduction,Random forest,5,0.5113725517424823,9.590161113999784,738,184,"{""n_estimators"": 100, ""max_depth"": 10, ""max_features"": ""sqrt"", ""min_samples_split"": 10}",
regression,Onion,No Reduction,Random forest,6,0.5199679775956592,8.516730770934373,730,192,"{""n_estimators"": 100, ""max_depth"": 10, ""max_features"": ""log2"", ""min_samples_split"": 10}",
regression,Onion,No Reduction,Random forest,7,0.572147021943442,8.592932256869972,744,178,"{""n_estimators"": 100, ""max_depth"": 10, ""max_features"": ""sqrt"", ""min_samples_split"": 10}",
regression,Onion,No Reduction,Random forest,8,0.3122378341899845,10.05279263202101,739,183,"{""n_estimators"": 100, ""max_depth"": 10, ""max_features"": ""sqrt"", ""min_samples_split"": 10}",
regression,Onion,No Reduction,Random forest,9,0.5022646025045485,8.766321951989084,730,192,"{""n_estimators"": 100, ""max_depth"": 10, ""max_features"": ""log2"", ""min_samples_split"": 10}",
regression,Onion,No Reduction,TabPFN,0,0.547099232673645,94.13314099283888,730,192,"{""model"": ""tabpfn-v3-default""}",
regression,Onion,No Reduction,TabPFN,1,0.5192123651504517,94.2043538619764,750,172,"{""model"": ""tabpfn-v3-default""}",
regression,Onion,No Reduction,TabPFN,2,0.4401754140853882,94.2636543228291,732,190,"{""model"": ""tabpfn-v3-default""}",
regression,Onion,No Reduction,TabPFN,3,0.425425112247467,94.046368598938,740,182,"{""model"": ""tabpfn-v3-default""}",
regression,Onion,No Reduction,TabPFN,4,0.50775545835495,93.29883756581694,727,195,"{""model"": ""tabpfn-v3-default""}",
regression,Onion,No Reduction,TabPFN,5,0.4897295832633972,94.46833222638816,738,184,"{""model"": ""tabpfn-v3-default""}",
regression,Onion,No Reduction,TabPFN,6,0.4807739853858948,94.82962404889986,730,192,"{""model"": ""tabpfn-v3-default""}",
regression,Onion,No Reduction,TabPFN,7,0.4942076206207275,94.27402796596289,744,178,"{""model"": ""tabpfn-v3-default""}",
regression,Onion,No Reduction,TabPFN,8,0.3937322497367859,94.720475026872,739,183,"{""model"": ""tabpfn-v3-default""}",
regression,Onion,No Reduction,TabPFN,9,0.5129392147064209,94.6885168622248,730,192,"{""model"": ""tabpfn-v3-default""}",
regression,Onion,No Reduction,k-NN,0,0.5031569600105286,0.059986475855112,730,192,"{""n_neighbors"": 5, ""weights"": ""uniform"", ""metric"": ""euclidean""}",
regression,Onion,No Reduction,k-NN,1,0.4912676215171814,0.0601374879479408,750,172,"{""n_neighbors"": 5, ""weights"": ""uniform"", ""metric"": ""euclidean""}",
regression,Onion,No Reduction,k-NN,2,0.395285427570343,0.0727113191969692,732,190,"{""n_neighbors"": 5, ""weights"": ""uniform"", ""metric"": ""euclidean""}",
regression,Onion,No Reduction,k-NN,3,0.39077228307724,0.0581658971495926,740,182,"{""n_neighbors"": 7, ""weights"": ""uniform"", ""metric"": ""euclidean""}",
regression,Onion,No Reduction,k-NN,4,0.471407949924469,0.0686019351705908,727,195,"{""n_neighbors"": 7, ""weights"": ""uniform"", ""metric"": ""euclidean""}",
regression,Onion,No Reduction,k-NN,5,0.4903799891471863,0.0701038613915443,738,184,"{""n_neighbors"": 7, ""weights"": ""uniform"", ""metric"": ""euclidean""}",
regression,Onion,No Reduction,k-NN,6,0.5364012122154236,0.0710530108772218,730,192,"{""n_neighbors"": 7, ""weights"": ""uniform"", ""metric"": ""euclidean""}",
regression,Onion,No Reduction,k-NN,7,0.5644818544387817,0.0693714930675923,744,178,"{""n_neighbors"": 7, ""weights"": ""uniform"", ""metric"": ""euclidean""}",
regression,Onion,No Reduction,k-NN,8,0.3270302414894104,0.0760946730151772,739,183,"{""n_neighbors"": 7, ""weights"": ""uniform"", ""metric"": ""euclidean""}",
regression,Onion,No Reduction,k-NN,9,0.5210369825363159,0.0695038340054452,730,192,"{""n_neighbors"": 7, ""weights"": ""uniform"", ""metric"": ""euclidean""}",
regression,Onion,PCA,Decision tree,0,0.4886506346709094,0.2930943430401385,730,192,"{""max_depth"": 4, ""min_samples_split"": 5}",
regression,Onion,PCA,Decision tree,1,0.4012496897792535,0.3089288678020239,750,172,"{""max_depth"": 5, ""min_samples_split"": 5}",
regression,Onion,PCA,Decision tree,2,0.3509069664169398,0.3035179120488465,732,190,"{""max_depth"": 5, ""min_samples_split"": 20}",
regression,Onion,PCA,Decision tree,3,0.3094971794346609,0.3083085617981851,740,182,"{""max_depth"": 5, ""min_samples_split"": 20}",
regression,Onion,PCA,Decision tree,4,0.4969112561928265,0.29945421917364,727,195,"{""max_depth"": 5, ""min_samples_split"": 20}",
regression,Onion,PCA,Decision tree,5,0.4882362182393747,0.4569209460169077,738,184,"{""max_depth"": 5, ""min_samples_split"": 20}",
regression,Onion,PCA,Decision tree,6,0.3456920200758917,0.25500104483217,730,192,"{""max_depth"": 5, ""min_samples_split"": 5}",
regression,Onion,PCA,Decision tree,7,0.2611725055414159,0.2801913381554186,744,178,"{""max_depth"": 5, ""min_samples_split"": 20}",
regression,Onion,PCA,Decision tree,8,0.1893561775245184,0.3162217461504042,739,183,"{""max_depth"": 5, ""min_samples_split"": 10}",
regression,Onion,PCA,Decision tree,9,0.4727550736019733,0.3058704580180347,730,192,"{""max_depth"": 5, ""min_samples_split"": 20}",
regression,Onion,PCA,LSTM,0,0.5102019309997559,688.1771886898205,642,192,"{""K"": 6, ""units"": 64, ""dropout"": 0.2, ""lr"": 0.001}",53.0
regression,Onion,PCA,LSTM,1,0.5183529853820801,614.369540563086,656,172,"{""K"": 4, ""units"": 32, ""dropout"": 0.4, ""lr"": 0.001}",70.0
regression,Onion,PCA,LSTM,2,0.4562793374061584,550.7140549030155,634,190,"{""K"": 4, ""units"": 64, ""dropout"": 0.1, ""lr"": 0.001}",73.0
regression,Onion,PCA,LSTM,3,0.4117277264595032,558.7360680939164,651,182,"{""K"": 4, ""units"": 64, ""dropout"": 0.1, ""lr"": 0.001}",86.0
regression,Onion,PCA,LSTM,4,0.535237193107605,534.733164743986,630,195,"{""K"": 4, ""units"": 64, ""dropout"": 0.3, ""lr"": 0.001}",70.0
regression,Onion,PCA,LSTM,5,0.4941474795341491,553.6968077479396,634,184,"{""K"": 2, ""units"": 32, ""dropout"": 0.2, ""lr"": 0.001}",39.0
regression,Onion,PCA,LSTM,6,0.4899466633796692,488.7042346671224,633,192,"{""K"": 4, ""units"": 64, ""dropout"": 0.3, ""lr"": 0.001}",36.0
regression,Onion,PCA,LSTM,7,0.522360622882843,547.8354944018647,647,178,"{""K"": 2, ""units"": 64, ""dropout"": 0.2, ""lr"": 0.001}",34.0
regression,Onion,PCA,LSTM,8,0.4019932746887207,525.887773251161,642,183,"{""K"": 6, ""units"": 64, ""dropout"": 0.2, ""lr"": 0.001}",57.0
regression,Onion,PCA,LSTM,9,0.5389282703399658,548.6466352390125,626,192,"{""K"": 6, ""units"": 64, ""dropout"": 0.0, ""lr"": 0.001}",49.0
regression,Onion,PCA,MLP,0,0.529704213142395,185.6392531739548,642,192,"{""hidden"": [128, 64], ""dropout"": 0.0, ""lr"": 0.001}",32.0
regression,Onion,PCA,MLP,1,0.5227056741714478,187.94063932774588,656,172,"{""hidden"": [128, 64], ""dropout"": 0.3, ""lr"": 0.001}",58.0
regression,Onion,PCA,MLP,2,0.38615483045578,183.8510956661776,634,190,"{""hidden"": [128, 64], ""dropout"": 0.2, ""lr"": 0.001}",48.0
regression,Onion,PCA,MLP,3,0.4483874440193176,178.4044372010976,651,182,"{""hidden"": [128, 64], ""dropout"": 0.2, ""lr"": 0.001}",37.0
regression,Onion,PCA,MLP,4,0.5079273581504822,164.9556674710475,630,195,"{""hidden"": [128, 64], ""dropout"": 0.2, ""lr"": 0.001}",50.0
regression,Onion,PCA,MLP,5,0.4986629486083984,167.64220407698303,634,184,"{""hidden"": [128, 64], ""dropout"": 0.1, ""lr"": 0.001}",40.0
regression,Onion,PCA,MLP,6,0.5171993374824524,172.9140396011062,633,192,"{""hidden"": [128, 64], ""dropout"": 0.1, ""lr"": 0.001}",83.0
regression,Onion,PCA,MLP,7,0.5005770921707153,154.30172010697424,647,178,"{""hidden"": [128, 64], ""dropout"": 0.3, ""lr"": 0.001}",71.0
regression,Onion,PCA,MLP,8,0.3865296244621277,168.00154806813225,642,183,"{""hidden"": [64, 32], ""dropout"": 0.2, ""lr"": 0.001}",63.0
regression,Onion,PCA,MLP,9,0.5258607268333435,182.37524524936453,626,192,"{""hidden"": [32, 16], ""dropout"": 0.1, ""lr"": 0.001}",112.0
regression,Onion,PCA,Mamba SSM,0,0.529329776763916,2640.4962128800107,642,192,"{""K"": 4, ""units"": 64, ""dropout"": 0.1, ""lr"": 0.0003}",33.0
regression,Onion,PCA,Mamba SSM,1,0.5019118189811707,2951.419072534074,656,172,"{""K"": 6, ""units"": 64, ""dropout"": 0.2, ""lr"": 0.001}",28.0
regression,Onion,PCA,Mamba SSM,2,0.4335281252861023,2596.8965326710604,634,190,"{""K"": 4, ""units"": 64, ""dropout"": 0.0, ""lr"": 0.001}",27.0
regression,Onion,PCA,Mamba SSM,3,0.4537054896354675,2507.5353467379464,651,182,"{""K"": 4, ""units"": 64, ""dropout"": 0.3, ""lr"": 0.001}",25.0
regression,Onion,PCA,Mamba SSM,4,0.5314637422561646,2666.599095683079,630,195,"{""K"": 4, ""units"": 32, ""dropout"": 0.2, ""lr"": 0.0003}",44.0
regression,Onion,PCA,Mamba SSM,5,0.5093652009963989,2218.8221176778898,634,184,"{""K"": 4, ""units"": 64, ""dropout"": 0.2, ""lr"": 0.001}",45.0
regression,Onion,PCA,Mamba SSM,6,0.4607277512550354,2543.538096314762,633,192,"{""K"": 4, ""units"": 64, ""dropout"": 0.1, ""lr"": 0.001}",36.0
regression,Onion,PCA,Mamba SSM,7,0.4768548011779785,2352.6996179050766,647,178,"{""K"": 2, ""units"": 32, ""dropout"": 0.2, ""lr"": 0.001}",29.0
regression,Onion,PCA,Mamba SSM,8,0.3332060575485229,2618.9806904341094,642,183,"{""K"": 2, ""units"": 64, ""dropout"": 0.3, ""lr"": 0.001}",39.0
regression,Onion,PCA,Mamba SSM,9,0.506920576095581,2609.4784053298645,626,192,"{""K"": 2, ""units"": 32, ""dropout"": 0.2, ""lr"": 0.001}",38.0
regression,Onion,PCA,RNN GRU,0,0.5317442417144775,708.5928751740139,642,192,"{""K"": 2, ""units"": 64, ""dropout"": 0.1, ""lr"": 0.001}",34.0
regression,Onion,PCA,RNN GRU,1,0.516563892364502,651.7938515020069,656,172,"{""K"": 4, ""units"": 64, ""dropout"": 0.3, ""lr"": 0.001}",58.0
regression,Onion,PCA,RNN GRU,2,0.4452856183052063,719.3554135219892,634,190,"{""K"": 6, ""units"": 64, ""dropout"": 0.1, ""lr"": 0.001}",45.0
regression,Onion,PCA,RNN GRU,3,0.4613390564918518,706.1990061770193,651,182,"{""K"": 4, ""units"": 64, ""dropout"": 0.2, ""lr"": 0.001}",64.0
regression,Onion,PCA,RNN GRU,4,0.5368664860725403,636.8040067109978,630,195,"{""K"": 4, ""units"": 64, ""dropout"": 0.2, ""lr"": 0.001}",70.0
regression,Onion,PCA,RNN GRU,5,0.5014389157295227,580.8735161200166,634,184,"{""K"": 4, ""units"": 64, ""dropout"": 0.1, ""lr"": 0.001}",65.0
regression,Onion,PCA,RNN GRU,6,0.5113003253936768,577.2489082530374,633,192,"{""K"": 6, ""units"": 64, ""dropout"": 0.3, ""lr"": 0.001}",83.0
regression,Onion,PCA,RNN GRU,7,0.4798998236656189,606.2139097499894,647,178,"{""K"": 4, ""units"": 64, ""dropout"": 0.2, ""lr"": 0.001}",29.0
regression,Onion,PCA,RNN GRU,8,0.4151055216789245,611.77373721404,642,183,"{""K"": 2, ""units"": 64, ""dropout"": 0.1, ""lr"": 0.001}",45.0
regression,Onion,PCA,RNN GRU,9,0.5281241536140442,699.7987810550258,626,192,"{""K"": 2, ""units"": 32, ""dropout"": 0.1, ""lr"": 0.001}",41.0
regression,Onion,PCA,Random forest,0,0.5444802162124045,9.504209700971842,730,192,"{""n_estimators"": 100, ""max_depth"": 5, ""max_features"": ""sqrt"", ""min_samples_split"": 2}",
regression,Onion,PCA,Random forest,1,0.491693614513894,10.898237326182423,750,172,"{""n_estimators"": 100, ""max_depth"": 5, ""max_features"": ""sqrt"", ""min_samples_split"": 5}",
regression,Onion,PCA,Random forest,2,0.3641828386579177,11.03409350803122,732,190,"{""n_estimators"": 100, ""max_depth"": 10, ""max_features"": ""sqrt"", ""min_samples_split"": 10}",
regression,Onion,PCA,Random forest,3,0.4155669295657292,9.689013863913717,740,182,"{""n_estimators"": 100, ""max_depth"": 10, ""max_features"": ""sqrt"", ""min_samples_split"": 10}",
regression,Onion,PCA,Random forest,4,0.5000338246424039,10.842217350844294,727,195,"{""n_estimators"": 100, ""max_depth"": 10, ""max_features"": ""sqrt"", ""min_samples_split"": 10}",
regression,Onion,PCA,Random forest,5,0.5287145331213566,10.682096526958048,738,184,"{""n_estimators"": 100, ""max_depth"": 5, ""max_features"": ""sqrt"", ""min_samples_split"": 10}",
regression,Onion,PCA,Random forest,6,0.4974255367590532,9.615483425091952,730,192,"{""n_estimators"": 100, ""max_depth"": 5, ""max_features"": ""sqrt"", ""min_samples_split"": 10}",
regression,Onion,PCA,Random forest,7,0.5027178375323107,10.942689070943745,744,178,"{""n_estimators"": 100, ""max_depth"": 5, ""max_features"": ""sqrt"", ""min_samples_split"": 10}",
regression,Onion,PCA,Random forest,8,0.3381291626800945,11.01278284424916,739,183,"{""n_estimators"": 100, ""max_depth"": 5, ""max_features"": ""sqrt"", ""min_samples_split"": 10}",
regression,Onion,PCA,Random forest,9,0.5293476474901476,10.868832170031965,730,192,"{""n_estimators"": 100, ""max_depth"": 5, ""max_features"": ""sqrt"", ""min_samples_split"": 10}",
regression,Onion,PCA,TabPFN,0,0.5650941729545593,29.574936212040484,730,192,"{""model"": ""tabpfn-v3-default""}",
regression,Onion,PCA,TabPFN,1,0.530722439289093,29.68908257689327,750,172,"{""model"": ""tabpfn-v3-default""}",
regression,Onion,PCA,TabPFN,2,0.4384536743164062,29.61760468687862,732,190,"{""model"": ""tabpfn-v3-default""}",
regression,Onion,PCA,TabPFN,3,0.4359965920448303,30.26604193309322,740,182,"{""model"": ""tabpfn-v3-default""}",
regression,Onion,PCA,TabPFN,4,0.5110572576522827,29.454257506877184,727,195,"{""model"": ""tabpfn-v3-default""}",
regression,Onion,PCA,TabPFN,5,0.5089110732078552,30.791556113865227,738,184,"{""model"": ""tabpfn-v3-default""}",
regression,Onion,PCA,TabPFN,6,0.4879324436187744,30.59512042393908,730,192,"{""model"": ""tabpfn-v3-default""}",
regression,Onion,PCA,TabPFN,7,0.5095864534378052,30.082306444179267,744,178,"{""model"": ""tabpfn-v3-default""}",
regression,Onion,PCA,TabPFN,8,0.3935182094573974,29.91508898604661,739,183,"{""model"": ""tabpfn-v3-default""}",
regression,Onion,PCA,TabPFN,9,0.5239938497543335,29.96399637730792,730,192,"{""model"": ""tabpfn-v3-default""}",
regression,Onion,PCA,k-NN,0,0.4805346131324768,0.0767096020281314,730,192,"{""n_neighbors"": 5, ""weights"": ""uniform"", ""metric"": ""euclidean""}",
regression,Onion,PCA,k-NN,1,0.5165917277336121,0.0789597458206117,750,172,"{""n_neighbors"": 7, ""weights"": ""uniform"", ""metric"": ""euclidean""}",
regression,Onion,PCA,k-NN,2,0.3476089835166931,0.0821306686848402,732,190,"{""n_neighbors"": 7, ""weights"": ""uniform"", ""metric"": ""euclidean""}",
regression,Onion,PCA,k-NN,3,0.4023597836494446,0.0767243620939552,740,182,"{""n_neighbors"": 7, ""weights"": ""uniform"", ""metric"": ""euclidean""}",
regression,Onion,PCA,k-NN,4,0.4677482843399048,0.0757464417256414,727,195,"{""n_neighbors"": 7, ""weights"": ""uniform"", ""metric"": ""euclidean""}",
regression,Onion,PCA,k-NN,5,0.4991224408149719,0.0839201570488512,738,184,"{""n_neighbors"": 7, ""weights"": ""uniform"", ""metric"": ""euclidean""}",
regression,Onion,PCA,k-NN,6,0.5476027727127075,0.0772876078262925,730,192,"{""n_neighbors"": 7, ""weights"": ""uniform"", ""metric"": ""euclidean""}",
regression,Onion,PCA,k-NN,7,0.5657984018325806,0.0879937801510095,744,178,"{""n_neighbors"": 7, ""weights"": ""uniform"", ""metric"": ""euclidean""}",
regression,Onion,PCA,k-NN,8,0.3410332798957824,0.0765588809736073,739,183,"{""n_neighbors"": 7, ""weights"": ""uniform"", ""metric"": ""euclidean""}",
regression,Onion,PCA,k-NN,9,0.5212804675102234,0.1278025060892105,730,192,"{""n_neighbors"": 7, ""weights"": ""uniform"", ""metric"": ""euclidean""}",
